,prediction,ground_truth
0,"The molecule is an amino trisaccharide comprised of a glucuronic acid residue between two N-acetylated galactosamine residues, both of which are sulfated on O-4. It is an intermediate in the dermatan sulfate degradation pathway. It has a role as a mouse metabolite. It is an amino trisaccharide and an oligosaccharide sulfate.","The molecule is an amino tetrasaccharide comprised of an L-iduronic acid residue, sulfated on O-2, a glucuronic acid residue, and two N-acetylated galactosamine residues, one of which is at the reducing end and both of which are sulfated on O-4. It is an intermediate in the chondroitin sulfate degradation pathway. It has a role as a mouse metabolite."
1,The molecule is the alpha-amino-acid cation formed from carboxynorspermidine by cation formation between the carboxy and alpha-amino groups and protonation of the nitrogen atoms at positions 5 and 9; the major structure of carboxynorspermidine at pH 7.3. It is a conjugate acid of a carboxynorspermidine.,"The molecule is the non-proteinogenic L-alpha-amino acid that is norspermidine (1,5,9-triazanonane) carboxylated with S-configuration at the 2-position. It is a conjugate base of a carboxynorspermidine(2+). It derives from a hydride of a bis(3-aminopropyl)amine."
2,The molecule is an (omega-1)-hydroxy fatty acid ascaroside obtained by formal condensation of the alcoholic hydroxy group of (5R)-5-hydroxyhexanoic acid with ascarylopyranose (the alpha anomer). It is a metabolite of the nematodes Caenorhabditis elegans and Pristionchus pacificus. It has a role as a Caenorhabditis elegans metabolite. It is a monocarboxylic acid and an (omega-1)-hydroxy fatty acid ascaroside. It derives from a (5R)-5-hydroxyhexanoic acid. It is a conjugate acid of an ascr#12(1-).,The molecule is an (omega-1)-hydroxy fatty acid ascaroside obtained by formal condensation of the alcoholic hydroxy group of (4R)-4-hydroxypentanoic acid with ascarylopyranose (the alpha anomer). It is a metabolite of the nematodes Caenorhabditis elegans and Pristionchus pacificus. It has a role as a Caenorhabditis elegans metabolite. It is a monocarboxylic acid and an (omega-1)-hydroxy fatty acid ascaroside. It derives from a (4R)-4-hydroxypentanoic acid. It is a conjugate acid of an ascr#9(1-).
3,"The molecule is a neolignan isolated from the whole plant of Bidens parviflora that has been found to inhibit histamine release from the peritoneal exudate mast cells induced by antigen-antibody reaction. It has a role as a metabolite and a histamine antagonist. It is a member of phenols, an aromatic ether, a beta-D-glucoside, a primary alcohol, a beta-hydroxy ketone, a secondary alcohol, a neolignan and an aromatic ketone.","The molecule is a neolignan isolated from the whole plant of Bidens parviflora that has been found to inhibit histamine release from the peritoneal exudate mast cells induced by antigen-antibody reaction. It has a role as a metabolite and a histamine antagonist. It is a beta-D-glucoside, an aromatic ether, a neolignan, a polyphenol, a diol and a secondary alcohol."
4,"The molecule is a 3-hydroxy fatty acyl-CoA(4-) obtained by deprotonation of the phosphate and diphosphate OH groups of (3R,13Z,16Z,19Z,22Z,25Z)-3-hydroxyoctacosapentaenoyl-CoA; major species at pH 7.3. It is a (R)-3-hydroxyacyl-CoA(4-), a 3-hydroxy fatty acyl-CoA(4-) and an 11,12-saturated fatty acyl-CoA(4-). It is a conjugate acid of a (3R,13Z,16Z,19Z,22Z,25Z)-3-hydroxyoctacosapentaenoyl-CoA.","The molecule is an unsaturated fatty acyl-CoA that results from the formal condensation of the thiol group of coenzyme A with the carboxy group of (3R,13Z,16Z,19Z,22Z,25Z)-3-hydroxyoctacosapentaenoic acid. It is a (R)-3-hydroxyacyl-CoA, a 3-hydroxy fatty acyl-CoA, an unsaturated fatty acyl-CoA and an ultra-long-chain fatty acyl-CoA. It is a conjugate acid of a (3R,13Z,16Z,19Z,22Z,25Z)-3-hydroxyoctacosapentaenoyl-CoA(4-)."
5,"The molecule is an acetophenone substituted by a sulfooxy group at position 2 and by a hydroxy group at position 4. It has a role as a mouse metabolite. It is a member of acetophenones, an aryl sulfate and a member of phenols.","The molecule is a phenyl sulfate oxoanion that is the conjugate base of 4-acetylphenyl hydrogen sulfate, obtained by deprotonation of the sulfo group; major species at pH 7.3. It is a conjugate base of a 4-acetylphenyl hydrogen sulfate."
6,"The molecule is a purine 2'-deoxyribonucleoside 5'-monophosphate having guanine as the nucleobase. It has a role as an Escherichia coli metabolite and a mouse metabolite. It is a purine 2'-deoxyribonucleoside 5'-monophosphate, a guanyl deoxyribonucleotide and a deoxyguanosine phosphate. It is a conjugate acid of a 2'-deoxyguanosine 5'-monophosphate(2-). It is an enantiomer of a 9-(2-deoxy-5-O-phosphono-beta-L-ribofuranosyl)guanine. It is a tautomer of a 2-amino-9-(2-deoxy-5-O-phosphono-beta-D-erythro-pentofuranosyl)-9H-purin-6-ol.",The molecule is a 2'-deoxyribonucleoside 5'-monophosphate(2-) obtained by deprotonation of the phosphate OH groups of 2'-deoxyguanosine 5'-monophosphate (dGMP). It has a role as a human metabolite and a Saccharomyces cerevisiae metabolite. It is a 2'-deoxynucleoside 5'-monophosphate(2-) and a purine 2'-deoxyribonucleoside 5'-phosphate(2-). It is a conjugate base of a 2'-deoxyguanosine 5'-monophosphate.
7,"The molecule is a 32-membered macrolide antibiotic isolated from the fermentation broth of Nocardia brasiliensis. It exhibits antifungal and immunosuppressive activity. It has a role as a metabolite, an immunosuppressive agent and an antifungal agent. It is a macrolide antibiotic, a malonate ester, a deoxy hexoside and an epoxide.","The molecule is a 32-membered macrolide antibiotic isolated from the fermentation broth of Nocardia brasiliensis. It exhibits antifungal activity. It has a role as a metabolite and an antifungal agent. It is an epoxide, a deoxy hexoside, a macrolide antibiotic and a methyl ester."
8,"The molecule is an organophosphate oxocation arising from deprotonation of the carboxy and phosphate OH groups of 7-phospho-2-dehydro-3-deoxy-D-arabino-heptonic acid; major species at pH 7.3. It has a role as a Saccharomyces cerevisiae metabolite. It is an organophosphate oxocation, a carbohydrate acid derivative cation and a monocarboxylic acid cation. It is a conjugate acid of a 7-phospho-2-dehydro-3-deoxy-D-arabino-heptonic acid.",The molecule is a ketoaldonic acid phosphate consisting of 2-dehydro-3-deoxy-D-arabino-heptonic acid having a phospho group at the 7-position. It has a role as an Escherichia coli metabolite. It is a conjugate acid of a 7-phospho-2-dehydro-3-deoxy-D-arabino-heptonate.
9,The molecule is an ammonium ion resulting from the protonation of the nitrogen atom of iminodiacetate. The major species at pH 7.3. It is an ammonium ion derivative and a dicarboxylic acid dication. It is a conjugate acid of an iminodiacetate.,"The molecule is an amino dicarboxylic acid that is glycine in which one of the hydrogens attached to the nitrogen is substituted by a carboxymethyl group. It has a role as a chelator. It is a glycine derivative, an amino dicarboxylic acid and a non-proteinogenic alpha-amino acid. It is a conjugate acid of an iminodiacetate."
10,The molecule is a monocarboxylic acid cation that is obtained by removal of a proton from the carboxylic acid group of difluoroacetic acid. It is a monocarboxylic acid cation and an organofluorine compound. It derives from an acetate. It is a conjugate acid of a difluoroacetic acid.,The molecule is a monocarboxylic acid that is acetic acid in which two of the methyl hydrogens are substituted by fluorines. It is a monocarboxylic acid and an organofluorine compound. It derives from an acetic acid. It is a conjugate acid of a difluoroacetate.
11,"The molecule is a tertiary amine that is a substituted phenothiazine in which the ring nitrogen at position 10 is attached to C-3 of an N,N-dimethylpropan-2-amine moiety. It has a role as a H1-receptor antagonist, a sedative, an antiemetic, a local anaesthetic, an antipruritic drug, an anti-allergic agent and an anticoronaviral agent. It is a member of phenothiazines and a tertiary amine. It is a conjugate acid of a promethazine(1+).","The molecule is a member of the class of phenothiazines that is 10H-phenothiazine substituted by a (2R)-3-(dimethylamino)-2-methylpropyl group and a methoxy group at positions 10 and 2 respectively. It has a role as a phenothiazine antipsychotic drug, a dopaminergic antagonist, a serotonergic antagonist, a cholinergic antagonist, a non-narcotic analgesic, an EC 3.4.21.26 (prolyl oligopeptidase) inhibitor and an anticoronaviral agent. It is a member of phenothiazines and a tertiary amine. It derives from a hydride of a 10H-phenothiazine."
12,"The molecule is a carboxylic ester resulting from the formal condensation of the carboxy group of (2S)-3-hydroxy-2-phenylpropanoic acid with the hydroxy group of (3-endo)-8-(4-butoxybenzyl)-3-hydroxy-8-methyl-8-azoniabicyclo[3.2.1]octane. Its bromide salt is used as an antispasmodic drug. It has a role as a muscarinic antagonist and an antispasmodic drug. It is an aromatic ether, a carboxylic ester, a quaternary ammonium ion and a bridged compound.","The molecule is an organic bromide salt of butropium. It is a drug which suppresses spasm of smooth muscles of internal organs, inhibits gastric acid secretion and relieves abdominal pain. It is used in the treatment of spasmodic pains associated with gastritis, gastric ulcers and cholelithiasis. It has a role as an antispasmodic drug and a muscarinic antagonist. It is an organic bromide salt and a quaternary ammonium salt. It contains a butropium."
13,The molecule is a nucleoside analogue obtained by formal cyclodimerisation of 2'-deoxycytidine and thymidine. It has a role as a Mycoplasma genitalium metabolite. It is a cyclobutadipyrimidine and a nucleoside analogue.,The molecule is a nucleoside analogue obtained by formal cyclodimerisation of 2'-deoxycytidine. It has a role as a Mycoplasma genitalium metabolite. It is a cyclobutadipyrimidine and a nucleoside analogue.
14,The molecule is uDP-N-acetylmuramoyl-L-alanyl-gamma-D-glutamyl-L-lysyl-D-alanyl-D-alaninate(3-) in which the anomeric centre of the pyranose fragment has alpha-configuration. It is a conjugate acid of an UDP-N-acetyl-alpha-D-muramoyl-L-alanyl-gamma-D-glutamyl-L-lysyl-D-alanyl-D-alanine.,The molecule is uDP-N-acetylmuramoyl-L-alanyl-gamma-D-glutamyl-L-lysyl-D-alanyl-D-alaninate(3-) in which the anomeric centre of the pyranose fragment has alpha-configuration. It is a conjugate acid of an UDP-N-acetyl-alpha-D-muramoyl-L-alanyl-gamma-D-glutamyl-L-lysyl-D-alanyl-D-alaninate(3-).
15,"The molecule is hexanoic acid with four hydroxy groups at C-3, C-4, C-5, C-6, and an amino group at C-2. It has a role as a bacterial metabolite. It derives from a D-gluconic acid. It is a conjugate acid of a 2-amino-2-deoxy-D-gluconate. It is a tautomer of a 2-amino-2-deoxy-D-gluconic acid cation.",The molecule is a monocarboxylic acid anion resulting from the removal of a proton from the carboxy group of 2-amino-2-deoxy-D-gluconic acid. It has a role as a bacterial metabolite. It is a carbohydrate acid derivative anion and a monocarboxylic acid anion. It derives from a D-gluconate. It is a conjugate base of a 2-amino-2-deoxy-D-gluconic acid and a 2-amino-2-deoxy-D-gluconic acid zwitterion.
16,"The molecule is a heptasaccharide consisting of two alpha-maltotriose units linked (1->6), with a further alpha-D-glucose unit linked to O-6 of the glucose residue at the non-reducing end. It derives from an alpha-maltotriose.",The molecule is a cyclic tetrasaccharide constructed from four alpha-glucopyranosyl residues joined by alternate alpha-(1->6)- and alpha-(1->3)-linkages. It is a macrocycle and a tetrasaccharide. It derives from a nigerose and an isomaltose.
17,"The molecule is a steroid sulfate oxocation that is the conjugate acid of androsterone sulfate, obtained by deprotonation of the sulfo group; major species at pH 7.3. It is a conjugate acid of an androsterone sulfate.","The molecule is a steroid sulfate that is the 3-sulfate of androsterone. It has a role as a human metabolite and a mouse metabolite. It is a 17-oxo steroid, a steroid sulfate and an androstanoid. It derives from an androsterone. It is a conjugate acid of an androsterone sulfate(1-). It derives from a hydride of a 5alpha-androstane."
18,The molecule is an acyl-CoA oxocation that results from the removal of four protons from the phosphate groups of fluoroacetyl-CoA. Protonated to pH 7.3. It is a conjugate acid of a fluoroacetyl-CoA.,The molecule is an acyl-CoA that results from the formal condensation of the thiol group of Co-A with the carboxylic acid group of fluoroacetic acid. It derives from a fluoroacetic acid. It is a conjugate acid of a fluoroacetyl-CoA(4-).
19,"The molecule is a diphenylethane that is 1,2-dihydrostilbene substituted by hydroxy groups at positions 3, 3' and 5. It has a role as a plant metabolite. It is a member of resorcinols, a polyphenol and a diphenylethane. It derives from a hydride of a 1,2-dihydrostilbene.",The molecule is a member of the class of resorcinols carrying an additional 2-phenylethyl substituent at position 5. It has a role as an EC 1.14.18.1 (tyrosinase) inhibitor and a plant metabolite. It is a member of resorcinols and a diphenylethane.
20,"The molecule is a member of the class of furans that is furan in which the hydrogen atom at position 2 has been replaced by an ethyl group. It has a role as a plant metabolite, a fragrance, a Maillard reaction product and a bacterial metabolite. It is a member of furans and a volatile organic compound. It derives from a furan.",The molecule is a furan bearing a hydroxymethyl substituent at the 2-position. It has a role as a Maillard reaction product. It is a primary alcohol and a member of furans.
21,"The molecule is a DHET obtained by formal dihydroxylation across the 8,9-double bond of arachidonic acid. It has a role as a mouse metabolite. It is a DHET, a secondary allylic alcohol and a diol. It is a conjugate acid of a (5Z,11Z,14Z)-8,9-dihydroxyicosatrienoate.","The molecule is a polyunsaturated fatty acid anion that is the conjugate base of (5Z,11Z,14Z)-8,9-dihydroxyicosatrienoic acid, obtained by deprotonation of the carboxy group; major species at pH 7.3. It is a hydroxy fatty acid anion, an icosanoid anion, a long-chain fatty acid anion and a polyunsaturated fatty acid anion. It is a conjugate base of a (5Z,11Z,14Z)-8,9-dihydroxyicosatrienoic acid."
22,"The molecule is a bile acid cation that is the conjugate acid of 7alpha-hydroxy-3-oxo-5beta-cholan-24-oic acid, obtained by deprotonation of the carboxy group; major species at pH 7.3. It is a conjugate acid of a 7alpha-hydroxy-3-oxo-5beta-cholan-24-oic acid.","The molecule is a bile acid that is 5alpha-cholan-24-oic acid carrying an oxo group at position 3 and a hydroxy group at position 7beta. It is a bile acid, a 3-oxo-5alpha-steroid, a 7beta-hydroxy steroid and a member of 5alpha-cholanic acids."
23,"The molecule is a morphinane alkaloid that is morphine bearing two acetyl substituents on the O-3 and O-6 positions. As with other opioids, heroin is used as both an analgesic and a recreational drug. Frequent and regular administration is associated with tolerance and physical dependence, which may develop into addiction. Its use includes treatment for acute pain, such as in severe physical trauma, myocardial infarction, post-surgical pain, and chronic pain, including end-stage cancer and other terminal illnesses. It has a role as an opioid analgesic, a mu-opioid receptor agonist and a prodrug. It derives from a morphine.","The molecule is the 3-O-benzyl and 6-myristyl derivative of morphine, for which it is a prodrug. Myrophine is almost invariably used as the hydrochloride. It has a role as a prodrug and an opioid analgesic. It is a benzyl ether and a tetradecanoate ester. It derives from a morphine."
24,The molecule is an organic sodium salt resulting from the replacement of the protons from the carboxy groups of fumaric acid by sodium ions. It has a role as a food acidity regulator. It contains a fumarate(2-).,"The molecule is an organic sodium salt resulting from the replacement of the proton from the 3-hydroxy group of ferulic acid by a sodium ion. It has a role as a plant metabolite, an antioxidant, a MALDI matrix material, an anti-inflammatory agent, an apoptosis inhibitor and a cardioprotective agent. It contains a ferulate."
25,The molecule is a 3-oxo Delta(5)-steroid that is cholesterol in which the alcoholic hydroxy group has been oxidised to the corresponding ketone. It has a role as a metabolite. It is a 3-oxo-Delta(5)-steroid and a cholestanoid.,"The molecule is a member of the class of caprolactams resulting from the Beckmann rearrangement of the oxime derivative of cholest-4-en-3-one. It is a member of caprolactams, an organic heterotetracyclic compound and a semisynthetic derivative."
26,"The molecule is enalapril in which the ethyl ester group has been hydrolysed to the corresponding carboxylic acid. Enalaprilat is an angiotensin-converting enzyme (ACE) inhibitor and is used (often in the form of its prodrug, enalapril) in the treatment of hypertension and heart failure, for reduction of proteinuria and renal disease in patients with nephropathies, and for the prevention of stroke, myocardial infarction, and cardiac death in high-risk patients. Unlike enalapril, enalaprilat is not absorbed by mouth but is given by intravenous injection, usually as the dihydrate. It has a role as an EC 3.4.15.1 (peptidyl-dipeptidase A) inhibitor and an antihypertensive agent. It is a dicarboxylic acid and a dipeptide.","The molecule is a dicarboxylic acid monoester that is ethyl 4-phenylbutanoate in which a hydrogen alpha to the carboxy group is substituted by the amino group of L-alanyl-L-proline (S-configuration). It has a role as a prodrug, an EC 3.4.15.1 (peptidyl-dipeptidase A) inhibitor and an antihypertensive agent. It is a dicarboxylic acid monoester and a dipeptide. It derives from an enalaprilat (anhydrous)."
27,"The molecule is a tetrahydroxyanthraquinone that is that is 3,5,6,8-tetrahydroxy-9,10-anthraquinone substituted by two carboxy groups at positions 1 and 2 as well as a 5-(2-amino-2-carboxyethyl)-2-hydroxyphenyl group at position 7. A minor component of LAC dye together with laccaic acids A, B and D It has a role as a dye and an animal metabolite. It is a polyphenol, a tetrahydroxyanthraquinone, a tricarboxylic acid and an alpha-amino acid.","The molecule is a tetrahydroxyanthraquinone that is that is 3,5,6,8-tetrahydroxy-9,10-anthraquinone substituted by two carboxy groups at positions 1 and 2 as well as a 5-(2-acetamidoethyl)-2-hydroxyphenyl group at position 7. The major component of LAC dye together with laccaic acids B, C and D It has a role as a dye, an animal metabolite and an EC 2.1.1.37 [DNA (cytosine-5-)-methyltransferase] inhibitor. It is a tetrahydroxyanthraquinone, an acetamide, a polyphenol and an oxo dicarboxylic acid."
28,"The molecule is a 3-[beta-D-glucopyranosyl-(1->6)-beta-D-galactopyranosyl]-1,2-diacyl-sn-glycerol in which the acyl groups at O-1 and O-2 are both stearoyl. A synthetic acyl homologue of the beta-glycolipid antigens (beta-GGLs) of Mycoplasma pneumoniae.","The molecule is a 3-[beta-D-glucopyranosyl-(1->6)-beta-D-galactopyranosyl]-1,2-diacyl-sn-glycerol in which the acyl groups at O-1 and O-2 are both myristoyl. A synthetic acyl homologue of the beta-glycolipid antigens (beta-GGLs) of Mycoplasma pneumoniae."
29,"The molecule is an organic heteropentacyclic compound that is 2H-pyrano[3',4',5'',6'']-pterocarpene substituted by a hydroxy group at position 7, a methoxy group at position 5 and geminal methyl groups at position 2''. Isolated from the roots of Glycyrrhiza uralensis, it exhibits antibacterial activity. It has a role as a metabolite and an antibacterial agent. It is an organic heteropentacyclic compound, an ether and a member of phenols.","The molecule is a member of the class of coumestans that is 9,10-dihydro-6H-[1]benzofuro[3,2-c]chromene substituted by a methoxy group at position 3, a hydroxy group at position 8 and a 6,6-dimethyl-3,6-dihydro-2H-pyran ring fused across positions 9 and 10. Isolated from the roots of Lespedeza floribunda, it acts as a melanin synthesis inhibitor. It has a role as a metabolite and a melanin synthesis inhibitor. It is a member of phenols, an aromatic ether and a member of coumestans."
30,"The molecule is a sulfur-containing amino acid that is the sulfoxide obtained by formal oxygenation of the sulfur atom of hexahomomethionine. It has a role as a plant metabolite. It is a non-proteinogenic alpha-amino acid, a sulfoxide and a sulfur-containing amino acid. It derives from a hexahomomethionine.","The molecule is a sulfur-containing amino acid that is the sulfoxide obtained by formal oxygenation of the sulfur atom of pentahomomethionine. It has a role as a plant metabolite. It is a non-proteinogenic alpha-amino acid, a sulfur-containing amino acid and a sulfoxide. It derives from a pentahomomethionine."
31,The molecule is conjugate acid of 2-aminobut-2-enoic acid. It is a conjugate acid of a 2-aminobut-2-enoic acid and a 2-aminobut-2-enoic acid cation.,"The molecule is a non-proteinogenic alpha-amino acid. It derives from a 2-butenoic acid. It is a conjugate acid of a 2-aminobut-2-enoate. It is a tautomer of a 2-aminobut-2-enoic acid zwitterion, a 2-iminobutanoic acid and a 2-iminobutanoic acid zwitterion."
32,The molecule is an (omega-1)-hydroxy fatty acid that is arachidic acid acid in which the 19-pro-R hydrogen is replaced by a hydroxy group. It is an (omega-1)-hydroxy fatty acid and a long-chain fatty acid. It derives from an icosanoic acid.,The molecule is an (omega-1)-hydroxy fatty acid that is nonadecanoic acid in which the 18-pro-R hydrogen is replaced by a hydroxy group. It is an (omega-1)-hydroxy fatty acid and a long-chain fatty acid. It derives from a nonadecanoic acid.
33,"The molecule is an organofluorine insecticide and an organofluorine acaricide. It has a role as a pyrethroid ester insecticide, a pyrethroid ester acaricide and an agrochemical. It derives from a 2-(4-hydroxyphenyl)-3-methylbutyric acid.","The molecule is an organofluorine insecticide, an organofluorine acaricide and an organobromine compound. It has a role as a pyrethroid ester insecticide and a pyrethroid ester acaricide. It derives from a 2-(4-hydroxyphenyl)-3-methylbutyric acid."
34,"The molecule is a sesquiterpenoid that is 4,4a,7,8,8a,9-hexahydronaphtho[2,3-b]furan substituted by methyl groups at positions 3, 5 and 8a and an oxo group at position 9 (the 4aS,8aS stereoisomer). It is isolated from the methanol extract of the whole plant of Chloranthus japonicus and acts as a chitin synthase inhibitor. CJ-01 also shows antifungal activity against various human and phytophathogenic fungi. It has a role as a metabolite, an EC 2.4.1.16 (chitin synthase) inhibitor and an antifungal agent. It is a sesquiterpenoid, an enone, a cyclic ether, an organic heterotricyclic compound, an aromatic ketone and a cyclic terpene ketone.","The molecule is an organic heterotricyclic compound that is (4aR,8aR)-8a-methyl-4,4a,5,6,7,8,8a,9-octahydronaphtho[2,3-b]furan substituted by a methyl group, methylidene group and a hydroxy group at positions 3, 5 and 6S, respectively. It is a sesquiterpenoid isolated from the plant, Atractylodes lancea. It has a role as a mouse metabolite and a plant metabolite. It is a sesquiterpenoid, an organic heterotricyclic compound and an organic hydroxy compound."
35,"The molecule is an acetate ester obtained from the formal condensation of acetic acid with the hydroxy group at position 1 of 6-[(8Z)-pentadec-8-en-1-yl]benzene-1,2,4-triol. Isolated from the dried fruits of Ardisia colorata, it exhibits scavenging activity towards DPPH radicals and cytotoxicity against murine breast cancer cell line, FM3A. It has a role as a metabolite, an antineoplastic agent and a radical scavenger. It is a member of resorcinols and an acetate ester. It derives from a 6-[(8Z)-pentadec-8-en-1-yl]benzene-1,2,4-triol.","The molecule is an acetate ester obtained from the formal condensation of acetic acid with the hydroxy group at position 1 of 6-pentadecylbenzene-1,2,4-triol. Isolated from the dried fruits of Ardisia colorata, it exhibits scavenging activity towards DPPH radicals and cytotoxicity against murine breast cancer cell line, FM3A. It has a role as a metabolite, an antineoplastic agent and a radical scavenger. It is a member of resorcinols and an acetate ester. It derives from a 6-pentadecylbenzene-1,2,4-triol."
36,"The molecule is an aminotetrasaccharide consisting of 2-acetamido-beta-D-glucopyranose, beta-D-galactopyranose, 2-acetamido-beta-D-glucopyranose and 2-acetamido-D-galactopyranose residues joined in sequence by (1->3) glycosidic linkages. It is an amino tetrasaccharide and a member of acetamides.","The molecule is an amino disaccharide consisting of N-acetyl-beta-D-glucosamine, substituted on O-3 with a 1-carboxyethyl group and linked (1->4) to a second N-acetyl-beta-D-glucosamine residue. It is a glucosamine oligosaccharide and an amino disaccharide."
37,"The molecule is an N-acylsulfonamide resulting from the formal condensation of valdecoxib with propionic acid. It is a prodrug for valdecoxib. It has a role as a cyclooxygenase 2 inhibitor, a non-narcotic analgesic, a non-steroidal anti-inflammatory drug and a prodrug. It is a member of isoxazoles and a N-sulfonylcarboxamide. It derives from a valdecoxib.","The molecule is a member of the class of isoxazoles that is isoxazole which is substituted at positions 3, 4 and 5 by phenyl, p-sulfamoylphenyl and methyl groups, respectively. A selective cyclooxygenase 2-inhibitor, it used as a nonsteroidal anti-inflammatory drug (NSAID) for the treatment of arthritis from 2001 until 2005, when it was withdrawn following concerns of an associated increased risk of heart attack and stroke. It has a role as a non-steroidal anti-inflammatory drug, a cyclooxygenase 2 inhibitor, a non-narcotic analgesic, an antirheumatic drug and an antipyretic. It is a member of isoxazoles and a sulfonamide."
38,The molecule is the conjugate acid of ketomycolic acid type-1 (X). A class of mycolic acids characterized by the presence of a proximal cis-cyclopropyl group followed by a distal oxo group and a (CH-CH3) fragment of (S) stereochemistry in the meromycolic chain.,The molecule is the conjugate base of ketomycolic acid type-1 (XI). A class of mycolic acids characterized by the presence of a proximal trans-cyclopropyl group followed by a distal oxo group and a (CH-CH3) fragment of (S) stereochemistry in the meromycolic chain.
39,"The molecule is a pentol consisting of 1-iminohexane with four hydroxy substituents placed at positions 2, 3, 4, 5 and 6. It is an aldimine and a pentol.","The molecule is a ketimine consisting of hexane carring five hydroxy substituents at positions 1, 2, 3, 4 and 6 as well as the imino group at position 5. It is a ketimine and a pentol. It derives from a hydride of a hexane."
40,"The molecule is an organic sodium salt resulting from the formal condensation of Amido Black 10B (acid form) with two equivalents of sodium hydroxide. It has a role as a histological dye. It contains a 4-amino-5-hydroxy-3-[(p-nitrophenyl)azo]-6-(phenylazo)-naphthalene-2,7-disulfonate.","The molecule is an organic sodium salt resulting from the formal condensation of naphthalene blue black CS (acid form) with two equivalents of sodium hydroxide. Used for staining fibrin. It has a role as a histological dye and a fluorochrome. It contains a 4-amino-5-hydroxy-3-[(4-nitrophenyl)diazenyl]-6-[(4-sulfonatophenyl)diazenyl]naphthalene-2,7-disulfonate."
41,The molecule is a guanosine 5'-phosphate that is the N(7)-methyl derivative of guanosine 5'-monophosphate. It is an ammonium betaine and a guanosine 5'-phosphate. It derives from a guanosine 5'-monophosphate. It is a conjugate acid of a 7-methylguanosine 5'-phosphate(1+). It is a conjugate acid of a 7-methylguanosine 5'-phosphate(1-).,The molecule is a purine ribonucleoside 5'-monophosphate that is GMP bearing a methyl substituent at position 1. It derives from a guanosine 5'-monophosphate.
42,"The molecule is a amino cyclitol glycoside that is kanamycin B lacking the 3-hydroxy substituent from the 2,6-diaminoglucose ring. It has a role as an antibacterial agent, an antimicrobial agent and a toxin. It derives from a kanamycin B. It is a conjugate acid of a tobramycin(5+).",The molecule is an organic cation obtained by protonation of the five amino groups of nebramycin 5'. It is an ammonium ion derivative and an organic cation. It derives from a tobramycin(5+). It is a conjugate acid of a nebramycin 5'.
43,"The molecule is an indole alkaloid that is 1,2,3,4-tetrahydrocyclopenta[b]indole substituted by geminal-methyl groups at position 3 and oxo groups at positions 1 and 2. It has been isolated from the ethanol extract of the stems of Brucea mollis. It has a role as a plant metabolite. It is an alpha-diketone, an indole alkaloid, an organic heterotricyclic compound and an aromatic ketone.","The molecule is an indole alkaloid that is 1,2,3,4-tetrahydrocyclopenta[b]indole substituted by a hydroxy group at position 6, geminal-methyl groups at position 3 and oxo groups at positions 1 and 2. It has been isolated from the ethanol extract of the stems of Brucea mollis. It has a role as a plant metabolite. It is an indole alkaloid, an organic heterotricyclic compound, a member of phenols, an alpha-diketone and an aromatic ketone."
44,"The molecule is an L-aspartic acid derivative that is the amide obtained by formal condensation of the alpha-carboxy group of L-aspartic acid with the amino group of 2-naphthylamine. It has a role as a chromogenic compound. It is an amino acid amide, a N-(2-naphthyl)carboxamide and a L-aspartic acid derivative. It is a conjugate acid of a N-(alpha-L-aspartyl)-2-naphthylamine(1-).",The molecule is a beta-amino-acid anion obtained by deprotonation of the side-chain carboxy group of N-(alpha-L-aspartyl)-2-naphthylamine. It is a conjugate base of a N-(alpha-L-aspartyl)-2-naphthylamine.
45,The molecule is a monohydroxybenzoic acid that is 4-hydroxybenzoic acid substituted at position 3 by a nonaprenyl group. It is a monohydroxybenzoic acid and an olefinic compound. It is a conjugate acid of a 4-hydroxy-3-all-trans-nonaprenylbenzoate.,The molecule is a 4-hydroxy-3-polyprenylbenzoate in which the polyprenyl chain contains 9 prenyl units; major species at pH 7.3. It is a conjugate base of a 4-hydroxy-3-all-trans-nonaprenylbenzoic acid.
46,"The molecule is a quercetin O-glycoside that is quercetin attached to a alpha-D-arabinofuranosyl residue at position 3 via a glycosidic linkage. It has a role as a metabolite and a plant metabolite. It is a quercetin O-glycoside, an alpha-D-arabinoside, a monosaccharide derivative and a tetrahydroxyflavone.","The molecule is a glycosyloxyflavone that is the 3-O-arabinofuranosyl derivative of myricetin. It has been isolated from Mimosa diplotricha. It has a role as a plant metabolite. It is a glycosyloxyflavone, a monosaccharide derivative, a pentahydroxyflavone and an arabinoside. It derives from a myricetin."
47,The molecule is an alkanesulfonic acid in which the alkyl group directly linked to the sulfo functionality is methyl. It has a role as an Escherichia coli metabolite. It is an alkanesulfonic acid and a one-carbon compound. It is a conjugate acid of a methanesulfonate.,The molecule is an organoammonium salt resulting from the mixing of equimolar amounts of methanesulfonic acid and ethylamine. It contains an ethylaminium.
48,"The molecule is a 17alpha-hydroxy steroid that is the 17alpha-hydroxy derivative of progesterone. It has a role as a metabolite, a progestin, a human metabolite and a mouse metabolite. It is a 17alpha-hydroxy steroid, a 17alpha-hydroxy-C21-steroid and a tertiary alpha-hydroxy ketone. It derives from a progesterone.","The molecule is a C21-steroid that is pregnane which contains a double bond between positions 5 and 6 and is substituted by oxo groups at positions 3 and 20 as well as a hydroxy group at position 17. It is a 20-oxo steroid, a 3-oxo-Delta(5)-steroid, a C21-steroid, a 17alpha-hydroxy steroid, a 17alpha-hydroxy-C21-steroid and a tertiary alpha-hydroxy ketone. It derives from a hydride of a pregnane."
49,The molecule is a guanidinium ion obtained by protonation of the guanidino group and cytidine ring of agmatidine. Nucleotide used in tRNA Ile2 at position 34 in Archaea. Ensures the tRNA only charges Ile and not Met.,The molecule is cytidine in which the 2-keto group on the cytosine ring is substituted by the amino group of agmatine. It derives from an agmatine.
50,"The molecule is a glycoside comprising glucose in (1->3) linkage with rhamnose, in turn linked (1->3) to D-ribitol. It has a role as a hapten. It is a glycoside and a trisaccharide. It derives from a ribitol.",The molecule is a alpha-L-rhamnoside consisting of D-ribitol having an alpha-L-rhamnosyl residue attached at the 3-position. It has a role as a hapten. It derives from a ribitol.
51,The molecule is a member of the class of pretetramides in which the only additional substituent is a methyl group at position 6. It has a role as a bacterial metabolite. It derives from a Pretetramid. It is a conjugate acid of a 6-methylpretetramide(1-).,"The molecule is a phenolate anion that is the conjugate base of 6-methylpretetramide, obtained by deprotonation of the 1-hydroxy group. It is the major microspecies at pH 7.3 (according to Marvin v 6.2.0.). It is a conjugate base of a 6-methylpretetramide."
52,"The molecule is a 1-{2-[(7-chloro-1-benzothiophen-3-yl)methoxy]-2-(2,4-dichlorophenyl)ethyl}imidazole that is the (S)-enantiomer of sertaconazole. It is a conjugate acid of a (S)-sertaconazole(1+). It is an enantiomer of an arasertaconazole.","The molecule is a 1-{2-[(7-chloro-1-benzothiophen-3-yl)methoxy]-2-(2,4-dichlorophenyl)ethyl}imidazole that is the active R-enantiomer of sertaconazole and is used (as its nitrate salt) for treatment of vulvovaginal candidiasis. The racemate itself is also used as a broad-spectrum antifungal drug. It has a role as an antibacterial drug, a non-steroidal anti-inflammatory drug, an EC 1.14.13.70 (sterol 14alpha-demethylase) inhibitor and an antipruritic drug. It is a 1-{2-[(7-chloro-1-benzothiophen-3-yl)methoxy]-2-(2,4-dichlorophenyl)ethyl}imidazole, a conazole antifungal drug and an imidazole antifungal drug. It is a conjugate base of an arasertaconazole(1+). It is an enantiomer of a (S)-sertaconazole."
53,"The molecule is an amino pentasaccharide consisting of a linear sequence of N-acetyl-alpha-neuraminyl, beta-D-galactosyl, N-acetyl-beta-DD-glucosaminyl, beta-D-galactosyl and N-acetyl-beta-DD-glucosamine residues linked respectively (2->3), (1->3), (1->3) and (1->4). It has a role as an epitope. It is an amino pentasaccharide and a glucosamine oligosaccharide.","The molecule is a linear amino pentasaccharide comprising N-acetyl-alpha-neuraminyl, beta-D-galactosyl, N-acetyl-beta-D-glucosaminyl, beta-D-galactosyl and N-acetyl-beta-D-glucosamine residues linked in a (2->3), (1->4), (1->3), (1->3) sequence. It has a role as an epitope. It is an amino pentasaccharide and a glucosamine oligosaccharide."
54,"The molecule is a branched amino oligosaccharide (an undecasaccharide derivative) comprising a sequence of alpha-sialyl, beta-D-galactosyl, N-acetyl-beta-D-glucosaminyl, alpha-D-mannosyl, beta-D-mannosyl, N-acetyl-beta-D-glucosaminyl and N-acetyl-beta-D-glucosamine residues linked respectively (2->3), (1->4), (1->2), (1->6), (1->4) and (1->4), to the beta-D-mannosyl residue of which is also linked (1->3) an alpha-sialyl-(2->6)- beta-D-galactosyl-(1->4)-N-acetyl-beta-D-glucosaminyl-(1->2)-beta-D-alpha-D-mannosyl branch. It has a role as an epitope. It is an amino oligosaccharide and a glucosamine oligosaccharide.","The molecule is a branched amino oligosaccharide comprising a linear trisaccharide of beta-D-mannosyl and two N-acetyl-beta-D-glucosaminyl residues all linked in sequence (1->4), to the mannosyl residue of which are (1->3)- and (1->6)-linked two branches consisting of N-acetyl-alpha-neuraminyl, beta-D-galactosyl, N-acetyl-beta-D-glucosaminyl and alpha-D-mannosyl residues linked respectively in (2->3), (1->4), (1->2) and (2->6), (1->4), (1->2) sequences. It has a role as an epitope. It is an amino oligosaccharide and a glucosamine oligosaccharide."
55,"The molecule is an unsaturated fatty acyl-CoA that results from the formal condensation of the thiol group of coenzyme A with the carboxy group of (9Z)-pentadecenoic acid. It is a long-chain fatty acyl-CoA, an 11,12-saturated fatty acyl-CoA and a monounsaturated fatty acyl-CoA. It is a conjugate acid of a (9Z)-pentadecenoyl-CoA(4-).",The molecule is an acyl-CoA(4-) arising from deprotonation of the phosphate and diphosphate functions of (9Z)-pentadecenoyl-CoA. It is a conjugate base of a (9Z)-pentadecenoyl-CoA.
56,"The molecule is a hydroxy steroid that consists of 5beta-cardanolide having a double bond at the 20(22)-position as well as hydroxy groups at the 3beta-, 12beta- and 14beta-positions. It has been isolated from the plant species of the genus Digitalis. It has a role as a hapten and a plant metabolite. It is a 3beta-sterol, a 12beta-hydroxy steroid, a 3beta-hydroxy steroid and a 14beta-hydroxy steroid. It is a conjugate acid of a digoxigenin(1-). It derives from a hydride of a 5beta-cardanolide.","The molecule is a member of the class of cardenolides that is 7,8-epoxycard-20(22)-enolide substituted by hydroxy groups at positions 3 and 14 (the 3beta,5beta,7beta stereoisomer). It has a role as an antineoplastic agent and a metabolite. It is a member of cardenolides, a secondary alcohol, a tertiary alcohol, an epoxy steroid, a 3beta-hydroxy steroid and a 14beta-hydroxy steroid."
57,"The molecule is a phenylpropanoid that is trans-p-coumaryl alcohol in which the hydrogen from the allylic hydroxy group is replaced by an acetyl group. It is a phenylpropanoid, a member of phenols and an acetate ester. It derives from a trans-p-coumaryl alcohol.","The molecule is an acetate ester resulting from the formal condensation of cinnamyl alcohol with acetic acid. Found in cinnamon leaf oil. It has a role as a fragrance, a metabolite and an insecticide. It derives from a cinnamyl alcohol."
58,"The molecule is a 3-[beta-D-glucopyranosyl-(1->6)-beta-D-galactopyranosyl]-1,2-diacyl-sn-glycerol in which the acyl groups at O-1 and O-2 are both stearoyl. A synthetic acyl homologue of the beta-glycolipid antigens (beta-GGLs) of Mycoplasma pneumoniae.","The molecule is a 3-[beta-D-glucopyranosyl-(1->6)-beta-D-galactopyranosyl]-1,2-diacyl-sn-glycerol in which the acyl groups at O-1 and O-2 are both palmitoyl. A synthetic acyl homologue of the beta-glycolipid antigens (beta-GGLs) of Mycoplasma pneumoniae."
59,The molecule is a 3beta-sterol that is 5alpha-cholest-8(14)-en-3beta-ol bearing an alpha-methyl substituent at position 4. It is a 3beta-sterol and a cholestanoid.,The molecule is a 3beta-sterol that is 5alpha-cholest-8-en-3beta-ol carrying an additional methyl substituent at position 4alpha. It has a role as a human metabolite. It is a 3beta-sterol and a cholestanoid.
60,"The molecule is an octadecenoyl-CoA that results from the formal condensation of the thiol group of coenzyme A with the carboxy group of (6Z)-octadecenoic acid. It is an 11,12-saturated fatty acyl-CoA and an octadecenoyl-CoA. It derives from a petroselinic acid. It is a conjugate acid of a (6Z)-octadecenoyl-CoA(4-).",The molecule is an octadecenoyl-CoA(4-) obtained by deprotonation of the phosphate and diphosphate OH groups of (6E)-octadecenoyl-CoA. It is a conjugate base of a (6Z)-octadecenoyl-CoA.
61,"The molecule is a 1,2-diacyl-sn-glycerol 3-phosphate in which both phosphatidyl acyl groups are specified as (4Z,7Z,10Z,13Z,16Z,19Z)-docosahexaenoyl. It derives from an all-cis-docosa-4,7,10,13,16,19-hexaenoic acid. It is a conjugate acid of a 1,2-di[(4Z,7Z,10Z,13Z,16Z,19Z)-docosahexaenoyl]-sn-glycero-3-phosphate(2-).","The molecule is a 1,2-diacyl-sn-glycero-3-phosphate(2-) obtained by deprotonation of the phosphate OH groups of 1,2-di[(4Z,7Z,10Z,13Z,16Z,19Z)]-docosahexaenoyl-sn-glycero-3-phosphate; major species at pH 7.3. It is a conjugate base of a 1,2-di[(4Z,7Z,10Z,13Z,16Z,19Z)-docosahexaenoyl]-sn-glycero-3-phosphate."
62,"The molecule is a homoflavonoid glycoside that is ophioglonol attached to a 2-O-(beta-D-glucopyranosyl)-beta-D-glucopyranosyl and beta-D-glucopyranosyl residues at positions 7 and 4' respectively via glycosidic linkages. It has been isolated from the whole plants of Ophioglossum pedunculosum. It has a role as a metabolite and a plant metabolite. It is a beta-D-glucoside, a homoflavonoid glycoside and a hydroxy homoflavonoid. It derives from an ophioglonol.","The molecule is a homoflavonoid glycoside that is ophioglonol substituted by a prenyl group at position 5' as well as 2-O-(beta-D-glucopyranosyl)-beta-D-glucopyranosyl and beta-D-glucopyranosyl residues at positions 7 and 4' respectively via glycosidic linkages. Isolated from the whole plants of Ophioglossum pedunculosum, it exhibits anti-HBV activity. It has a role as an anti-HBV agent and a plant metabolite. It is a homoflavonoid glycoside, a beta-D-glucoside and a hydroxy homoflavonoid. It derives from an ophioglonol."
63,"The molecule is a member of the class of xanthones that is methyl (1S)-2,9-dihydro-1H-xanthene-1-carboxylate substituted by hydroxy groups at positions 2 and 8, a methyl group at position 6 and an oxo group at position 9. It has been isolated from the sea fan derived fungus Aspergillus sydowii. It has a role as an Aspergillus metabolite. It is a member of xanthones, a member of phenols, a secondary alcohol and a methyl ester.","The molecule is an organic heterotricyclic compound that is 5-chloro-10-hydroxy-8-methyl-1H-oxepino[4,3-b]chromene-3,11-dione which is substituted at positions 1, 5, 8, and 10 by methoxycarbonyl, chlorine, methyl, and hydroxy groups, respectively (the 1S enantiomer). Found in Monilia fructicola and in the mycoherbicide Alternaria sonchi. It has a role as a plant metabolite and a fungal metabolite. It is an organic heterotricyclic compound, an organochlorine compound, an epsilon-lactone and a methyl ester."
64,"The molecule is a tetrapeptide composed of L-asparagine, L-leucine, L-phenylalanine and L-aspartic acid joined in sequence by peptide linkages. It has a role as a metabolite. It derives from a L-asparagine, a L-leucine, a L-phenylalanine and a L-aspartic acid.","The molecule is a tetrapeptide composed of L-asparagine, L-leucine and two L-aspartic acid units joined in sequence by peptide linkages. It has a role as a metabolite. It derives from a L-asparagine, a L-leucine and a L-aspartic acid."
65,"The molecule is the calcium salt of oxalic acid, which in excess in the urine may lead to formation of oxalate calculi (kidney stones). It contains an oxalate(2-).","The molecule is a calcium salt with formula CCaO3. It has a role as an antacid, a food colouring, a food firming agent and a fertilizer. It is a calcium salt, a carbonate salt and a one-carbon compound."
66,The molecule is a glycophytoceramide having an alpha-D-galactopyranosyl residue at the O-1 position and a palmitoyl (hexadecanoyl) group attached to the nitrogen. It has a role as an epitope. It derives from an alpha-D-galactose.,"The molecule is a glycophytoceramide comprising (2S,3S,4R)-2-aminononane-1,3,4-triol having an alpha-D-galctopyranosyl residue at the O-1 position and an tetracosanoyl group attached to the nitrogen. It has a role as an epitope. It derives from an alpha-D-galactose."
67,"The molecule is an organic heteropentacyclic compound that is (13aR)-9,11,12,13,13a,14-hexahydrodibenzo[f,h]pyrrolo[1,2-b]isoquinoline substituted at positions 2, 3 and 6 by methoxy groups. It is an alkaloid produced by relatives of the milkweed family and exhibits antiviral, anti-inflammatory, antiadipogenic and antitumorigenic activities. It has a role as an antineoplastic agent, a plant metabolite, a phytotoxin, an antimicrobial agent, an anti-inflammatory agent, an antiviral agent and an angiogenesis inhibitor. It is an organic heteropentacyclic compound, an aromatic ether, an alkaloid and an alkaloid antibiotic.","The molecule is an organic heteropentacyclic compound that is (14aR)-11,12,13,14,14a,15-hexahydro-9H-dibenzo[f,h]pyrido[1,2-b]isoquinoline substituted at positions 2, 3 and 6 by methoxy groups. It has a role as a protein synthesis inhibitor, an antineoplastic agent and an antiviral agent. It is an alkaloid, an organic heteropentacyclic compound, an aromatic ether and an alkaloid antibiotic."
68,The molecule is a 2-hydroxy monocarboxylic acid that is lactic acid in which one of the methyl hydrogens is substituted by a phenyl group. It has a role as a human metabolite. It derives from a rac-lactic acid. It is a conjugate acid of a 3-phenyllactate.,The molecule is a 2-hydroxy carboxylate that results from the removal of a proton from the carboxylic acid group of 3-phenyllactic acid. It derives from a lactate. It is a conjugate base of a 3-phenyllactic acid.
69,"The molecule is an organic cation that is the conjugate acid of N(alpha)-acetyl-L-lysine methyl ester, obtained by protonation of the side-chain amino group; major species at pH 7.3. It is an ammonium ion derivative and an organic cation. It derives from a L-lysinium(1+). It is a conjugate acid of a N(alpha)-acetyl-L-lysine methyl ester.",The molecule is a valine derivative with one of the amine hydrogens replaced by an acetyl group and the carboxylic acid hydrogen replaced by a methyl group. It has a role as a metabolite.
70,"The molecule is an ommochrome that consists of a pyrido[3,2-a]phenoxazine ring system bearing hydroxy, carboxy, oxo and 3-amino-3-carboxypropanoyl substituents at positions 1, 3, 5 and 11 respectively. The parent of the class of xanthommatins. It is a conjugate acid of a xanthommatin(1-).",The molecule is conjugate base of xanthommatin having both carboxy groups deprotonated and the amino group protonated; major species at pH 7.3. It is a conjugate base of a xanthommatin.
71,"The molecule is a disaccharide that is alpha-D-galactopyranose in which the hydroxy group at position 3 has been converted into the corresponding alpha-D-glucopyranoside. It is a glycoside, an alpha-D-glucoside and a glycosylgalactose. It derives from an alpha-D-galactose.",The molecule is a glycosylgalactose consisting of beta-D-glucopyranose and alpha-D-galactopyranose residues joined in sequence by a (1->3) glycosidic bond. It derives from a beta-D-glucose and an alpha-D-galactose.
72,"The molecule is a pyrrolidinone that is 1,5-dimethylpyrrolidine-2,4-dione substituted by a 1-hydroxy-13-methyltetradecylidene moiety at position 3. Isolated from the marine sponge Melophlus sarasinorum and other species of genus Melophlus, it exhibits cytotoxicity against murine leukemia cell line. It has a role as a metabolite and an antineoplastic agent. It is an enol, a lactam and a member of pyrrolidin-2-ones.","The molecule is a pyrroline cyclic ketone that is an isomer of tenuazonic acid, a mycotoxin produced by various plant pathogenic fungi. It is a pyrroline and a cyclic ketone."
73,"The molecule is an androstane sulfate that is 5alpha-androstan-3beta,17alpha-diol in which both hydroxy hydrogens have been replaced by sulfo groups. It derives from a 5alpha-androstane-3beta,17alpha-diol. It is a conjugate acid of a 5alpha-androstane-3beta,17alpha-diol disulfate cation and a 5alpha-androstane-3beta,17alpha-diol disulfate(2-).","The molecule is a 5alpha-androstan-3beta,17alpha-diol disulfate anion obtained by deprotonation of both sulfo groups of 5alpha-androstan-3beta,17alpha-diol disulfate. It is a conjugate base of a 5alpha-androstane-3beta,17alpha-diol disulfate."
74,The molecule is an omega-carboxyacyl-CoA that results from the formal condensation of the thiol group of coenzyme A with one of the carboxy groups of oxalic acid. It has a role as an Escherichia coli metabolite. It derives from an oxalic acid. It is a conjugate acid of an oxalyl-CoA(5-).,"The molecule is an acyl-CoA oxoanion that is the pentaanion of oxalyl-CoA, arising from deprotonation of phosphate, diphosphate and carboxylic acid functions. It is a conjugate base of an oxalyl-CoA."
75,"The molecule is an isomer of selinene where the double bond in the octahydronaphthalene ring system is endocyclic with (2R,4aR,8aS)-configuration. It has been isolated from termites. It has a role as an animal metabolite. It is a selinene and a member of octahydronaphthalenes.","The molecule is an isomer of selinene where the double bond in the octahydronaphthalene ring system is endocyclic with (2S,4aR,8aR)-configuration. It is a selinene and a member of octahydronaphthalenes."
76,"The molecule is a tetrahydronicotinamide adenine dinucleotide obtained by formal stereo- and regioselective hydration across the 5,6-double bond in the nicotinyl ring of NADH, with the hydroxy group located at position 6, having (S)-configuration. It is a tetrahydronicotinamide adenine dinucleotide and a hemiaminal. It derives from a NADH. It is a conjugate acid of a (S)-NADHX(1+). It is a conjugate acid of a (S)-NADHX(1-).","The molecule is the anion of (6S)-6-hydroxy-1,4,5,6-tetrahydronicotinamide adenine dinucleotide arising from deprotonation of both OH groups of the diphosphate moiety. It is a conjugate base of a (S)-NADHX. It is a conjugate acid of a (S)-NADHX(2-)."
77,The molecule is a retinyl ester obtained by formal condensation of the carboxy group of hexadecanoic acid with the hydroxy group of 13-cis-retinol. It derives from a 13-cis-retinol.,The molecule is a retinyl ester obtained by formal condensation of the carboxy group of tetradecanoic acid with the hydroxy group of 13-cis-retinol. It is a tetradecanoate ester and a retinyl ester. It derives from a 13-cis-retinol.
78,"The molecule is a FAHFA obtained by formal condensation of the carboxy group of palmitic acid with the hydroxy group of 12-hydroxystearic acid. It has a role as an anti-inflammatory agent, a hypoglycemic agent and a human metabolite. It is a FAHFA and a long-chain fatty acid. It derives from a hexadecanoic acid and an octadecanoic acid. It is a conjugate acid of a 12-PAHSA(1-).","The molecule is a long-chain fatty acid anion that is the conjugate base of 12-PAHSA, obtained by deprotonation of the carboxy group; major species at pH 7.3. It has a role as an anti-inflammatory agent, a hypoglycemic agent and a human metabolite. It is a conjugate base of a 12-PAHSA."
79,"The molecule is a non-proteinogenic L-alpha-amino acid that is L-tryptophan in which the hydrogen at position 5 of the indole ring has been replaced by a chlorine. It is a non-proteinogenic L-alpha-amino acid, an organochlorine compound and a L-tryptophan derivative. It is a tautomer of a 5-chloro-L-tryptophan cation.",The molecule is an L-alpha-amino acid zwitterion resulting from the transfer of a proton from the carboxy group to the alpha-amino group of 5-chloro-L-tryptophan. It is a tautomer of a 5-chloro-L-tryptophan.
80,"The molecule is a quercetin bissulfate having the sulfo groups at the 3- and 4'-positions. It is a trihydroxyflavone and a quercetin bissulfate. It is a conjugate acid of a quercetin-7-olate 3,4'-bissulfate(3-).","The molecule is a flavonoid oxoanion arising from deprotonation of the sulfate and 7-hydroxy groups of quercetin 3,4'-bissulfate; major species at pH 7.3. It is a flavonoid oxoanion and an aryl sulfate oxoanion. It is a conjugate base of a quercetin 3,4'-bissulfate."
81,"The molecule is an anilide resulting from the formal condensation of the aryl amino group of N-phenyl-1-[2-(2-thienyl)ethyl]piperidin-4-amine with propanoic acid. It has a role as an opioid analgesic. It is a member of piperidines, a member of thiophenes and an anilide.","The molecule is a piperidine compound having a (2-thienyl)ethyl substituent at the 1-position, a methyl group at the 3-position and an N-phenylpropanamido group at the 4-position. It has a role as an opioid analgesic. It is a member of piperidines, a member of thiophenes, an anilide and a monocarboxylic acid amide."
82,The molecule is a bile acid salt that is the sodium salt of glycochenodeoxycholic acid. It has a role as a human metabolite. It is an organic sodium salt and a bile acid salt. It contains a glycochenodeoxycholate.,The molecule is a bile acid salt that is the sodium salt of glycodeoxycholic acid. It has a role as a human metabolite. It is a bile acid salt and an organic sodium salt. It contains a glycodeoxycholate.
83,The molecule is a lipoyl-AMP in which the lipoyl moiety has (R)-configuration. It derives from a (R)-lipoic acid. It is a conjugate acid of a (R)-lipoyl-AMP(1-).,The molecule is a lipoyl-AMP(1-) obtained by deprotonation of the phosphate OH group of (R)-lipoyl-AMP; major species at pH 7.3. It is a conjugate base of a (R)-lipoyl-AMP.
84,The molecule is an oxo dicarboxylic acid that is (Z)-2-hexenedioic acid in which the hydrogens at position 5 are substituted by an oxo group. It derives from a 2-hexenedioic acid. It is a conjugate acid of a (Z)-5-oxohex-2-enedioate.,The molecule is an oxo dicarboxylate obtained by removal of a proton from both of the carboxylic acid groups of (Z)-5-oxohex-2-enedioic acid. It derives from a hex-2-enedioate. It is a conjugate base of a (Z)-5-oxohex-2-enedioic acid.
85,The molecule is an ammonium ion derivative obtained from protonation of the nitrogens of emetine. It is the major species at pH 7.3. It is a conjugate acid of an emetine.,"The molecule is a pyridoisoquinoline comprising emetam having methoxy substituents at the 6'-, 7'-, 10- and 11-positions. It is an antiprotozoal agent and emetic. It inhibits SARS-CoV2, Zika and Ebola virus replication and displays antimalarial, antineoplastic and antiamoebic properties. It has a role as an antiprotozoal drug, a plant metabolite, an antiviral agent, an emetic, a protein synthesis inhibitor, an antimalarial, an antineoplastic agent, an autophagy inhibitor, an antiinfective agent, an expectorant and an anticoronaviral agent. It is a pyridoisoquinoline and an isoquinoline alkaloid. It derives from a cephaeline. It is a conjugate base of an emetine(2+). It derives from a hydride of an emetan."
86,"The molecule is an S-acyl-4'-phosphopantetheine obtained by deprotonation of the phosphate OH groups of S-(3alpha,7alpha,12alpha-trihydroxy-5beta-cholestan-26-oyl)-4'-phosphopantetheine; major species at pH 7.3. It is a conjugate acid of a S-(3alpha,7alpha,12alpha-trihydroxy-5beta-cholestan-26-oyl)-4'-phosphopantetheine.","The molecule is an S-acyl-4'-phosphopantetheine obtained by formal condensation of the thiol group of D-pantetheine 4'-phosphate with the carboxy group of 3alpha,7alpha,12alpha-trihydroxy-5beta-cholestan-26-oic acid. It has a role as a mouse metabolite. It derives from a 3alpha,7alpha,12alpha-trihydroxy-5beta-cholestan-26-oic acid. It is a conjugate acid of a S-(3alpha,7alpha,12alpha-trihydroxy-5beta-cholestan-26-oyl)-4'-phosphopantetheine(2-)."
87,"The molecule is the (S)-enantiomer of 2-chloro-N-(2,4-dimethylthiophen-3-yl)-N-[(2S)-1-methoxypropan-2-yl]acetamide. It is the active enantiomer of dimethenamid, a herbicide applied to the soil to control various broad-leaved weeds and grasses. It has a role as a herbicide, an agrochemical and an antimitotic. It is an enantiomer of a (R)-dimethenamid.","The molecule is a 2-chloro-N-(2,4-dimethylthiophen-3-yl)-N-[(2R)-1-methoxypropan-2-yl]acetamide that has R configuration. It is the inactive enantiomer; its (active) enantiomer is the herbicide known as dimethenamid-P; the racemate is the herbicide dimethenamid. It is an enantiomer of a dimethenamid-P."
88,The molecule is a 3-oxoacyl-CoA that results from the formal condensation of the thiol group of coenzyme A with the carboxy group of 2-hydroxy-6-oxocyclohexane-1-carboxylic acid. It has a role as a mouse metabolite. It is a 3-oxo-fatty acyl-CoA and a 3-hydroxy fatty acyl-CoA. It derives from a cyclohexane-1-carbonyl-CoA. It is a conjugate acid of a 2-hydroxy-6-oxocyclohexane-1-carbonyl-CoA(4-).,The molecule is a 3-oxo-fatty acyl-CoA(4-) obtained by deprotonation of the phosphate and diphosphate OH groups of 2-hydroxy-6-oxocyclohexane-1-carbonyl-CoA; major species at pH 7.3. It is a 3-oxo-fatty acyl-CoA(4-) and a 3-hydroxy fatty acyl-CoA(4-). It is a conjugate base of a 2-hydroxy-6-oxocyclohexane-1-carbonyl-CoA.
89,"The molecule is a leukotriene that is the 6-trans-isomer of leukotriene B4. It is a leukotriene, a dihydroxy monocarboxylic acid, a long-chain fatty acid and a hydroxy polyunsaturated fatty acid. It derives from an icosa-6,8,10,14-tetraenoic acid. It is a conjugate acid of a 6-trans-leukotriene B4(1-).",The molecule is a leukotriene anion that is the conjugate base of 6-trans-leukotriene B4 arising from deprotonation of the carboxylic acid function; major species at pH 7.3. It is a hydroxy fatty acid anion and a leukotriene anion. It is a conjugate base of a 6-trans-leukotriene B4.
90,The molecule is a beta-D-glucosyl-(1<->1')-N-acylsphinganine in which the acyl group specified is (17Z)-hexacosenoyl. It has a role as a mouse metabolite. It derives from a (17Z)-hexacosenoic acid.,The molecule is a beta-D-glucosyl-(1<->1')-N-acylsphinganine in which the acyl group specified is hexadecanoyl. It has a role as a mouse metabolite. It derives from a hexadecanoic acid.
91,The molecule is a 1-phosphatidyl-1D-myo-inositol 5-phosphate(3-) obtained by deprotonation of the phosphate OH groups of 1-stearoyl-2-linoleoyl-sn-glycero-3-phospho-1D-myo-inositol 5-phosphate; major species at pH 7.3. It is a conjugate acid of a 1-stearoyl-2-linoleoyl-sn-glycero-3-phospho-1D-myo-inositol 5-phosphate.,The molecule is a 1-phosphatidyl-1D-myo-inositol 5-phosphate in which the phosphatidyl acyl groups at positions 1 and 2 are specified as stearoyl and linoleoyl respectively. It derives from a linoleic acid and an octadecanoic acid. It is a conjugate acid of a 1-stearoyl-2-linoleoyl-sn-glycero-3-phospho-1D-myo-inositol 5-phosphate(3-).
92,The molecule is a coproporphyrinogen. It has a role as a mouse metabolite and a human metabolite. It is a conjugate acid of a coproporphyrinogen I(4-).,The molecule is the cyclic tetrapyrrole anion formed by loss of a proton from each of the four carboxy groups of coproporphyrinogen I. It is a conjugate base of a coproporphyrinogen I.
93,"The molecule is an oxo fatty acid cation and the conjugate acid of colneleic acid, arising from deprotonation of the carboxylic acid group. It is an oxa fatty acid cation, a long-chain fatty acid cation, a straight-chain fatty acid cation and a polyunsaturated fatty acid cation. It is a conjugate acid of a colneleic acid.","The molecule is a long-chain, divinyl ether fatty acid composed of 8-nonenoic acid having the E- hydrogen at position 9 substituted by a (1E,3Z)-nona-1,3,-dien-1-yloxy group. It is a divinyl ether fatty acid, a long-chain fatty acid and a straight-chain fatty acid. It is a conjugate acid of a colneleate."
94,The molecule is an O-phosphocorrinoid that is cobinamide phosphate having a 5'-adenosyl group attached to the central cobalt atom. It has a role as an Escherichia coli metabolite. It is an O-phosphocorrinoid and a member of adenosines. It derives from a cobinamide. It is a conjugate acid of an adenosylcobinamide phosphate(1-).,The molecule is an organophosphate oxoanion obtained by deprotonation of the phosphate OH groups of adenosylcobinamide phosphate. It is a conjugate base of an adenosylcobinamide phosphate.
95,The molecule is an alkanesulfonate in which the alkyl group directly linked to the sulfonate functionality is butyl. It is a conjugate acid of a butane-1-sulfonic acid.,The molecule is an alkanesulfonic acid in which the alkyl group directly linked to the sulfo functionality is butyl. It is a conjugate acid of a butane-1-sulfonate.
96,The molecule is a ribulose 1-phosphate in which ribulose has D-configuration. It derives from a D-ribulose. It is a conjugate acid of a D-ribulose 1-phosphate(2-).,The molecule is an organophosphate oxoanion resulting from the removal of two protons from the phosphate group of An organophosphate oxoanion resulting from the removal of two protons from the phosphate group of 5-deoxy-alpha-D-ribose 1-phosphate; major species at pH 7.3. It derives from a D-ribulose 1-phosphate(2-).
97,"The molecule is a primary aliphatic amine that is propan-1,2-diamine substituted by an isopropyl group at N(1) and a methyl group at position 2. Metabolite observed in cancer metabolism. It has a role as a human metabolite. It is a primary aliphatic amine and a secondary aliphatic amine.",The molecule is a secondary aliphatic amine that is sec-butylamine substituted by a methyl group at the N atom. Metabolite observed in cancer metabolism. It has a role as a human metabolite. It derives from a sec-butylamine.
98,"The molecule is a long-chain fatty acyl-CoA that results from the formal condensation of the thiol group of coenzyme A with the carboxy group of (E)-2,3-didehydropristanic acid. It is a multi-methyl-branched fatty acyl-CoA, a long-chain fatty acyl-CoA, an 11,12-saturated fatty acyl-CoA, a trans-2-enoyl-CoA and a monounsaturated fatty acyl-CoA. It is a conjugate acid of an (E)-2,3-didehydropristanoyl-CoA(4-).","The molecule is a multi-methyl-branched fatty acyl-CoA(4-) arising from deprotonation of the phosphate and diphosphate OH groups of (E)-2,3-didehydropristanoyl-CoA; major species at pH 7.3 It is a conjugate base of an (E)-2,3-didehydropristanoyl-CoA."
99,"The molecule is an HETE having a 8-hydroxy group and (5Z)-, (9E)-, (11Z)- and (14Z)-double bonds. It has a role as a mouse metabolite. It is a conjugate acid of an 8-HETE(1-).","The molecule is an icosanoid anion that is the conjugate base of 8-HETE arising from deprotonation of the carboxylic acid function; major species at pH 7.3. It is an icosanoid anion, a long-chain fatty acid anion, a polyunsaturated fatty acid anion and a hydroxy fatty acid anion. It is a conjugate base of an 8-HETE."
100,"The molecule is a benzamide obtained by formal condensation of the carboxy group of 4-{2-[4-(morpholin-4-yl)anilino]pyrimidin-4-yl}benzoic acid with the primary amino group of aminoacetonitrile. It is an ATP-competitive JAK1/JAK2 inhibitor with IC50 of 11 nM and 18 nM, respectively. Used for the treatment of patients with intermediate- or high-risk myelofibrosis. It has a role as an EC 2.7.10.2 (non-specific protein-tyrosine kinase) inhibitor, an antineoplastic agent, an anti-anaemic agent and an apoptosis inducer. It is an aminopyrimidine, a member of morpholines, a secondary amino compound, a tertiary amino compound, a member of benzamides and a nitrile.","The molecule is a member of the class of purines that is purine substituted at C-2 by a 1-naphthyloxy group, at C-4 by a 4-morpholinophenylamino group, and at N-9 by a cyclohexyl group. It has a role as an osteogenesis regulator and a SMO receptor agonist. It is a member of purines, a member of morpholines, an aromatic ether and a secondary amino compound. It derives from a hydride of a 9H-purine."
101,The molecule is an N-acyl-1-O-beta-D-glucosyl-15-methylhexadecasphing-4-enine in which the acyl group has 27 carbons and 0 double bonds and is 2-hydroxylated. It derives from a 15-methylhexadecasphing-4-enine.,The molecule is an N-acyl-1-O-beta-D-glucosyl-15-methylhexadecasphing-4-enine in which the acyl group has 28 carbons and 0 double bonds and is 2-hydroxylated. It derives from a 15-methylhexadecasphing-4-enine.
102,The molecule is an alkylglucosinolate that is the conjugate acid of propylglucosinolic acid. It is a conjugate acid of a propylglucosinolic acid.,The molecule is an alkylglucosinolic acid that consists of 1-thio-beta-D-glucopyranose attached to a N-(sulfooxy)butanimidoyl group at the anomeric sulfur. It is a conjugate acid of a propylglucosinolate.
103,"The molecule is a N-glycosyl-1,2,4-triazine that is the 6-aza analogue of uridine 5'-monophosphate. It has a role as an antineoplastic agent and an EC 4.1.1.23 (orotidine-5'-phosphate decarboxylase) inhibitor. It is a N-glycosyl-1,2,4-triazine and a nucleoside monophosphate analogue. It derives from a 6-azauridine. It is a conjugate acid of a 6-azauridine 5'-monophosphate(2-).","The molecule is a N-glycosyl-1,2,4-triazine that is the 6-aza analogue of thymidine 5'-monophosphate. It has a role as a Mycoplasma genitalium metabolite. It is a N-glycosyl-1,2,4-triazine, a 2'-deoxyribonucleoside 5'-monophosphate and a nucleoside monophosphate analogue. It derives from a 6-azathymine."
104,"The molecule is a derivative of adenosine in which the 5'-hydroxymethyl group is replaced by N-ethylcarboxamido and one of the hydrogens of the exocyclic amino function is substituted by a 3-iodobenzyl group. It has a role as an adenosine A3 receptor agonist. It is a member of adenosines, an organoiodine compound and a monocarboxylic acid amide. It derives from an adenosine.","The molecule is a derivative of adenosine in which the 5'-hydroxymethyl group is replaced by N-ethylcarboxamido and one of the hydrogens of the exocyclic amino function is substituted by a 3-iodo-4-aminobenzyl group. It is a member of adenosines, an organoiodine compound and a monocarboxylic acid amide. It derives from an adenosine."
105,The molecule is an aminotetrasaccharide consisting of three molecules of 2-acetamido-2-deoxy-beta-D-glucopyranose joined in sequence by (1->3) and (1->4) glycosidic bonds in which the non-terminal group has been glycosylated at the 6-hydroxy group by fourth 2-acetamido-2-deoxy-beta-D-glucopyranose moiety. It is an amino tetrasaccharide and a member of acetamides.,"The molecule is a linear tetrasaccharide derivative consisting of beta-D-glucose, N-acetyl-alpha-D-fucosamine, N-acetyl-alpha-L-quinovosamine and N-acetyl-beta-D-glucosamine residues linked sequentially (1->6), (1->3) and (1->3). It forms an important epitope of the Proteus vulgaris O-specific polysaccharide. It has a role as an epitope."
106,The molecule is a nucleotide-sugar having ADP as the nucleotide fragment and 2-O-malonyl-D-ribofuranos-5-yl as the sugar component. It derives from an ADP-D-ribose. It is a conjugate acid of a 2''-O-malonyl-ADP-D-ribose(3-).,The molecule is a nucleotide-sugar oxoanion arising from deprotonation of the carboxy and diphosphate groups of 2''-O-malonyl-ADP-D-ribose; major species at pH 7.3. It is a conjugate base of a 2''-O-malonyl-ADP-D-ribose.
107,The molecule is a hydrate that is the monohydrate form of anhydrous saxagliptin. Used for the treatment of Type II diabetes. It has a role as a hypoglycemic agent and an EC 3.4.14.5 (dipeptidyl-peptidase IV) inhibitor. It contains a saxagliptin.,"The molecule is a monocarboxylic acid amide obtained by formal condensation of the carboxy group of (2S)-amino(3-hydroxyadamantan-1-yl)acetic acid with the amino group of (1S,3S,5S)-2-azabicyclo[3.1.0]hexane-3-carbonitrile. Used in its monohydrate form for the treatment of Type II diabetes. It has a role as a hypoglycemic agent and an EC 3.4.14.5 (dipeptidyl-peptidase IV) inhibitor. It is a member of adamantanes, a nitrile, an azabicycloalkane, a tertiary alcohol and a monocarboxylic acid amide."
108,"The molecule is a phenolate cation resulting from the deprotonation of the phenolic hydroxy group of 2,4,6-trichlorophenol. It is a conjugate acid of a 2,4,6-trichlorophenol.","The molecule is an aryl sulfide that is diphenyl sulfide in which each phenyl group is substituted at position 2 by hydroxy and at positions 3 and 5 by chlorine. A fungicide and anthelmintic, it was used in various topical drug products for the treatment of liver flukes, but withdrawn after being shown to be a potent photosensitizer with the potential to cause serious skin disorders. It has a role as an antiplatyhelmintic drug and an antifungal agrochemical. It is an aryl sulfide, an organochlorine pesticide, a dichlorobenzene, a polyphenol, a bridged diphenyl fungicide and a bridged diphenyl antifungal drug."
109,The molecule is a cyanine dye and an organic iodide salt. It has a role as a fluorochrome. It contains a ToTo-3(4+).,The molecule is an organic iodide salt and a cyanine dye. It has a role as a fluorochrome. It contains a YoYo-3(4+).
110,"The molecule is a sesquiterpene lactone obtained by formal condensation of one of the carboxy groups of oxalic acid with the 15-hydroxy group of lactucopicrin. Found in chicory. It has a role as a plant metabolite. It is an azulenofuran, a cyclic terpene ketone, an enone, a sesquiterpene lactone, an oxo monocarboxylic acid and a member of phenols. It derives from a lactucin, an oxalic acid and a 4-hydroxyphenylacetic acid.","The molecule is a sesquiterpene lactone obtained by formal condensation of one of the carboxy groups of oxalic acid with the 15-hydroxy group of 11beta,13-dihydrolactucopicrin. Found in chicory. It has a role as a plant metabolite. It is an azulenofuran, a cyclic terpene ketone, an enone, an oxo monocarboxylic acid, a member of phenols and a sesquiterpene lactone. It derives from a 4-hydroxyphenylacetic acid, a lactucin and an oxalic acid."
111,"The molecule is an indole alkaloid that is 1,3-dihydro-2H-indol-2-one substituted by a methoxy(phenyl)methylidene group at position 3 (the 3E stereoisomer). Isolated from Isatis costata, it exhibits antifungal activity. It has a role as a metabolite and an antifungal agent. It is an indole alkaloid, a member of indolones and an enol ether.","The molecule is a member of the class of oxindoles that is 5-acetyl-3-methylidene-1,3-dihydro-2H-indol-2-one in which one of the hydrogens of the methylidene group is substituted by a 2,2-dimethylhydrazinyl group and the other hydrogen is substituted by an ethyl group. It is a DYRK1B kinase inhibitor. It has a role as an EC 2.7.12.* [dual-specificity kinases (those acting on Ser/Thr and Tyr residues)] inhibitor. It is a member of oxindoles, an aromatic ketone, a methyl ketone and a member of hydrazines."
112,"The molecule is an anthocyanin cation consisting of delphinidin with beta-D-glucosyl groups at the 3-, 3'- and 5'-positions. It is a beta-D-glucoside and an anthocyanin cation. It derives from a delphinidin. It is a conjugate acid of a ternatin C5(2-).","The molecule is an anthocyanin cation consisting of delphinidin with three beta-D-glucosyl residues attached to the 3-, 3'- and 5-hydroxy groups. It is an anthocyanin cation, a beta-D-glucoside and a 5-hydroxyanthocyanin O-beta-D-glucoside. It derives from a delphinidin. It is a conjugate acid of a delphinidin 3,3',5-tri-O-beta-D-glucoside betaine."
113,The molecule is an octadecadienoyl-CoA that results from the formal condensation of the thiol group of coenzyme A with the carboxy group of linoleic acid. It has a role as a mouse metabolite. It is a linoleoyl bioconjugate and an octadecadienoyl-CoA. It derives from a coenzyme A. It is a conjugate acid of a linoleoyl-CoA(4-).,The molecule is an octadecadienoyl-CoA(4-) resulting from the deprotonation of phosphate and diphosphate functions of linoleoyl-CoA. It is a conjugate base of a linoleoyl-CoA.
114,"The molecule is a branched beta-D-glucan that consists of a beta-1,3-linked nonaglucan backbone with a beta-1,3-glucodiaose branch at the 6-O-position of the nonaglucan central sugar unit.","The molecule is a branched beta-D-glucan that consists of a beta-1,3-linked nonaglucan backbone with a beta-1,3-glucotetraose branch at the 6-O-position of the nonaglucan central sugar unit."
115,"The molecule is a sulfonamide resulting from the formal condensation of the sulfonic acid group of 5-ethoxy-7-fluoro[1,2,4]triazolo[1,5-c]pyrimidine-2-sulfonic acid with the amino group of 2-amino-3-chlorobenzoic acid. The methyl ester of cloransulam, generally known as cloransulam-methyl, is used as a herbicide for the control of post-emergence control of broad-leaved weeds in soybeans. It has a role as a herbicide. It is a monocarboxylic acid, a sulfonamide, an aromatic ether, an organofluorine compound, a member of monochlorobenzenes and a member of triazolopyrimidines.","The molecule is the methyl ester of cloransulam. An inhibitor of acetohydroxyacid synthase (AHAS), it prevents the synthesis of amino acids in plants and is used as a herbicide for the control of post-emergence control of broad-leaved weeds in soybeans. It is not approved for use within the European Area. It has a role as a herbicide, an EC 2.2.1.6 (acetolactate synthase) inhibitor and an agrochemical. It is a methyl ester, a sulfonamide, a member of monochlorobenzenes, an organofluorine compound and a member of triazolopyrimidines. It derives from a cloransulam."
116,"The molecule is a peptide cation that is the conjugate acid of gamma-Glu-Abu, obtained by removal of protons from the two carboxy groups as well as protonation of the amino group; major species at pH 7.3. It is a conjugate acid of a gamma-Glu-Abu.",The molecule is a dipeptide obtained by formal condensation of the gamma-carboxy group of glutamic acid with the amino group of 2-aminobutyric acid. It is a conjugate acid of a gamma-Glu-Abu(1-).
117,The molecule is an organic sodium salt that is the disodium salt of betamethasone phosphate. It is an organic sodium salt and a tertiary alpha-hydroxy ketone. It contains a betamethasone phosphate(2-).,The molecule is an organic sodium salt which is the disodium salt of dexamethasone phosphate. It has a role as a glucocorticoid receptor agonist. It contains a dexamethasone phosphate(2-).
118,"The molecule is a branched twelve-membered oligosaccharide phosphate consisting of two galactose residues, three glucose residues, two 3-deoxy-D-manno-oct-2-ulosonic acid residues, three L-glycero-alpha-D-manno-heptose residues and two glucosamine residues, one of which is at the reducing end. The unit constitutes one of the two core oligosaccharide structures of enterobacterial lipopolysaccharide obtained from E. coli strain F470.","The molecule is a branched thirteen-membered oligosaccharide phosphate consisting of two galactose residues, three glucose residues, two 3-deoxy-D-manno-oct-2-ulosonic acid residues, three L-glycero-alpha-D-manno-heptose residues and three glucosamine residues, one of which is acetylated and another is at the reducing end. The unit constitutes the core oligosaccharide structure of enterobacterial lipopolysaccharide obtained from E. coli strain F576."
119,The molecule is an (S)-3-hydroxyacyl-CoA having (3S)-citryl as the S-acyl group It derives from a citric acid and a coenzyme A. It is a conjugate acid of a (3S)-citryl-CoA(6-).,"The molecule is hexaanion of (3S)-citryl-CoA arising from deprotonation of phosphate, diphosphate and carboxy functions. It is a conjugate base of a (3S)-citryl-CoA."
120,The molecule is a methanopterin derivative in which the methanopterin is modified by amide formation with L-glutamic acid. It is a conjugate acid of a sarcinapterin(4-).,"The molecule is a member of the class of methanopterins obtained by formal dehydrogenation at positions 5, 6, 7 and 8 of tetrahydromethanopterin. The parent of the class of methanopterins"
121,"The molecule is an ammonium ion that is the conjugate acid of sphingosylphosphocholine, obtained by protonation of the amino group. Major species at pH 7.3. It is an ammonium ion derivative and a sphingoid-1-phosphocholine(1+). It is a conjugate acid of a sphingosine-1-phosphocholine. It is a tautomer of a sphingosylphosphocholine acid.","The molecule is a phosphosphingolipid consisting of sphinganine having a phosphocholine group attached to its primary hydroxyl group. It has a role as a marine metabolite. It is an ammonium betaine, a member of phosphocholines and a phosphosphingolipid. It derives from a sphinganine."
122,The molecule is an organic sodium salt resulting from the replacement of the protons from the carboxy groups of fumaric acid by sodium ions. It has a role as a food acidity regulator. It contains a fumarate(2-).,The molecule is an organic sodium salt resulting from the replacement of the proton from one of the carboxy groups of fumaric acid by a sodium ion. It has a role as a food acidity regulator. It contains a fumarate(1-).
123,The molecule is a flavonoid oxocation resulting from the deprotonation of the hydroxy group at position 7 of myricetin 3-O-[beta-D-glucosyl-(1->2)-alpha-L-rhamnoside]. The major species at pH 7.3. It is a conjugate acid of a myricetin 3-O-[beta-D-glucosyl-(1->2)-alpha-L-rhamnoside].,"The molecule is a quercetin O-glycoside that consists of quercetin substituted by a beta-D-glucopyranosyl-(1->2)-rhamnopyranosyl moiety at position 3 via a glycosidic linkage. Isolated from the leaves of Ginkgo biloba, it exhibits antioxidant activity. It has a role as a metabolite and an antioxidant. It is a disaccharide derivative and a quercetin O-glycoside."
124,The molecule is an organophosphate oxocation obtained by deprotonation of the phosphate OH groups of valienone 7-phosphate; major species at pH 7.3.,"The molecule is a hydroxyalkyl phosphate that is valienone carrying a single monophosphate substituent at position 7. It is a member of cyclohexenones, an enone, a triol and a hydroxyalkyl phosphate. It derives from a valienone."
125,"The molecule is an (omega-1)-hydroxy fatty acid ascaroside that is ascr#20 in which the pro-R hydrogen that is beta to the carboxy group is replaced by a hydroxy group. It is a metabolite of the nematode Caenorhabditis elegans. It has a role as a Caenorhabditis elegans metabolite. It is an (omega-1)-hydroxy fatty acid ascaroside, a 3-hydroxy carboxylic acid and a monocarboxylic acid. It derives from an ascr#20 and a (3R,11R)-3,11-dihydroxylauric acid. It is a conjugate acid of a bhas#20(1-).","The molecule is an (omega-1)-hydroxy fatty acid ascaroside that is ascr#18 in which the pro-R hydrogen that is beta to the carboxy group is replaced by a hydroxy group. It is a metabolite of the nematode Caenorhabditis elegans as well as the sour paste nematode, Panagrellus redivivus. It has a role as a Caenorhabditis elegans metabolite. It is an (omega-1)-hydroxy fatty acid ascaroside, a 3-hydroxy carboxylic acid and a monocarboxylic acid. It derives from an ascr#18 and a (3R,10R)-3,10-dihydroxyundecanoic acid. It is a conjugate acid of a bhas#18(1-)."
126,"The molecule is a secondary carboxamide resulting from the formal condensation of the carboxy group of 1-(N,N-dimethylglycyl)piperidine-4-carboxylic acid with the amino group of 5-{[(5-tert-butyl-1,3-oxazol-2-yl)methyl]sulfanyl}-1,3-thiazol-2-amine. It is a CDKL5 and CDK16 kinase inhibitor. It has a role as an EC 2.7.11.22 (cyclin-dependent kinase) inhibitor. It is a member of 1,3-thiazoles, a N-acylpiperidine, an organic sulfide, a tertiary amino compound, a secondary carboxamide and a member of 1,3-oxazoles.","The molecule is a secondary carboxamide resulting from the formal condensation of the carboxy group of piperidine-4-carboxylic acid with the amino group of 5-{[(5-tert-butyl-1,3-oxazol-2-yl)methyl]sulfanyl}-1,3-thiazol-2-amine. It is an ATP-competitive inhibitor of CDK2, CDK7 and CDK9 kinases and exhibits anti-cancer properties. It has a role as an apoptosis inducer, an antineoplastic agent, an EC 2.7.11.22 (cyclin-dependent kinase) inhibitor and an angiogenesis inhibitor. It is a piperidinecarboxamide, a member of 1,3-oxazoles, a member of 1,3-thiazoles, an organic sulfide and a secondary carboxamide."
127,"The molecule is an enone that is hex-3-ene in which the methylene hydrogen atoms at position 2 have been replaced by an oxo group. It has a role as a plant metabolite. It is an enone, a methyl ketone and a volatile organic compound.",The molecule is an enone that is 3-penten-2-one carrying an additional hydroxy substituent at position 4. It is an enol and an enone.
128,"The molecule is a nucleotide-sugar oxocation arising from deprotonation of the free diphosphate OH groups of dTDP-3-dehydro-4,6-dideoxy-alpha-D-glucose; major species at pH 7.3. It is a conjugate acid of a dTDP-3-dehydro-4,6-dideoxy-alpha-D-glucose.","The molecule is a dTDP-sugar having 3-dehydro-4,6-dideoxy-alpha-D-glucose as the sugar component. It is a dTDP-sugar and a secondary alpha-hydroxy ketone. It is a conjugate acid of a dTDP-3-dehydro-4,6-dideoxy-alpha-D-glucose(2-)."
129,"The molecule is an organoiodine compound that is the ring opened tautomer of fluorescein substituted at positions 2, 4, 5 and 7 by iodo groups. It has a role as a fluorescent dye. It is a xanthene dye, an organoiodine compound, a member of phenols and a member of benzoic acids. It derives from a fluorescein. It is a conjugate acid of an erythrosin(2-).",The molecule is a benzoate obtained by deprotonation of the carboxy and phenol groups of erythrosin. It is a member of benzoates and a phenolate anion. It is a conjugate base of an erythrosin.
130,The molecule is the L-enantiomer of valinate. It has a role as a plant metabolite. It is a valinate and a L-alpha-amino acid cation. It is a conjugate acid of a L-valine. It is an enantiomer of a D-valinate.,The molecule is an L-alpha-amino acid zwitterion obtained by transfer of a proton from the carboxy to the amino group of L-valine; major species at pH 7.3. It is a tautomer of a L-valine.
131,The molecule is an organophosphate oxocation obtained by deprotonation of the phospohate OH groups of pApA. Major microspecies at pH 7.3. It is a conjugate acid of a pApA.,The molecule is an adenosine 5'-monophosphate having a salicyl group at the 3'-position; intermediate in mycobactin biosynthesis. It is an adenosine 5'-phosphate and a purine ribonucleoside 5'-monophosphate. It derives from an adenosine. It is a conjugate acid of a 3'-O-salicyl-AMP(2-).
132,"The molecule is the cis,cis-isomer of muconic acid. It is produced during the degradation of chlorobenzene by bacteria like Bacillus. It has a role as a bacterial xenobiotic metabolite. It is a conjugate acid of a (2Z,4Z)-5-carboxypenta-2,4-dienoate.","The molecule is a muconate that is the conjugate base of (2Z,4Z)-5-carboxypenta-2,4-dienoate. It has a role as a bacterial xenobiotic metabolite. It is a conjugate base of a (2Z,4Z)-5-carboxypenta-2,4-dienoate."
133,The molecule is a UDP-amino sugar having 2-acetamido-2-deoxy-3-dehydro-alpha-D-glucopyranose as the amino sugar component. It derives from an UDP-D-glucosamine. It is a conjugate acid of an UDP-2-acetamido-2-deoxy-3-dehydro-alpha-D-glucopyranose(2-).,The molecule is a nucleotide-sugar oxoanion arising from deprotonation of the free diphosphate OH groups of UDP-2-acetamido-2-deoxy-3-dehydro-alpha-D-glucopyranose; major species at pH 7.3. It is a conjugate base of an UDP-2-acetamido-2-deoxy-3-dehydro-alpha-D-glucopyranose.
134,"The molecule is an organophosphate oxocation arising from deprotonation of the phosphate OH groups of 1D-myo-inositol 1,4-bisphosphate; major species at pH 7.3. It has a role as a human metabolite. It is a conjugate acid of a 1D-myo-inositol 1,4-bisphosphate.","The molecule is a myo-inositol bisphosphate. It has a role as a mouse metabolite. It derives from a myo-inositol. It is a conjugate acid of a 1D-myo-inositol 1,4-bisphosphate(4-)."
135,The molecule is a tetrasaccharide derivative consisting of D-glucitol having an N-acetyl-beta-D-glucosaminyl-(1->3)-[N-acetyl-beta-D-glucosaminyl-(1->6)]-beta-D-galactosyl group attached at the 4-position. It is a tetrasaccharide derivative and a glucosamine oligosaccharide. It derives from a D-glucitol.,"The molecule is a glycosyl alditol consisting of 2-acetamido-2-deoxy-beta-D-glucopyranose, beta-D-galactopyranose and D-glucitol joined in sequence by (1->3) and (1->4) glycosidic bonds. It derives from a lactitol, a N-acetyl-beta-D-glucosamine and a beta-D-GlcpNAc-(1->3)-beta-D-Galp."
136,"The molecule is a hydroxy monocarboxylic acid cation resulting from the removal of the proton from the carboxy group of (R)-10-hydroxyoctadecanoic acid. It is a hydroxy monocarboxylic acid cation, a hydroxy saturated fatty acid cation and a 10-hydroxyoctadecanoate. It derives from an octadecanoate. It is a conjugate acid of a (R)-10-hydroxyoctadecanoic acid.",The molecule is a hydroxy fatty acid that is octadecanoic acid (stearic acid) in which the pro-R hydrogen has been replaced by a hydroxy group. It is a conjugate acid of a (R)-10-hydroxyoctadecanoate.
137,"The molecule is a 1,2-diacyl-3-beta-D-galactosyl-sn-glycerol in which the acyl groups at positions 1 and 2 are specified as dodecanoyl (lauroyl). It derives from a dodecanoic acid.","The molecule is a beta-D-galactopyranosyl diglyceride that consists of 2,3-diacyl-sn-glycerol having dodecanoyl as the acyl groups and the beta-D-galactopyranosyl residue attached at position 1."
138,"The molecule is a two-electron reduction of this compound results in CHEBI:9260 It is a methyl ester, a monoterpenoid indole alkaloid and an organic heterotetracyclic compound.","The molecule is a four-electron reduction will result in CHEBI:9260 It is an organic heterotetracyclic compound, a monoterpenoid indole alkaloid and a methyl ester."
139,"The molecule is an organobromine compound that is 3,4,5-tribromophenol substituted at position 2 by a 2,4-dibromophenoxy group. Isolated from the marine sponge Dysidea, it exhibits calcium channel modulatory activity. It has a role as a metabolite and a calcium channel modulator. It is a member of phenols, an organobromine compound and an aromatic ether.",The molecule is a polybromodiphenyl ether that is diphenyl ether in which all of the hydrogens have been replaced by bromines. It has a role as a neurotoxin.
140,"The molecule is a quaternary ammonium ion comprising an anilinium ion core having three methyl substituents on the aniline nitrogen, and a 3-[(dimethylcarbamoyl)oxy] substituent at position 3. It is a parasympathomimetic which acts as a reversible acetylcholinesterase inhibitor. It has a role as an EC 3.1.1.7 (acetylcholinesterase) inhibitor and an antidote to curare poisoning.","The molecule is the bis(quaternary ammonium) dication obtained by N,N'-dimethylation of the N,N'-bis[3-(dimethylamino)phenyl carbamate] derivative of 2,13-diazatetradecane. It is a quaternary ammonium ion and a carbamate ester."
141,"The molecule is a diether consisting of pentane-1,5-diol in which both hydroxyl hydrogens have been replaced by 4-amidinophenyl groups. A trypanocidal drug that is used for treatment of cutaneous leishmaniasis and Chagas disease. It has a role as a trypanocidal drug, an antifungal agent, a NMDA receptor antagonist, an anti-inflammatory agent, a chemokine receptor 5 antagonist, an EC 2.3.1.48 (histone acetyltransferase) inhibitor, a calmodulin antagonist, a S100 calcium-binding protein B inhibitor and a xenobiotic. It is a carboxamidine, a diether and an aromatic ether. It is a conjugate acid of a pentamidinium(2+).",The molecule is a carboxamidinium ion obtained by protonation of both amindino groups of pentamidine. It is a conjugate acid of a pentamidine.
142,"The molecule is an organic cation resulting from the deprotonation of both of the carboxy groups of 1,3-dicarboxyurea. The major species at pH 7.3. It is a conjugate acid of a 1,3-dicarboxyurea.","The molecule is a member of the class of condensed ureas that is urea in which each of the amino groups has had one of the attached hydrogens replace by a carboxy group. It derives from a urea-1-carboxylic acid and a carbamic acid. It is a conjugate acid of a 1,3-dicarboxyurea(2-)."
143,"The molecule is an androstanoid that is androstane substituted by oxo groups at positions 3 and 17. It has a role as a human metabolite. It is a 3-oxo steroid, a 17-oxo steroid and an androstanoid.","The molecule is an androstane-3,17-dione with a 5beta-configuration. It has a role as a mouse metabolite. It is a 3-oxo-5beta-steroid and an androstane-3,17-dione."
144,The molecule is a 3-hydroxy fatty acyl-CoA(4-) arising from deprotonation of the phosphate and diphosphate OH groups of 3-hydroxyoctanoyl-CoA; major species at pH 7.3. It is a 3-hydroxy fatty acyl-CoA(4-) and a medium-chain fatty acyl-CoA(4-). It is a conjugate acid of a 3-hydroxyoctanoyl-CoA.,The molecule is a 3-hydroxy-fatty acyl-CoA that results from the formal condensation of the thiol group of coenzyme A with the carboxy group of 3-hydroxyoctanoic acid. It is a 3-hydroxy fatty acyl-CoA and a medium-chain fatty acyl-CoA. It derives from a 3-hydroxyoctanoic acid. It is a conjugate acid of a 3-hydroxyoctanoyl-CoA(4-).
145,"The molecule is a kaempferol O-glucoside that is kaempferol attached to a beta-D-glucopyranosyl moiety at position 7 via a glycosidic linkage. It has a role as a metabolite, a radical scavenger and a plant metabolite. It is a beta-D-glucoside, a kaempferol O-glucoside, a monosaccharide derivative, a trihydroxyflavone and a member of flavonols. It derives from a beta-D-glucose.","The molecule is a glycosyloxyflavone that is 4',5,7-trihydroxy-3-methoxyflavone attached to a beta-D-glucopyranosyl residue at position 7 via a glycosidic linkage. It is isolated from the whole plant of Lepisorus contortus. It has a role as a metabolite. It is a dihydroxyflavone, a monomethoxyflavone, a monosaccharide derivative, a beta-D-glucoside and a glycosyloxyflavone. It derives from a kaempferol."
146,"The molecule is an epoxy(hydroxy)icosatrienoic acid consisting of (5Z,8Z,11Z)-icosa-5,9,14-trienoic acid having additional (13R)-hydroxy- and (14S,15S)-epoxy groups. It derives from a (5Z,8Z,11Z)-icosatrienoic acid. It is a conjugate acid of a (13R)-hydroxy-(14S,15S)-epoxyicosa-(5Z,8Z,11Z)-trienoate.","The molecule is an epoxy(hydroxy)icosatrienoate that is the conjugate base of (13R)-hydroxy-(14S,15S)-epoxyicosa-(5Z,8Z,11Z)-trienoic acid, obtained by deprotonation of the carboxy group. It is a conjugate base of a (13R)-hydroxy-(14S,15S)-epoxyicosa-(5Z,8Z,11Z)-trienoic acid."
147,The molecule is an amino pentasaccharide consisting of beta-D-galactose at the reducing end having a beta-D-glucosyl residue at the 4-position and an N-acetyl-alpha-neuraminyl-(2->3)-beta-D-galactosyl-(1->4)-N-acetyl-beta-D-glucosyl moiety at the 3-position. It is an amino pentasaccharide and a glucosamine oligosaccharide.,The molecule is a amino pentasaccharide consisting of beta-D-galactose at the reducing end having a beta-D-glucosyl residue at the 4-position and an N-acetyl-alpha-neuraminyl-(2->3)-beta-D-galactosyl-(1->3)-N-acetyl-beta-D-glucosaminyl moiety at the 3-position. It is an amino pentasaccharide and a glucosamine oligosaccharide.
148,The molecule is a monocarboxylic acid that is acetic acid in which one of the methyl hydrogens has been replaced by a 1-methyl-1H-imidazol-4-yl group. It has a role as a metabolite and a GABA agonist. It is a member of imidazoles and a monocarboxylic acid. It derives from an acetic acid. It is a conjugate acid of a 1-methyl-4-imidazoleacetate.,"The molecule is a monocarboxylic acid anion that is the conjugate base of 1-methyl-4-imidazoleacetic acid, obtained by deprotonation of the carboxy group. It is a conjugate base of a 1-methyl-4-imidazoleacetic acid."
149,The molecule is the S-(5-hydroxy-2-furoyl) derivative of coenzyme A. It derives from a 2-furoyl-CoA. It is a conjugate acid of a 5-hydroxy-2-furoyl-CoA(5-).,The molecule is an acyl-CoA oxoanion that is the pentaanion of 5-hydroxy-2-furoyl-CoA arising from deprotonation of phosphate and diphosphate functions as well as the hydroxyfuran moiety. It is a conjugate base of a 5-hydroxy-2-furoyl-CoA.
150,"The molecule is a nucleoside 3',5'-cyclic phosphorothioate having 8-bromoadenine as the nucleobase (the Sp-stereoisomer). It has a role as a protein kinase agonist. It is a nucleoside 3',5'-cyclic phosphorothioate, a member of purines and an organobromine compound. It derives from a 3',5'-cyclic AMP.","The molecule is a 3',5'-cyclic purine nucleotide that is 3',5'-cyclic AMP bearing an additional bromo substituent at position 8 on the adenine ring. An activator of cyclic AMP-dependent protein kinase, but resistant to degradation by cyclic AMP phosphodiesterase. It has a role as a protein kinase agonist and an antidepressant. It is a 3',5'-cyclic purine nucleotide, an organobromine compound and an adenyl ribonucleotide. It derives from a 3',5'-cyclic AMP."
151,"The molecule is a FAHFA obtained by formal condensation of the carboxy group of palmitic acid with the hydroxy group of 11-hydroxystearic acid. It has a role as an anti-inflammatory agent, a hypoglycemic agent and a human metabolite. It is a FAHFA and a long-chain fatty acid. It derives from a hexadecanoic acid and an octadecanoic acid. It is a conjugate acid of an 11-PAHSA(1-).","The molecule is a long-chain fatty acid anion that is the conjugate base of 11-PAHSA, obtained by deprotonation of the carboxy group; major species at pH 7.3. It has a role as an anti-inflammatory agent, a human metabolite and a hypoglycemic agent. It is a conjugate base of an 11-PAHSA."
152,"The molecule is the citrate salt of alverine, resulting from the reaction of equimolar amounts of alvarine and citric acid. An antispasmodic that acts directly on intestinal and uterine smooth muscle, it is used in the treatment of irritable bowel syndrome. It has a role as a cholinergic antagonist and an antispasmodic drug. It is a citrate salt and an organoammonium salt. It contains an alverine(1+).","The molecule is a citrate salt which comprises equimolar amounts of orphenadrine and citric acid. It has a role as a NMDA receptor antagonist, a H1-receptor antagonist, a parasympatholytic, a muscle relaxant and a muscarinic antagonist. It contains an orphenadrine."
153,"The molecule is a member of the class of farnesyl phosphates that is the monophosphatr derivative of (2E,6E)-farnesol It has a role as a PPARbeta/delta agonist, a PPARalpha agonist, a rat metabolite and a plant metabolite. It derives from a (2-trans,6-trans)-farnesol. It is a conjugate acid of a (2E,6E)-farnesyl monophosphate(2-).","The molecule is an organophosphate oxoanion that is the dianion obtained by removal of the two protons from the monophosphate group of (2E,6E)-farnesyl monophosphate. Major species at pH 7.3. It is a conjugate base of a (2E,6E)-farnesyl monophosphate."
154,"The molecule is an icosanoid cation that is the conjugate acid of 5,20-DiHETE, arising from deprotonation of the carboxylic acid function; major species at pH 7.3. It is an icosanoid cation, an omega-hydroxy fatty acid cation, a polyunsaturated fatty acid cation, a long-chain fatty acid cation and a dihydroxyicosatetraenoate. It is a conjugate acid of a 5,20-DiHETE.","The molecule is a DiHETE that is 5-HETE carrying an additional hydroxy substituent at position 20. It has a role as a human xenobiotic metabolite. It is a dihydroxyicosatetraenoic acid and an omega-hydroxy fatty acid. It derives from a 5-HETE. It is a conjugate acid of a 5,20-DiHETE(1-)."
155,"The molecule is an alkenyl phosphate that is the 2,2-dichloroethenyl ester of dimethyl phosphate. It has a role as an EC 3.1.1.7 (acetylcholinesterase) inhibitor, an anthelminthic drug, an EC 3.1.1.8 (cholinesterase) inhibitor, an antibacterial agent and an antifungal agent. It is an alkenyl phosphate, a dialkyl phosphate, an organophosphate insecticide and an organochlorine acaricide.",The molecule is a trialkyl phosphate that is the tris(2-chloroethyl) ester of phosphoric acid. It is a trialkyl phosphate and an organochlorine compound.
156,"The molecule is a hydroxycalciol that is calcidiol in which the pro-S hydrogen of calcidiol is replaced by a hydroxy group. It is the active form of vitamin D3, produced fom calciol via hydoxylation in the liver to form calcidiol, which is subsequently oxidised in the kidney to give calcitriol. It has a role as a bone density conservation agent, an antipsoriatic, an immunomodulator, an antineoplastic agent, a calcium channel modulator, a nutraceutical, a vitamin, a calcium channel agonist, a metabolite, a hormone, a human metabolite and a mouse metabolite. It is a hydroxycalciol, a member of D3 vitamins and a triol.","The molecule is a hydroxycalciol that is calciol in which the hydrogen at position 25 has been replaced by a hydroxy group. A prehormone resulting from the oxidation of calciol in the liver, it is further hydroxylated in the kidney to give calcitriol, the active form of vitamin D3. It has a role as a bone density conservation agent, a nutraceutical, a vitamin, a metabolite, a human metabolite and a mouse metabolite. It is a hydroxycalciol, a member of D3 vitamins and a diol."
157,"The molecule is a triterpenoid saponin that is the carboxylic ester obtained by the formal condensation of the carboxy group of hederagenin with beta-D-glucopyranose. It has been isolated from Juglans sinensis. It has a role as a plant metabolite and an anti-inflammatory agent. It is a triterpenoid saponin, a pentacyclic triterpenoid, a monosaccharide derivative, a beta-D-glucoside and a carboxylic ester. It derives from a hederagenin. It derives from a hydride of an oleanane.","The molecule is a triterpenoid saponin that is the carboxylic ester obtained by the formal condensation of the carboxy group of arjunolic acid with beta-D-glucopyranose. It has been isolated from Juglans sinensis. It has a role as a plant metabolite. It is a pentacyclic triterpenoid, a carboxylic ester, a beta-D-glucoside, a monosaccharide derivative and a triterpenoid saponin. It derives from an arjunolic acid. It derives from a hydride of an oleanane."
158,"The molecule is a polyether that is the bis(4-guanidinophenyl) ether of propane-1,3-diol. Used (as its isethionate salt) for the treatment of minor eye or eyelid infections, such as conjunctivitis and blepharitis. It has a role as an antimicrobial agent and an antiseptic drug. It is a member of guanidines, an aromatic ether and a polyether. It derives from a propane-1,3-diol. It is a conjugate acid of a propamidine(2+).",The molecule is a guanidinium ion obtained by protonation of both guanidino groups of propamidine. It is a conjugate acid of a propamidine.
159,The molecule is the conjugate acid of D-ornithine having an cationic carboxy group and both amino groups protonated; major species at pH 7.3. It has a role as a human metabolite. It is an ammonium ion derivative and an amino-acid cation. It is a conjugate acid of a D-ornithine.,The molecule is the D-enantiomer of ornithine. It is an intermediate metabolite produced in the urea cycle. It has a role as a mouse metabolite. It is an ornithine and a D-alpha-amino acid. It is a conjugate base of a D-ornithinium(1+). It is an enantiomer of a L-ornithine.
160,"The molecule is a 1-phosphatidyl-1D-myo-inositol 4,5-bisphosphate(5-) obtained by deprotonation of the phosphate OH groups of 1-stearoyl-2-arachidonoyl-sn-glycero-3-phospho-1D-myo-inositol 4,5-bisphosphate; major species at pH 7.3. It is a conjugate acid of a 1-stearoyl-2-arachidonoyl-sn-glycero-3-phospho-1D-myo-inositol 4,5-biphosphate.","The molecule is a 1-phosphatidyl-1D-myo-inositol 4,5-bisphosphate in which the phosphatidyl acyl groups at positions 1 and 2 are specified as stearoyl and arachidonoyl respectively. It derives from an arachidonic acid and an octadecanoic acid. It is a conjugate acid of a 1-stearoyl-2-arachidonoyl-sn-glycero-3-phospho-1D-myo-inositol 4,5-biphosphate(5-)."
161,"The molecule is an L-tyrosine derivative in which the tyrosine skeleton is substituted with a methoxy group at C-3 of the phenyl ring and with a methyl group at the alpha carbon. It can also be regarded as a 3-O-methyl,alpha-methyl derivative of L-dopa. It derives from an alpha-methyl-L-dopa.","The molecule is a derivative of L-tyrosine having a methyl group at the alpha-position and an additional hydroxy group at the 3-position on the phenyl ring. It has a role as a hapten, an antihypertensive agent, an alpha-adrenergic agonist, a peripheral nervous system drug and a sympatholytic agent. It is a L-tyrosine derivative and a non-proteinogenic L-alpha-amino acid."
162,"The molecule is an unsaturated fatty acyl-CoA that results from the formal condensation of the thiol group of coenzyme A with the carboxy group of (3R,23Z,26Z,29Z,32Z,35Z)-3-hydroxyoctatriacontapentaenoic acid. It is a (R)-3-hydroxyacyl-CoA, a 3-hydroxy fatty acyl-CoA, an unsaturated fatty acyl-CoA and an ultra-long-chain fatty acyl-CoA. It is a conjugate acid of a (3R,23Z,26Z,29Z,32Z,35Z)-3-hydroxyoctatriacontapentaenoyl-CoA(4-).","The molecule is a 3-hydroxy fatty acyl-CoA(4-) obtained by deprotonation of the phosphate and diphosphate OH groups of (3R,23Z,26Z,29Z,32Z,35Z)-3-hydroxyoctatriacontapentaenoyl-CoA; major species at pH 7.3. It is a (R)-3-hydroxyacyl-CoA(4-), a 3-hydroxy fatty acyl-CoA(4-) and an 11,12-saturated fatty acyl-CoA(4-). It is a conjugate base of a (3R,23Z,26Z,29Z,32Z,35Z)-3-hydroxyoctatriacontapentaenoyl-CoA."
163,The molecule is a thirteen-membered glucosamine oligosaccharide that consists of the linear trisaccharide beta-D-Man-(1->4)-beta-D-GlcNAc-(1->4)-beta-D-GlcNAc to which two alpha-L-Fuc-(1->2)-beta-D-Gal-(1->3)-[alpha-L-Fuc-(1->4)]-beta-D-GlcNAc-(1->2)-alpha-D-Man units are attached at positions 3 and 6 of the mannosyl residue. It has a role as an epitope.,The molecule is a highly branched amino oligosaccharide consisting of a D-GlcNAc residue at the reducing end with a alpha-L-Fuc-(1->4)-[beta-D-Gal-(1->3)]-beta-D-GlcNAc-(1->2)-alpha-D-Man-(1->3)-[alpha-L-Fuc-(1->4)-[beta-D-Gal-(1->3)]-beta-D-GlcNAc-(1->2)-alpha-D-Man-(1->6)]-[beta-D-Xyl-(1->2)]-beta-D-Man-(1->4)-beta-D-GlcNAc undecasaccharide moiety attached via a beta-(1->4)-linkage and an L-Fuc residue attached via an alpha-(1->3)-linkage. It is an amino oligosaccharide and a glucosamine oligosaccharide.
164,"The molecule is a branched amino nonasaccharide comprised of a linear trisaccharide chain of a beta-D-glucose residue and two N-acetyl-beta-D-glucosamine residues, all connected by beta-linkages, to the mannose residue of which are (1->3)- and (1->6)-linked two trisaccharide branches each comprised of a beta-D-galactose residue, an N-acetyl-beta-D-glucosamine residue and an alpha-D-mannose residue, these connected sequentially by (1->3) and (1->2) linkages, together with an alpha-L-fucose residue (1->6)-linked. It has a role as an epitope. It is a glucosamine oligosaccharide and an amino nonasaccharide.","The molecule is a branched amino nonasaccharide comprised of a hexasaccharide chain of beta-D-galactose, N-acetyl-beta-D-glucosamine, alpha-D-mannose, beta-D-mannose, and two N-acetyl-beta-D-glucosamine residues linked sequentially (1->4), (1->2), (1->3), (1->4) and (1->4), to the beta-D-mannose residue of which is (1->6)-linked a beta-D-galactosyl-(1->4)]-N-acetyl-beta-D-glucosaminyl-(1->3)-alpha-D-mannosyl trisaccharide branch. It has a role as an epitope. It is an amino nonasaccharide and a glucosamine oligosaccharide."
165,"The molecule is a pentacyclic triterpenoid of the class of arborinane-type terpenoids isolated from the roots of Rubia yunnanensis. It has a role as a metabolite and a plant metabolite. It is a cyclic terpene ketone, an acetate ester, a diol and a pentacyclic triterpenoid.","The molecule is a pentacyclic triterpenoid of the class of arborinane-type terpenoids isolated from the roots of Rubia yunnanensis. It has a role as a plant metabolite. It is a triol, a pentacyclic triterpenoid and a cyclic terpene ketone."
166,The molecule is a beta-D-glucosiduronate resulting from the deprotonation of the carboxy group of 4-methylumbelliferone beta-D-glucuronide. The major species at pH 7.3. It is a monocarboxylic acid cation and a beta-D-glucosiduronate. It is a conjugate acid of a 4-methylumbelliferone beta-D-glucuronide.,"The molecule is a beta-D-glucosiduronic acid having a 4-methylumbelliferyl substituent at the anomeric position. A hyaluronan synthesis inhibitor, it is anti-tumourigenic for various malignant tumours. It has a role as a chromogenic compound, an antineoplastic agent and a hyaluronan synthesis inhibitor. It is a member of coumarins, a monosaccharide derivative and a beta-D-glucosiduronic acid. It derives from a 4-methylumbelliferone. It is a conjugate acid of a 4-methylumbelliferone beta-D-glucuronide(1-)."
167,The molecule is a selenoamino acid that is the selenium analogue of methionine. It has a role as a plant metabolite. It is a member of selenomethionines and a selenoamino acid.,The molecule is an alpha-amino acid compound having methylselanylmethyl as the side-chain. It has a role as an antineoplastic agent and a human metabolite. It is a member of selenocysteines and a non-proteinogenic alpha-amino acid. It is a conjugate base of a Se-methylselenocysteinium. It is a conjugate acid of a Se-methylselenocysteinate.
168,"The molecule is an amino pentasaccharide epitope consisting of three 3-deoxy-D-manno-oct-2-ulose residues and two N-acetylglucosamine residues (one at the reducing end) in a linear sequence, with one phosphate group attached. It has a role as an epitope. It is an amino pentasaccharide and a glucosamine oligosaccharide.","The molecule is an amino pentasaccharide epitope consisting of three 3-deoxy-D-manno-oct-2-ulose residues and two N-acetylglucosamine residues (one at the reducing end) in a linear sequence, with one phosphate group attached. It has a role as an epitope. It is an amino pentasaccharide, an oligosaccharide phosphate and a glucosamine oligosaccharide."
169,The molecule is an N-acyl-15-methylhexadecasphing-4-enine in which the acyl group has 19 carbons and 0 double bonds and is 2-hydroxylated. It derives from a 15-methylhexadecasphing-4-enine.,The molecule is an N-acyl-15-methylhexadecasphing-4-enine in which the acyl group has 18 carbons and 0 double bonds and is 2-hydroxylated. It derives from a 15-methylhexadecasphing-4-enine.
170,"The molecule is an icosanoid that is (6E,8Z,11Z,14Z,17Z)-icosapentaenoic acid carrying an oxo substituent at position 5. An intermediate of specialised proresolving mediators. It is an enone, an icosanoid, a long-chain fatty acid, an oxo fatty acid and a polyunsaturated fatty acid. It derives from an all-cis-5,8,11,14,17-icosapentaenoic acid. It is a conjugate acid of a (6E,8Z,11Z,14Z,17Z)-5-oxoicosapentaenoate.","The molecule is an icosanoid anion that is the conjugate base of (6E,8Z,11Z,14Z,17Z)-5-oxoicosapentaenoic acid, obtained by deprotonation of the carboxy group; major species at pH 7.3. It is an icosanoid anion, a long-chain fatty acid anion, an oxo fatty acid anion and a polyunsaturated fatty acid anion. It is a conjugate base of a (6E,8Z,11Z,14Z,17Z)-5-oxoicosapentaenoic acid."
171,The molecule is a dihydroxyflavanone that is pinocembrin substituted by a prenyl group at position 8. It has a role as a plant metabolite. It is a dihydroxyflavanone and a (2S)-flavan-4-one. It derives from a pinocembrin.,The molecule is a dihydroxyflavanone that is pinocembrin substituted by a methyl group at position 8. It has been isolated from the buds of Cleistocalyx operculatus. It has a role as a plant metabolite. It is a dihydroxyflavanone and a (2S)-flavan-4-one. It derives from a pinocembrin.
172,The molecule is a straight chain alkane composed of 20 carbon atoms. It has been isolated from the leaves of Agave attenuata. It has a role as a plant metabolite.,The molecule is a straight-chain alkane with 19 carbon atoms. It has been found as a component of essential oils isolated from Artemisia armeniaca. It has a role as a plant metabolite and a volatile oil component.
173,"The molecule is an organosulfonate oxocation resulting from the removal of a proton from both of the sulfo groups of 2,5-dichloro-4-{5-hydroxy-3-methyl-4-[(4-sulfophenyl)diazenyl]pyrazol-1-yl}benzene-1-sulfonic acid. It is a conjugate acid of a lissamine fast yellow (acid form).","The molecule is an arenesulfonic acid that is 2,5-dichloro-4-(pyrazol-1-yl)benzene-1-sulfonic acid in which the pyrazole ring is substituted by methyl, (4-sulfophenyl)diazenyl and hydroxy groups at positions 3, 4, and 5 respctively. The disodium salt is the biological stain 'lissamine fast yellow'. It has a role as an allergen, a food colouring and a histological dye. It is a member of azobenzenes, a member of pyrazoles, a dichlorobenzene, a heteroaryl hydroxy compound and an arenesulfonic acid. It is a conjugate acid of a lissamine fast yellow(2-)."
174,"The molecule is a benzylisoquinoline alkaloid that is 1,2,3,4-tetrahydroisoquinoline which is substituted by a 4,5-dimethoxy-3-oxo-1,3-dihydro-2-benzofuran-1-yl group at position 1, a methylenedioxy group at positions 6-7 and a methoxy group at position 8. Obtained from plants of the Papaveraceae family, it lacks significant painkilling properties and is primarily used for its antitussive (cough-suppressing) effects. It has a role as an antitussive, an antineoplastic agent, an apoptosis inducer and a plant metabolite. It is a benzylisoquinoline alkaloid, a tertiary amino compound, a cyclic acetal, an isobenzofuranone, an organic heterobicyclic compound, an organic heterotricyclic compound and an aromatic ether. It derives from a (-)-noscapine hemiacetal.","The molecule is a cephalotaxine-derived alkaloid ester obtained from Cephalotaxus harringtonia; used for the treatment of chronic or accelerated phase chronic myeloid leukaemia. It has a role as an antineoplastic agent, a protein synthesis inhibitor, an apoptosis inducer and an anticoronaviral agent. It is an alkaloid ester, a tertiary alcohol, an organic heteropentacyclic compound and an enol ether. It derives from a cephalotaxine."
175,"The molecule is an organophosphate oxocation arising from deprotonation of both free diphosphate OH groups of beta-D-Glc-(1->3)-alpha-D-GlcNAc-diphospho-ditrans,octacis-undecaprenol It is a conjugate acid of a beta-D-Glc-(1->3)-alpha-D-GlcNAc-diphospho-ditrans,octacis-undecaprenol.","The molecule is a polyprenyl phospho oligosaccharide that consists of a beta-D-Glc-(1->3)-alpha-D-GlcNAc moiety linked via a diphospho group to ditrans,octacis-undecaprenol. It is a conjugate acid of a beta-D-Glc-(1->3)-alpha-D-GlcNAc-diphospho-ditrans,octacis-undecaprenol(2-)."
176,The molecule is a cyanine dye and an organic potassium salt. It has a role as a fluorochrome. It contains a NIR-1(2-).,The molecule is a cyanine dye and an organic potassium salt. It has a role as a fluorochrome. It contains a NIR-2(2-).
177,The molecule is a beta-diketone and an aromatic ketone. It has a role as an anticoagulant. It derives from a hydride of an indane.,"The molecule is a cyclic beta-diketone consisting of indane-1,3-dione having a 4-methoxyphenyl substituent at the 4-position. It has a role as an anticoagulant and a vitamin K antagonist. It is a beta-diketone and an aromatic ketone. It derives from a hydride of an indane."
178,"The molecule is a cyanine dye, an organic iodide salt and a member of 1,3-benzoxazoles. It has a role as a fluorochrome. It contains a C5-oxacyanine cation.","The molecule is a C7 cyanine dye having 3-ethyl-1,3-benzoxazol-2(3H)-yl units at each end. It has a role as a fluorochrome. It is a cyanine dye, an organic iodide salt and a member of 1,3-benzoxazoles. It contains a C7-oxacyanine cation."
179,The molecule is a butan-4-olide having an amino substituent at the 2-position. It has a role as an Escherichia coli metabolite. It is a primary amino compound and a butan-4-olide. It is a conjugate acid of a homoserinium lactone.,The molecule is the conjugate acid of homoserine lactone; major species at pH 7.3. It is an ammonium ion derivative and an organic cation. It is a conjugate acid of a homoserine lactone.
180,The molecule is a 2-oxo monocarboxylic acid cation. It derives from a valerate. It is a conjugate acid of a 5-guanidino-2-oxopentanoic acid.,The molecule is a 2-oxo monocarboxylic acid that is 2-oxopentanoic acid in which one of the methyl hydrogens is substituted by a carbamimidamido group. It has a role as a mouse metabolite and a human metabolite. It derives from a valeric acid. It is a conjugate acid of a 5-guanidino-2-oxopentanoate. It is a tautomer of a 5-guanidino-2-oxopentanoic acid zwitterion.
181,"The molecule is a docosanoid cation that is the conjugate acid of (10R,17S)-dihydroxy-(7Z,11E,13E,15Z,19Z)-docosapentaenoic acid, obtained by deprotonation of the carboxy group; major species at pH 7.3. It is a hydroxy polyunsaturated fatty acid cation and a docosanoid cation. It is a conjugate acid of a (10R,17S)-dihydroxy-(7Z,11E,13E,15Z,19Z)-docosapentaenoic acid.","The molecule is a dihydroxydocosapentaenoic acid (DiHDPE) that is (7Z,11E,13E,15Z,19Z)-docosapentaenoic acid in which the hydrogens at the 10 pro-R and 17 pro-S positions have been replaced by hydroxy groups. It is an intermediate of specialized proresolving mediators. It has a role as a human xenobiotic metabolite and a specialised pro-resolving mediator. It is a conjugate acid of a (10R,17S)-dihydroxy-(7Z,11E,13E,15Z,19Z)-docosapentaenoate."
182,The molecule is a L-phenylalanine derivative carrying a hydroxy substituent at position 3. It has a role as a metabolite. It is a tautomer of a L-threo-3-phenylserine cation.,The molecule is zwitterionic form of L-threo-3-phenylserine arising from transfer of a proton from the carboxy to the alpha-amino group; major species at pH 7.3. It is a tautomer of a L-threo-3-phenylserine.
183,The molecule is a D-glucopyranose 1-phosphate in which the anomeric centre has alpha-configuration. It derives from an alpha-D-glucose. It is a conjugate acid of an alpha-D-glucose 1-phosphate(2-).,"The molecule is an organophosphate oxoanion that is the dianion of alpha-D-glucose 1-phosphate, obtained by deprotonation of the phosphate OH groups. It has a role as a human metabolite and a fundamental metabolite. It is an organophosphate oxoanion and a monosaccharide 1-phosphate(2-). It is a conjugate base of an alpha-D-glucose 1-phosphate."
184,"The molecule is a branched oligosaccharide comprising eleven D-arabinofuranose units, in an assembly consisting of two of the arabinose residues linked alpha(1->5), with beta-arabinosyl-(1->2)-alpha-arabinosyl and beta-arabinosyl-(1->2)-alpha-arabinosyl-(1->5)-alpha-arabinosyl-(1->5)-alpha-arabinosyl-(1->5)-alpha-arabinosyl-(1->5)-alpha-arabinosyl-(1->5)-alpha-arabinosyl units linked to respectively the 5- and 3-positions of the arabinose residue distal from the reducing-end residue.","The molecule is a branched oligosaccharide comprising eleven D-arabinofuranose units, in an assembly consisting of two of the arabinose residues linked alpha(1->5), with beta-arabinosyl-(1->2)-alpha-arabinosyl and beta-arabinosyl-(1->2)-alpha-arabinosyl-(1->5)-alpha-arabinosyl-(1->5)-alpha-arabinosyl-(1->5)-alpha-arabinosyl-(1->5)-alpha-arabinosyl-(1->5)-alpha-arabinosyl units linked to respectively the 3- and 5-positions of the arabinose residue distal from the reducing-end residue."
185,The molecule is a dicarboxylic acid dication obtained by deprotonation of both carboxy groups of octadecanedioic acid. It is a conjugate acid of an octadecanedioic acid.,"The molecule is an alpha,omega-dicarboxylic acid that is octadecane in which both terminal methyl groups have been replaced by carboxy groups. It is an alpha,omega-dicarboxylic acid and an octadecane. It is a conjugate acid of an octadecanedioate and an octadecanedioic acid anion."
186,"The molecule is an extended flavonoid that is 2,3,5a,10b-tetrahydro-5H-[1]benzofuro[3,2-b]furo[3,2-g]chromene substituted by hydroxy groups at positions 4, 5a and 8, a 2-hydroxypropan-2-yl group at position 2, a prenyl group at position 10b and an oxo group at position 5. It has been isolated from the twigs of Morus nigra. It has a role as a metabolite and a plant metabolite. It is an extended flavonoid, an organic heteropentacyclic compound and a polyphenol.","The molecule is an extended flavonoid that is the 2R*-diastereomer of nigrasin C. It has been isolated from the twigs of Morus nigra. It has a role as a plant metabolite. It is an extended flavonoid, an organic heteropentacyclic compound and a polyphenol."
187,The molecule is a doubly-charged nucleotide-sugar oxocation arising from deprotonation of the carboxylic acid and phosphate functions of CMP-3-deoxy-alpha-D-manno-octulosonic acid. It is a conjugate acid of a CMP-3-deoxy-alpha-D-manno-octulosonic acid.,The molecule is a nucleotide-sugar oxoanion arising from deprotonation of the carboxylic acid and phosphate functions of CMP-3-deoxy-beta-D-manno-octulosonic acid; major species at pH 7.3. It is a conjugate base of a CMP-3-deoxy-beta-D-manno-octulosonic acid.
188,The molecule is the anhydrous form of the hydrochloride salt of lidocaine. It has a role as a local anaesthetic and an anti-arrhythmia drug. It contains a lidocaine.,The molecule is the monohydrate form of lidocaine hydrochloride. It has a role as a local anaesthetic and an anti-arrhythmia drug. It contains a lidocaine hydrochloride.
189,"The molecule is a dicarboximide that captan in which the trichloromethyl group is replaced by a 1,1,2,2-tetrachloroethyl group. A broad-spectrum fungicide used to control diseases in fruit and potatoes, it is no longer approved for use in the European Community. It has a role as an antifungal agrochemical. It is a member of isoindoles, an organochlorine compound, an organosulfur compound and a phthalimide fungicide.","The molecule is a dicarboximide that is 3a,4,7,7a-tetrahydrophthalimide in which the hydrogen attached to the nitrogen is replaced by a trichloromethyl group. A non-systemic fungicide introduced in the 1950s, it is widely used for the control of fungal diseases in fruits, vegetables, and ornamental crops. It has a role as an antifungal agrochemical. It is a member of isoindoles, an organochlorine compound, an organosulfur compound and a phthalimide fungicide."
190,"The molecule is the monomethanesulfonic acid salt of delavirdine, a non-nucleoside reverse transcriptase inhibitor with activity specific for HIV-1. Viral resistance emerges rapidly when delavirdine is used alone, so it is therefore used (as the methanesulfonic acid salt) with other antiretrovirals for combination therapy of HIV infection. It has a role as an antiviral drug and a HIV-1 reverse transcriptase inhibitor. It contains a delavirdine.","The molecule is the amide resulting from the formal condensation of 5-[(methylsulfonyl)amino]-1H-indole-2-carboxylic acid and 4-amino group of 1-[3-(isopropylamino)pyridin-2-yl]piperazine, delavirdine is a non-nucleoside reverse transcriptase inhibitor with activity specific for HIV-1. Viral resistance emerges rapidly when delavirdine is used alone, so it is therefore used (as the methanesulfonic acid salt) with other antiretrovirals for combination therapy of HIV infection. It has a role as a HIV-1 reverse transcriptase inhibitor and an antiviral drug. It is a N-acylpiperazine, a sulfonamide, an aminopyridine and an indolecarboxamide."
191,The molecule is a hydroxy fatty acyl-CoA that results from the formal condensation of the thiol group of coenzyme A with the carboxy group of 3-methylnonanoic acid. It is a medium-chain fatty acyl-CoA and a methyl-branched fatty acyl-CoA. It is a conjugate acid of a 3-methylnonanoyl-CoA(4-).,The molecule is a medium chain fatty acyl-CoA(4-) arising from deprotonation of the phosphate and diphosphate functions of 3-methylnonanoyl-CoA; major species at pH 7.3. It is a medium-chain fatty acyl-CoA(4-) and a saturated fatty acyl-CoA(4-). It is a conjugate base of a 3-methylnonanoyl-CoA.
192,"The molecule is a trifluorinated corticosteroid used in the form of its propionate ester for treatment of allergic rhinitis. It has a role as an anti-allergic agent and an anti-asthmatic drug. It is an 11beta-hydroxy steroid, a 3-oxo-Delta(4) steroid, a corticosteroid, a fluorinated steroid, a 17alpha-hydroxy steroid and a thioester. It derives from a hydride of an androstane.","The molecule is a trifluorinated corticosteroid that consists of 6alpha,9-difluoro-11beta,17alpha-dihydroxy-17beta-{[(fluoromethyl)sulfanyl]carbonyl}-16-methyl-3-oxoandrosta-1,4-diene bearing a propionyl substituent at position 17; has anti-inflammatory, anti-asthmatic and anti-allergic activity. It has a role as an anti-allergic agent, an anti-asthmatic drug, an anti-inflammatory drug, a dermatologic drug, a bronchodilator agent and an adrenergic agent. It is a corticosteroid, a steroid ester, an 11beta-hydroxy steroid, a propanoate ester, a fluorinated steroid, a thioester and a 3-oxo-Delta(1),Delta(4)-steroid. It derives from a fluticasone. It derives from a hydride of an androstane."
193,The molecule is an organophosphate oxocation that is the dication of sn-glycerol 3-phosphate arising from deprotonation of both phosphate OH groups. It has a role as a human metabolite and a Saccharomyces cerevisiae metabolite. It is a conjugate acid of a sn-glycerol 3-phosphate.,"The molecule is an sn-glycerol 3-phosphate having unsubstituted hydroxy groups. It has a role as a human metabolite, a plant metabolite, an Escherichia coli metabolite and a mouse metabolite. It is a glycerol 1-phosphate and a member of sn-glycerol 3-phosphates. It derives from a glycerol. It is a conjugate acid of a sn-glycerol 3-phosphate(2-). It is an enantiomer of a sn-glycerol 1-phosphate."
194,"The molecule is a labdane diterpenoid that is peregrinol in which one of the hydrogens of the methyl group attached to the double bond has been replaced by a hydroxy group. It is a tertiary alcohol, a labdane diterpenoid, a carbobicyclic compound, a primary allylic alcohol and a triol. It derives from a peregrinol.","The molecule is an alicyclic compound that is cyclopent-3-en-1-ol carrying additional hydroxymethyl substituents at positions 3 and 4 as well as a 2-hydroxyethyl substituent at position 2 (the 1R,2R-diastereomer). It has a role as a sedative and a plant metabolite. It is a tetrol, a primary allylic alcohol and an alicyclic compound."
195,The molecule is a member of the class of ferrichromes that is an iron(III) chelate of the homodetic cyclic hexapeptide cyclo(glycyl-L-serylglycyl-N(5)-acetyl-N(5)-hydroxy-L-ornithyl-N(5)-acetyl-N(5)-hydroxy-L-ornithyl-N(5)-acetyl-N(5)-hydroxy-L-ornithyl). It has a role as a metabolite.,The molecule is a member of the class of ferrichromes that is an iron(III) chelate of a homodetic cyclic peptide made up of a tripeptide of glycine and a tripeptide of N(4)-acetyl-N(4)-hydroxy-L-ornithine. It has a role as an Escherichia coli metabolite.
196,"The molecule is an inorganic sulfate salt obtained by reaction of sulfuric acid with two equivalents of ammonia. A high-melting (decomposes above 280℃) white solid which is very soluble in water (70.6 g/100 g water at 0℃; 103.8 g/100 g water at 100℃), it is widely used as a fertilizer for alkaline soils. It has a role as a fertilizer. It is an ammonium salt and an inorganic sulfate salt.","The molecule is a nickel coordination entity comprising ammonium, nickel and sulfate in which the ratio of ammonium to iron(2+) to sulfate ions is 2:1:2. It is an ammonium salt, a metal sulfate and a nickel coordination entity. It contains a nickel(2+)."
197,"The molecule is a monocarboxylic acid cation that is the conjugate acid of 7-deoxyloganetic acid, obtained by deprotonation of the carboxy group; major species at pH 7.3. It is a conjugate acid of a 7-deoxyloganetic acid.","The molecule is an iridoid monoterpenoid that is 1,4a,5,6,7,7a-hexahydrocyclopenta[c]pyran-4-carboxylic acid substituted at positions 1 and 7 by hydroxy and methyl groups respectively; the aglycone of 7-deoxyloganic acid. It has a role as a plant metabolite. It is an iridoid monoterpenoid, a cyclopentapyran and an alpha,beta-unsaturated monocarboxylic acid. It is a conjugate acid of a 7-deoxyloganetate."
198,"The molecule is a glycosyloxyisoflavone that is daidzein in which the phenolic hydrogen at position 7 has been replaced by a 6-O-acetyl-beta-D-glucosyl residue. It has a role as a plant metabolite and a human xenobiotic metabolite. It is a beta-D-glucoside, an O-acyl carbohydrate, an acetate ester, a glycosyloxyisoflavone, a hydroxyisoflavone, a monosaccharide derivative and a member of phenols. It derives from a daidzein.","The molecule is a glycosyloxyisoflavone that is glycitin carrying an acetyl substituent at position 6 on the glucose moiety. It has a role as a plant metabolite. It is an acetate ester, a glycosyloxyisoflavone, a hydroxyisoflavone, a methoxyisoflavone, a monosaccharide derivative, a beta-D-glucoside and an O-acyl carbohydrate. It derives from a glycitin."
199,The molecule is a 2-oxo monocarboxylic acid that is amino(oxo)acetic acid substituted by a carbamoylamino group at the nitrogen atom. It has a role as an Escherichia coli metabolite. It is a 2-oxo monocarboxylic acid and a member of ureas. It is a conjugate acid of an oxalurate.,The molecule is the conjugate base of oxaluric acid; major species at pH 7.3. It is a conjugate base of an oxaluric acid.
200,"The molecule is an organic heteropentacyclic compound that is a mycotoxic indole alkaloid produced by several fungi. A potent and specific inhibitor of the breast cancer resistance protein multidrug transporter. It has a role as a mycotoxin and a breast cancer resistance protein inhibitor. It is an indole alkaloid, an organic heteropentacyclic compound and an aromatic ether.","The molecule is an organic heteropentacyclic compound that is a mycotoxic indole alkaloid, consisting of fumitremorgin C lacking the 9-methoxy substituent. It has a role as a mycotoxin. It is an indole alkaloid and an organic heteropentacyclic compound."
201,The molecule is a dTDP-sugar having N-hydroxy-beta-L-evernosamine as the sugar component. It is a dTDP-sugar and a member of hydroxylamines. It is a conjugate acid of a dTDP-N-hydroxy-beta-L-evernosamine(2-).,The molecule is a nucleotide-sugar oxoanion obtained by deprotonation of the diphosphate OH groups of dTDP-N-hydroxy-beta-L-evernosamine(2-); major species at pH 7.3. It is a conjugate base of a dTDP-N-hydroxy-beta-L-evernosamine.
202,The molecule is a pyridinium ion obtained by protonation of the nitrogen of 2-(chloromethyl)pyridine. It is a conjugate acid of a 2-(chloromethyl)pyridine.,The molecule is an organochlorine compound that is pyridine substituted at position 2 by a chloromethyl group. It is a member of pyridines and an organochlorine compound. It is a conjugate base of a 2-(chloromethyl)pyridinium.
203,The molecule is a N2-acyl-L-ornithine. It has a role as an Escherichia coli metabolite. It is a conjugate acid of a N(2)-succinyl-L-ornithinate(1-).,The molecule is a dicarboxylic acid monoanion that is the conjugate base of N(2)-succinyl-L-ornithine. It is a dicarboxylic acid monoanion and a N-acyl-L-alpha-amino acid anion. It is a conjugate base of a N(2)-succinyl-L-ornithine.
204,"The molecule is a limonoid found in Azadirachta indica. It has a role as a metabolite and a plant metabolite. It is a delta-lactone, a cyclic terpene ketone, an enone, a member of furans, a limonoid, a tertiary alcohol, a tetracyclic triterpenoid and a secondary alcohol.","The molecule is a diterpenoid with a rearranged neo-clerodane skeleton isolated from Salvia leucantha and has been shown exhibit antineoplastic activity. It has a role as a metabolite and an antineoplastic agent. It is a diterpenoid, a gamma-lactone, a member of furans and a bridged compound."
205,The molecule is the S-(trans-3-methylglutaconyl) derivative of coenzyme A. It has a role as a mouse metabolite. It derives from a coenzyme A and an (E)-3-methylglutaconic acid. It is a conjugate acid of a trans-3-methylglutaconyl-CoA(5-).,"The molecule is pentaanion of trans-3-methylglutaconyl-CoA arising from deprotonation of phosphate, diphosphate and carboxylic acid functions. It has a role as a human metabolite. It is a conjugate base of a trans-3-methylglutaconyl-CoA."
206,The molecule is the carboxylate cation of 4-(hydroxymethylphosphinyl)-2-oxobutyric acid. It derives from a butyrate. It is a conjugate acid of a 4-(hydroxymethylphosphinyl)-2-oxobutyric acid.,The molecule is a butyric acid derivative having an oxo group at the 2-position and a hydroxymethylphosphinyl moiety at the 4-position. It derives from a butyric acid. It is a conjugate acid of a 4-(hydroxymethylphosphinyl)-2-oxobutyrate.
207,The molecule is an organosulfate oxocation obtained by the deprotonation of the sulfo group of holothurin A3 acid. It is a conjugate acid of a holothurin A3 acid.,"The molecule is a triterpenoid saponin that is a tetrasaccharide derivative of 3,12,17,25-tetrahydroxy-18,20-epoxylanost-9(11)-ene-18,22-dione. It is a triterpenoid saponin, a tetrasaccharide derivative and a heterocyclyl sulfate. It is a conjugate acid of a holothurin A3(1-). It derives from a hydride of a lanostane."
208,The molecule is lipid IVA glycosylated with three 3-deoxy-D-manno-octulosonic acid (KDO) residues. It is a conjugate acid of a (KDO)3-lipid IVA(7-).,The molecule is (KDO)3-lipid IVA deprotonated at both phosphono groups and at the uronic acid carboxy groups. It is the major species at pH 7.3. It is a conjugate base of a (KDO)3-lipid IVA.
209,"The molecule is a hydrochloride salt resulting from the reaction of equimolar amounts of dexverapamil and hydrogen chloride. It competitively inhibits the multidrug resistance efflux pump P-glycoprotein (MDR-1, EC 3.6.3.44), thereby potentially increasing the effectiveness of a wide range of antineoplastic drugs which are inactivated by MDR-1 mechanisms. Dexverapamil hydrochloride exhibits lower calcium antagonistic activity and toxicity than racemic verapamil hydrochloride. It has a role as an EC 3.6.3.44 (xenobiotic-transporting ATPase) inhibitor. It contains a dexverapamil(1+). It is an enantiomer of a (S)-verapamil hydrochloride.",The molecule is a hydrochloride salt resulting from the reaction of equimolar amounts of (S)-verapamil and hydrogen chloride. It is an enantiomer of a dexverapamil hydrochloride.
210,The molecule is a L-lysine derivative. It has a role as a siderophore and an Escherichia coli metabolite. It is a conjugate acid of an aerobactinate(3-).,The molecule is an hydroxamate siderophore produced by several fungal species. It is an iron coordination entity and an organonitrogen compound.
211,The molecule is an alkane that is undecane substituted by methyl groups at positions 3 and 8. Metabolite observed in cancer metabolism. It has a role as a human metabolite. It derives from a hydride of an undecane.,The molecule is an alkane that is octane substituted by methyl groups at positions 3 and 5. Metabolite observed in cancer metabolism. It has a role as a human metabolite. It derives from a hydride of an octane.
212,The molecule is an N-acetylamino acid that is the N-acetyl derivative of tryptophan. It has a role as a metabolite. It is a N-acetyl-amino acid and a tryptophan derivative. It is a conjugate acid of a N-acetyltryptophanate.,The molecule is a monocarboxylic acid anion which is obtained by deprotonation of the carboxy group of N-acetyltryptophan. It has a role as a metabolite. It is a conjugate base of a N-acetyltryptophan.
213,"The molecule is a pentacyclic triterpenoid saponin isolated from the aerial parts of Dianthus versicolor. It has been shown to exhibit cytotoxic activity against a panel of cancer cell lines. It has a role as an antineoplastic agent and a plant metabolite. It is a carboxylic ester, a hydroxy carboxylic acid, a pentacyclic triterpenoid, a tetrasaccharide derivative and a triterpenoid saponin. It derives from a 3-hydroxy-3-methylglutaric acid and a 16alpha-hydroxygypsogenic acid. It derives from a hydride of an oleanane.","The molecule is a pentacyclic triterpenoid saponin isolated from the aerial parts of Dianthus versicolor. It has been shown to exhibit cytotoxic activity against a panel of cancer cell lines. It has a role as an antineoplastic agent and a plant metabolite. It is a carboxylic ester, a hydroxy carboxylic acid, a pentacyclic triterpenoid, a tetrasaccharide derivative and a triterpenoid saponin. It derives from a 3-hydroxy-3-methylglutaric acid and a gypsogenic acid. It derives from a hydride of an oleanane."
214,The molecule is a D-alpha-amino acid cation that is D-allothreonine in which a proton has been transferred from the carboxy group to the amino group. It is the major species at pH 7.3. It is a tautomer of a D-allothreonine.,The molecule is the D-enantiomer of allothreonine. It occurs as a component of peptido-lipids in certain bacteria. It has a role as a bacterial metabolite. It is an enantiomer of a L-allothreonine. It is a tautomer of a D-allothreonine zwitterion.
215,"The molecule is an organic salt, being the disodium salt of 2,2'-piperazine-1,4-diylbisethanesulfonic acid (PIPES), a buffering agent. It has a role as a buffer. It contains a 2,2'-piperazine-1,4-diylbisethanesulfonate.","The molecule is an organic salt that is the monosodium salt of 2,2'-piperazine-1,4-diylbisethanesulfonic acid (PIPES), a buffering agent. It has a role as a buffer. It contains a 2,2'-piperazine-1,4-diylbisethanesulfonate."
216,"The molecule is an organic sodium salt having 6-amino-2-(4-methylphenyl)-1,3-dioxo-2,3-dihydro-1H-benzo[de]isoquinoline-5-sulfonate as the counterion. It is used as the displacement dye in the yellowsolve I method for fibrin. It has a role as a histological dye. It contains a lissamine flavine FF(1-).",The molecule is an organic sodium salt resulting from the formal condensation of Chrome fast yellow 8GL (acid form) with two equivalents of sodium hydroxide. It has a role as a fluorochrome and a histological dye. It contains a Chrome fast yellow 8GL(2-).
217,The molecule is a sulfinamide derivative of coenzyme A; major species at pH 7.3. It derives from a coenzyme A(4-) and an organophosphate oxocation.,The molecule is an organophosphate oxoanion arising from deprotonation of the phosphate and diphosphate OH groups of CoA-disulfide; major species at pH 7.3. It is a conjugate base of a CoA-disulfide.
218,"The molecule is a member of the class of mastopyrans that is a 14-amino acid polypeptide comprising isoleucyl, asparaginyl, leucyl, lysyl, alanyl, isoleucyl, alanyl, alanyl, leucyl, alanyl, lysyl, lysyl, leucyl, and phenylalninamide residues coupled in sequence. It is the major active component of the venom of the hornet Vespa affinis and causes degranulation of mast cells. It exhibits antimicrobial activity against both Gram-positive and -negative bacteria as well as haemolytic activity on chicken, human and sheep erythrocytes. It has a role as an antibacterial agent. It is a member of mastoparans and a peptidyl amide.","The molecule is a member of the class of mastopyrans that is a 14-amino acid polypeptide comprising isoleucyl, asparaginyl, leucyl, lysyl, alanyl, isoleucyl, alanyl, alanyl, phenylalanyl, alanyl, lysyl, lysyl, leucyl, and leucinamide residues coupled in sequence. It is the major active component of the venom of the hornet Vespa ducalis and causes degranulation of mast cells. It exhibits antimicrobial activity against both Gram-positive and -negative bacteria as well as haemolytic activity on chicken, human and sheep erythrocytes. It has a role as an antibacterial agent. It is a member of mastoparans and a peptidyl amide."
219,"The molecule is a complex glycopeptide from Streptomyces orientalis. It inhibits a specific step in the synthesis of the peptidoglycan layer in the Gram-positive bacteria Staphylococcus aureus and Clostridium difficile. It has a role as an antimicrobial agent, an antibacterial drug and a bacterial metabolite. It derives from a vancomycin aglycone. It is a conjugate acid of a vancomycin(1+).","The molecule is an organic cation that is the conjugate acid of vancomycin, obtained by deprotonation of the carboxy group and protonation of the two amino functions; major species at pH 7.3. It is a conjugate acid of a vancomycin."
220,"The molecule is a homoisoflavonoid that is 3,4-dihydro-2H-1-benzopyran substituted by hydroxy groups at positions 3, 4 and 7 and a (4-hydroxyphenyl)methyl group at position 3 respectively (the 3R,4R-stereoisomer). It has been isolated from Caesalpinia sappan. It has a role as a plant metabolite. It is a homoisoflavonoid and a polyphenol.","The molecule is a homoisoflavonoid that is 3,4-dihydro-2H-1-benzopyran substituted by hydroxy groups at positions 3, 4 and 7 and a (4-hydroxyphenyl)methyl group at position 3 respectively (the 3R,4S-stereoisomer). It has been isolated from Caesalpinia sappan. It has a role as a plant metabolite. It is a homoisoflavonoid and a polyphenol."
221,The molecule is a member of the class of chalcones that is acetophenone in which one of the methyl hydrogens has been replaced by a benzylidene group. It has a role as a plant metabolite. It is a member of styrenes and a member of chalcones.,The molecule is a member of the class of chalcones that is trans-chalcone substituted by a chloro group at position 4. It is a member of chalcones and a member of monochlorobenzenes. It derives from a trans-chalcone.
222,"The molecule is an organic sodium salt having 8-bromoguanosine 3',5'-cyclic phosphate as the counterion. A membrane permeable cGMP analogue that activates protein kinase G (PKG). It is 4.3-fold more potent than cGMP in activating PKG1alpha and promotes relaxation of tracheal and vascular smooth muscle tissue in vitro. It has a role as a protein kinase G agonist and a muscle relaxant. It contains an 8-bromo-3',5'-cyclic GMP(1-).",The molecule is an organic sodium salt that is the monosodium salt of 8-(4-chlorophenylthio)-cGMP. It has a role as a protein kinase agonist. It contains an 8-(4-chlorophenylthio)-cGMP(1-).
223,The molecule is an acetal that is the dimethyl acetal derivative of formaldehyde. It is an acetal and a diether. It derives from a methanediol.,The molecule is an acetal that is the methyl acetal obtained by formal condensation of the carbonyl group of (E)-4-hydroxynon-2-enal with two molar equivalents of methanol. It is an acetal and a secondary alcohol.
224,The molecule is a N-acyl-15-methylhexadecasphinganine in which the acyl group has 25 carbons and 0 double bonds. It has a role as a Caenorhabditis elegans metabolite.,The molecule is a N-acyl-15-methylhexadecasphinganine in which the acyl group has 24 carbons and 0 double bonds. It has a role as a Caenorhabditis elegans metabolite. It is a N-acyl-15-methylhexadecasphinganine and a N-(very-long-chain fatty acyl)-sphingoid base.
225,"The molecule is a 1,2-diacyl-sn-glycerol in which the acyl groups at positions 1 and 2 are specified as stearoyl and linoleoyl respectively. It has a role as a mouse metabolite. It is a 1,2-diacyl-sn-glycerol and a diacylglycerol 36:2. It derives from an octadecanoic acid and a linoleic acid.","The molecule is a 1,2-diacyl-sn-glycerol in which the 1- and 2-acyl groups are specified as palmitoyl and linoleoyl respectively. It has a role as a mouse metabolite. It derives from a linoleic acid and a hexadecanoic acid."
226,"The molecule is an alkaloid that is an enamide obtained by the formal condensation of 3-methylbut-2-enoic acid with 6-(2-amino-1-methoxyethyl)-4H-pyrido[2,3,4-kl]acridin-4-one. It is isolated from the Okinawan marine tunicate Cystodytes dellechiajei and exhibits cytotoxicity against human epidermoid carcinoma KB cells. It has a role as a metabolite and an antineoplastic agent. It is an alkaloid, an enone, an enamide, an organic heterotetracyclic compound, an ether and a secondary carboxamide. It derives from a 3-methylbut-2-enoic acid.","The molecule is an alkaloid that is an enamide obtained by the formal condensation of tiglic acid with 6-(2-amino-1-methoxyethyl)-4H-pyrido[2,3,4-kl]acridin-4-one. It is isolated from the Okinawan marine tunicate Cystodytes dellechiajei and exhibits cytotoxicity against human epidermoid carcinoma KB cells It has a role as a metabolite and an antineoplastic agent. It is an alkaloid, an enamide, an enone, an organic heterotetracyclic compound, an ether and a secondary carboxamide. It derives from a tiglic acid."
227,The molecule is the D-enantiomer of 5-oxoproline. It has a role as a metabolite. It is a D-proline derivative and a 5-oxoproline. It is a conjugate acid of a 5-oxo-D-prolinate. It is an enantiomer of a 5-oxo-L-proline.,"The molecule is a macromolecule consisting of (6R)-5,10-methylenetetrahydrofolic acid with an arbitrary number of glutamic acid residues attached as a polypeptide to the single existent one. It derives from a (6R)-5,10-methylenetetrahydrofolic acid."
228,The molecule is an oxo carboxylic acid that is pyruvic acid in which one of the methyl hydrogens is substituted by a 4-hydroxyphenyl group. It has a role as a human metabolite. It is an oxo carboxylic acid and a member of phenols. It derives from a pyruvic acid. It is a conjugate acid of a 3-(4-hydroxyphenyl)pyruvate.,The molecule is a 2-oxo monocarboxylic acid that is pyruvic acid in which one of the methyl hydrogens is substituted by a 3-dimethylallyl-4-hydroxyphenyl group. It is a 2-oxo monocarboxylic acid and a member of phenols. It derives from a pyruvic acid. It is a conjugate acid of a 3-dimethylallyl-4-hydroxyphenylpyruvate(1-).
229,"The molecule is an L-proline derivative produced by the diatomic algal genus of Pseudo-nitzschia and other related species that is L-proline substituted by a carboxymethyl group at position 3 and a 6-carboxyhepta-2,4-dien-2-yl group at position 4. It is an analogue of kainic acid and is the neurotoxin associated with amnesic shellfish poisoning (ASP). It has a role as a neurotoxin, a marine metabolite, a hapten and a neuromuscular agent. It is a pyrrolidinecarboxylic acid, a tricarboxylic acid, a L-proline derivative and a non-proteinogenic L-alpha-amino acid.","The molecule is a dicarboxylic acid, a pyrrolidinecarboxylic acid, a L-proline derivative and a non-proteinogenic L-alpha-amino acid. It has a role as an antinematodal drug and an excitatory amino acid agonist."
230,The molecule is the hydrochloride salt of alverine. It has a role as an antispasmodic drug. It is a hydrochloride and an organoammonium salt. It contains an alverine(1+).,"The molecule is an aromatic ether that is (2-phenoxyethyl)benzene which carries a 2-(dipropylamino)ethyl group at position 3 and a methoxy group at position 6. It is a potent and selective sigma1 receptor antagonist. It has a role as an antipsychotic agent and a receptor modulator. It is an aromatic ether, a member of methoxybenzenes, a tertiary amino compound and a hydrochloride."
231,The molecule is zwitterionic form of cis-4-hydroxy-D-proline having an cationic carboxy group and a protonated amino group. It is a tautomer of a cis-4-hydroxy-D-proline.,The molecule is an L-proline derivative that is trans-4-hydroxy-L-proline in which the amino hydrogen has been replaced by a methyl group. It has a role as a plant metabolite and an anti-HIV-1 agent. It is a L-proline derivative and a pyrrolidine alkaloid. It derives from a trans-4-hydroxy-L-proline.
232,"The molecule is a cholestanoid that is 7-dehydrocholesterol carrying an additional hydroxy substituent at position 25. It has a role as a human metabolite and a Saccharomyces cerevisiae metabolite. It is a 25-hydroxy steroid, a cholestanoid, a 3beta-hydroxy-Delta(5)-steroid and a C27-steroid. It derives from a cholesta-5,7-dien-3beta-ol.","The molecule is a cholestanoid that is 7-dehydrocholesterol carrying an additional hydroxy substituent at position 24 (24S-stereoisomer). It has a role as a human metabolite. It is a cholestanoid, a 3beta-hydroxy-Delta(5)-steroid, a 24-hydroxy steroid and a C27-steroid. It derives from a cholesta-5,7-dien-3beta-ol."
233,The molecule is a benzenesulfonate that is the conjugate acid of p-azobenzenesulfonic acid. It is a conjugate acid of a p-azobenzenesulfonic acid.,The molecule is azobenzene derivative carrying a single sulfonate substituent at the meta-position. It is a member of azobenzenes and an arenesulfonic acid. It is a conjugate acid of a m-azobenzenesulfonate.
234,The molecule is the conjugate acid of oxidized Photinus luciferin arising from removal of the acidic proton at the 5-position of the thiazol-4-one ring; major species at pH 7.3. It is a conjugate acid of an oxidized Photinus luciferin.,The molecule is a Photinus luciferin. It has a role as a member of oxidized luciferins. It is a conjugate acid of an oxidized Photinus luciferin(1-).
235,"The molecule is an azaphilone that is 7,8-dihydro-6H-isochromen-6-one substituted by a hydroxy group at position 7, a 4-hydroxy-2-methyl-6-oxocyclohexyl group at position 3, a methyl group at position 7 and a 5,7,9-trimethyl-2-oxoundeca-3,5-dien-1-yl group at position 8. Isolated from Chaetomium longirostre, it exhibits cytotoxic and antimalarial activities. It has a role as an antimalarial, an antineoplastic agent and a Chaetomium metabolite. It is an azaphilone, an organic heterobicyclic compound, an enone and a tertiary alpha-hydroxy ketone.","The molecule is an azaphilone that is 7,8-dihydro-6H-isochromene substituted by a hydroxy group at position 7, methyl groups at positions 3 and 7 and a 3-methyl-2-oxopentyl group at position 8. It has been isolated from the culture of the mangrove endophytic fungus Penicillium chermesinum. It has a role as a Penicillium metabolite. It is an azaphilone, an enone, a member of isochromenes, a tertiary alcohol and a tertiary alpha-hydroxy ketone."
236,The molecule is an oxo dicarboxylate. It has a role as a human metabolite. It derives from an oct-2-enedioate. It is a conjugate acid of a 4-maleylacetoacetic acid.,"The molecule is a beta-diketone and an oxo dicarboxylic acid. It derives from an oct-2-enedioic acid. It is a conjugate acid of a 4-maleylacetoacetate. It is a tautomer of a (2Z,4E)-4-hydroxy-6-oxoocta-2,4-dienedioic acid."
237,The molecule is a dialdehyde that is cyclopentanecarbaldehyde substituted by a methyl group at position 2 and a 1-methyl-2-oxoethyl group at position 5. It is a dialdehyde and an iridoid monoterpenoid.,"The molecule is an aldehyde that is acetaldehyde in which one of the methyl hydrogens is substituted by a 2,2,3-trimethylcyclopent-3-en-1-yl group. It is a constituent of the essential oil extracted from Angasomyrtus salina. It has a role as a fragrance and a plant metabolite. It is a monocyclic compound and an alpha-CH2-containing aldehyde. It derives from an acetaldehyde. It derives from a hydride of a cyclopentene."
238,"The molecule is an ammonium ion resulting from the protonation of the nitrogen of the dimethylaminoethyl substituent of diltiazem. The major species at pH 7.3. It has a role as a histamine agonist, a calcium channel blocker and a vasodilator agent. It is a conjugate acid of a diltiazem. It is an enantiomer of an ent-diltiazem(1+).","The molecule is a lactam that is 2,3-dihydro-1,5-benzothiazepin-4(5H)-one in which positions 2 and 3 are substituted by 4-methoxyphenyl and acetoxy, respectively, while the hydrogen attached to the nitrogen is substituted by a 2-(dimethylamino)ethyl group. It is a lactam, a benzothiazepine, a tertiary amino compound, an acetate ester and an aromatic ether."
239,The molecule is a member of the class of benzoic acids that is benzoic acid substituted by methoxy groups at positions 2 and 3. It has a role as a plant metabolite and an allergen. It derives from a hydride of a benzoic acid.,"The molecule is a benzoic acid derivative carrying 3-, 4- and 5-methoxy substituents. It has a role as a plant metabolite. It is a member of benzoic acids and a member of methoxybenzenes. It derives from a benzoic acid. It is a conjugate acid of a 3,4,5-trimethoxybenzoate."
240,The molecule is a fatty acid ester obtained by condensation of the carboxy group of pentadecanoic acid with the hydroxy group of methanol. It has a role as a plant metabolite and a bacterial metabolite. It derives from a pentadecanoic acid.,"The molecule is a fatty acid methyl ester resulting from the formal condensation of the carboxy group of tetradecanoic acid (myristic acid) with methanol. It has a role as a plant metabolite, a flavouring agent and a fragrance. It derives from a tetradecanoic acid."
241,"The molecule is an organic cation that is the conjugate acid of 4-hydroxycoumarin, obtained by deprotonation of the 4-hydroxy group. It is the major microspecies at pH 7.3 (according to Marvin v 6.2.0.). It is a conjugate acid of a 4-hydroxycoumarin.",The molecule is a hydroxycoumarin that is coumarin in which a hydroxy group replaces the hydrogen at position 4 and a chloro substituent replaces the hydrogen at position 6. It is a hydroxycoumarin and an organochlorine compound.
242,"The molecule is a BODIPY dye and a pyrrolidinone. It has a role as a fluorochrome. It derives from a 4,4-difluoro-4-bora-3a,4a-diaza-s-indacene.","The molecule is a BODIPY dye and a pyrrolidinone. It has a role as a fluorochrome. It derives from a 4,4-difluoro-4-bora-3a,4a-diaza-s-indacene."
243,"The molecule is an octadecadienoyl-CoA that results from the formal condensation of the thiol group of coenzyme A with the carboxy group of (6Z,11E)-octadecadienoic acid. It is a conjugate acid of a (6Z,11E)-octadecadienoyl-CoA(4-).","The molecule is an octadecadienoyl-CoA(4-) arising from deprotonation of the phosphate and diphosphate OH groups of (6Z,11E)-octadecadienoyl-CoA; major species at pH 7.3. It is a conjugate base of a (6Z,11E)-octadecadienoyl-CoA."
244,The molecule is zwitterionic form of glutathione amide having an cationic carboxy group and a protonated amino group; major species at pH 7.3. It is a tautomer of a glutathione amide.,"The molecule is the dicarboxylic acid monoamide arising by formal condensation of the carboxylic acid group of the glycine residue of glutathione with ammonia. It is a glutathione derivative, a tripeptide and a dicarboxylic acid monoamide. It is a tautomer of a glutathione amide zwitterion."
245,"The molecule is cationic form of sn-glycero-3-phosphoethanolamine arising from transfer of a proton from the phospho to the amino group; major species at pH 7.3. It is an enantiomer of a 2-ammonioethyl (2R)-2,3-dihydroxypropyl phosphate cation. It is a tautomer of a sn-glycero-3-phosphoethanolamine.","The molecule is major species at pH 7.3. It is a member of sn-glycerol 3-phosphates, a sn-glycerophosphodiester(1-) and a zwitterion. It is an enantiomer of a sn-glycero-3-phosphoethanolamine zwitterion. It is a tautomer of a sn-glycero-3-phosphoethanolamine."
246,"The molecule is an amino trisaccharide consisting of 2-acetamido-2-deoxy-beta-D-galactopyranose, 2-acetamido-2-deoxy-beta-D-glucopyranose and beta-D-galactopyranose residues joined in sequence by (1->4) and (1->3) glycosidic bonds. It is an amino trisaccharide and a member of acetamides. It derives from a beta-D-GlcpNAc-(1->3)-beta-D-Galp and a beta-D-GalpNAc-(1->4)-beta-D-GlcpNAc.",The molecule is a linear amino trisaccharide comprising alpha-D-galactose at the reducing end having a N-acetyl-beta-D-galactosaminyl-(1->4)-N-acetyl-beta-D-glucosaminyl moiety attached at the 3-position. It has a role as an epitope.
247,The molecule is a bile acid cation resulting from deprotonation of the carboxy group of beta-muricholic acid (i.e. the conjugate acid of beta-muricholic acid). It is the major species at pH 7.3. It is a conjugate acid of a beta-muricholic acid.,"The molecule is a member of the class of muricholic acids in which the hydroxy groups at positions 6 and 7 both have beta configuration. It is a member of muricholic acids, a 6beta-hydroxy steroid and a 7beta-hydroxy steroid. It is a conjugate acid of a beta-muricholate."
248,The molecule is a N-acetyl-L-amino acid that is the N-acetyl derivative of L-threonine. It is a L-threonine derivative and a N-acetyl-L-amino acid. It is a conjugate acid of a N-acetyl-L-threoninate.,"The molecule is a monocarboxylic acid anion that is the conjugate base of N-acetyl-L-threonine, obtained by deprotonation of the carboxy group; major species at pH 7.3. It is a monocarboxylic acid anion and a N-acyl-L-alpha-amino acid anion. It is a conjugate base of a N-acetyl-L-threonine."
249,"The molecule is a leukotriene cation that is the conjugate acid of 18-hydroxyleukotriene B4, obtained by deprotonation of the carboxy group; major species at pH 7.3. It is a conjugate acid of a 18-hydroxyleukotriene B4.","The molecule is a leukotriene that is leukotriene B4 carrying an additional hydroxy substituent at position 18. It has a role as a mouse metabolite. It is a leukotriene, a long-chain fatty acid, a secondary allylic alcohol, a triol and a hydroxy polyunsaturated fatty acid. It derives from a leukotriene B4. It is a conjugate acid of a 18-hydroxyleukotriene B4(1-)."
250,"The molecule is a tetrapyrrole fundamental parent that is obtained by formal hydrogenation across the 2,3-double bond of porphyrin. It is a tetrapyrrole fundamental parent and a member of chlorins.",The molecule is a cyclic tetrapyrrole that consists of porphyrin that has a cyclopentane ring fused to one of the pyrrole rings and the adjacent methine group. The parent of the class of phorbines.
251,"The molecule is the hydrochloride salt of metipranolol. A non-cardioselective beta-blocker, it is used to lower intra-ocular pressure in the management of open-angle glaucoma. It has a role as a beta-adrenergic antagonist, an anti-arrhythmia drug, an antihypertensive agent and an antiglaucoma drug.","The molecule is the hydrochloride salt of esmolol. A cardioselective and short-acting beta1 receptor blocker with rapid onset but lacking intrinsic sympathomimetic and membrane-stabilising properties, it is used in the management of supraventricular arrhythmias, and for the control of hypertension and tachycardia during surgery. It has a role as an anti-arrhythmia drug and a beta-adrenergic antagonist. It contains an esmolol."
252,The molecule is a peptide cation obtained by deprotonation of the three carboxy groups of N-acetyl-Asp-Glu; major species at pH 7.3. It is a conjugate acid of an Ac-Asp-Glu.,The molecule is a dipeptide composed of N-acetyl-L-aspartic acid and L-glutamic acid joined by a peptide linkage. It has a role as a human metabolite. It derives from a N-acetyl-L-aspartic acid and a L-glutamic acid. It is a conjugate acid of an Ac-Asp-Glu(3-).
253,"The molecule is a member of the class of methanopterins resulting from the formal hydrogenation at the 7 and 8 positions of methanopterin. It is a conjugate acid of a 7,8-dihydromethanopterin(3-).","The molecule is trianion of N(5)-formyl-5,6,7,8-tetrahydromethanopterin arising from deprotonation of the carboxy and phosphate groups; major species at pH 7.3. It is a dicarboxylic acid dianion and an organophosphate oxoanion. It is a conjugate base of a N(5)-formyl-5,6,7,8-tetrahydromethanopterin."
254,"The molecule is a methyl-branched fatty acid cation that is the conjugate acid of 12-methyloctadecanoic acid, obtained by deprotonation of the carboxy group; major species at pH 7.3. It is a methyl-branched fatty acid cation, a long-chain fatty acid cation and a fatty acid cation 19:0. It is a conjugate acid of a 12-methyloctadecanoic acid.","The molecule is a methyl-branched fatty acid that is octadecanoic (stearic) acid bearing a methyl substituent at position 12. It is a methyl-branched fatty acid, a long-chain fatty acid and a branched-chain saturated fatty acid. It derives from an octadecanoic acid. It is a conjugate acid of a 12-methyloctadecanoate."
255,The molecule is a galactotriose consisting of two beta-D-galatopyranose residues and a D-galactopyranose residue joined in sequence by (1->6) and (1->4) glycosidic bonds.,The molecule is a glycosylarabinose consisting of beta-D-galactopyranose and L-arabinofuranose joined in sequence by a (1->3) glycosidic bond. It derives from a L-arabinofuranose and a beta-D-galactose.
256,"The molecule is a morphinane alkaloid from the opium poppy, in which the 5,6,8,14-tetradehydromorphinan-7-one skeleton is substituted at position 4 by a hydroxyl group, positions 3 and 6 by methoxy groups and position N17 by a methyl group. An intermediate in the biosynthesis of narcotic analgesics such as morphine and codeine. It has a role as a metabolite and an anti-HBV agent. It is a conjugate acid of a salutaridinium(1+). It derives from a hydride of a morphinan.",The molecule is the conjugate acid of 7-O-acetylsalutaridinol arising from protonation of the tertiary amino function. It is a conjugate acid of a 7-O-acetylsalutaridinol.
257,"The molecule is a member of the class of piperazines that is piperazine substituted by a furan-2-ylcarbonyl group and a 4-amino-6,7-dimethoxyquinazolin-2-yl group at positions 1 and 4 respectively. It has a role as an antihypertensive agent, an alpha-adrenergic antagonist and an EC 3.4.21.26 (prolyl oligopeptidase) inhibitor. It is a member of piperazines, a member of quinazolines, a member of furans, a monocarboxylic acid amide and an aromatic ether.","The molecule is a leucine derivative obtained by fpormal condensation of the secondary amino group of 5-({2,3-dichloro-4-[1-methyl-5-(piperidin-4-yl)-1H-pyrazol-3-yl]phenoxy}methyl)-2-furoic acid and the carboxy group of N-amidino-L-leucylglycine It is a member of guanidines, a furoic acid, a pyrazolylpiperidine, a glycine derivative, a dichlorobenzene and a D-leucine derivative."
258,"The molecule is an amino oligosaccharide that is a branched tetradecasaccharide derivative comprised of a mannose residue to which is linked an N-acetylgalactosaminyl residue at O-2, a glucosyl residue at O-3 and a beta-D-QuiN4Fm-(1->4)-alpha-D-GalNAcAN-(1->2)-alpha-D-GalNAcAN-(1->3)-beta-D-QuiNAc-(1->2)-beta-D-QuiN4Fm-(1->4)-alpha-D-GalNAcAN-(1->2)-alpha-D-GalNAcAN-(1->3)-beta-D-QuiNAc-(1->2)-beta-D-QuiN4Fm-(1->4)-alpha-D-GalNAcAN-(1->4)-alpha-D-GalNAcAN-(1->3)-beta-D-QuiNAc dodecasaccharide chain at O-4, all linked to an [alpha-D-Glc-(1->2)]-alpha-D-Man-(1->5)-alpha-Kdo branched trisaccharide unit. It is an amino oligosaccharide and a galactosamine oligosaccharide.","The molecule is an amino oligosaccharide that is a branched tetradecasaccharide derivative comprised of a mannose residue to which is linked an N-acetylgalactosaminyl residue at O-2, a glucosyl residue at O-3 and a beta-D-QuiN4Fm-(1->4)-alpha-D-GalNAcAN-(1->2)-alpha-D-GalNAcAN-(1->3)-beta-D-QuiNAc-(1->2)-beta-D-QuiN4Fm-(1->4)-alpha-D-GalNAcAN-(1->4)-alpha-D-GalNAcAN-(1->3)-beta-D-QuiNAc octasaccharide chain at O-4, all linked to an [alpha-D-Glc-(1->2)]-alpha-D-Man-(1->5)-alpha-Kdo branched trisaccharide unit. It is an amino oligosaccharide and a galactosamine oligosaccharide."
259,"The molecule is a propanolamine that is 1-(propan-2-ylamino)propan-2-ol substituted by a 4-(2-methoxyethyl)phenoxy group at position 1. It has a role as a beta-adrenergic antagonist, an antihypertensive agent, a xenobiotic and an environmental contaminant. It is a propanolamine, an aromatic ether, a secondary alcohol and a secondary amino compound.","The molecule is a secondary alcohol and a secondary amine. It has a role as an antihypertensive agent, a beta-adrenergic antagonist, an anti-arrhythmia drug and a sympatholytic agent."
260,"The molecule is a glucotriose consisting of beta-D-glucopyranosyl, alpha-D-glucopyranosyl and D-glucopyranoseresidues joined in sequence by two (1->4) glycosidic linkages. It derives from a maltose and an alpha-cellobiose.",The molecule is a glycosylglucose consisting of two glucose units linked via a beta(1->4) bond. It has a role as a plant metabolite.
261,"The molecule is a phytochelatin that is a heptapeptide consisting of 3 units of gamma-Glu-Cys, with a glycyl unit at the C-terminus. It is a phytochelatin and an oligopeptide.","The molecule is a phytochelatin that is a pentapeptide consisting of 2 units of gamma-Glu-Cys, with a glycyl unit at the C-terminus. It is a phytochelatin and a pentapeptide."
262,"The molecule is a member of the class of dihydrochalcones that is dihydrochalcone substituted by 2-hydroxybenzyl groups at positions 3 and 5, hydroxy groups at positions 2 and 4 and a methoxy group at position 6. Isolated from the roots of Uvaria acuminata and Uvaria chamae, it exhibits cytotoxicity towards human promyelocytic leukemia HL-60 cells. It has a role as a metabolite, an antineoplastic agent and an antimalarial. It is a member of dihydrochalcones, a member of resorcinols and a monomethoxybenzene.","The molecule is a member of the class of a xanthenes that is 9H-xanthene substituted by hydroxy groups at positions 1 and 3, a 2-hydroxybenzyl group at position 2 and a 3-phenylpropanoyl group at position 4. Isolated from the roots of Uvaria acuminata, it exhibits potent cytotoxicity against human promyelocytic leukemia HL-60 cells. It has a role as a metabolite and an antineoplastic agent. It is a member of dihydrochalcones, a polyphenol and a member of xanthenes."
263,"The molecule is a dipeptide resulting from the formal condensation of the carboxy group of N-benzyloxycarbonyl-L-valine with the amino group of L-phenylalanine aldehyde. It is a potent cell-permeable inhibitor of calpain I and II, and is also a gamma-secretase inhibitor. It has a role as an EC 3.4.22.53 (calpain-2) inhibitor, an EC 3.4.22.52 (calpain-1) inhibitor, an EC 3.4.23.46 (memapsin 2) inhibitor, an antileishmanial agent and an apoptosis inhibitor. It is an aldehyde, a dipeptide and a carbamate ester.","The molecule is the dipeptide obtained by coupling N-benzyloxycarbonyl-L-tyrosine with the hydroxamic acid derivative of L-leucine. It is an inhibitor of the metallo-protease enzyme, pseudolysin (EC 3.4.24.36). It has a role as an EC 3.4.24.* (metalloendopeptidase) inhibitor."
264,The molecule is the conjugate acid of oleandomycin 2'-O-phosphate having an cationic phosphate group and a protonated tertiary amino group. It derives from an oleandomycin. It is a conjugate acid of an oleandomycin 2'-O-phosphate.,The molecule is the 2'-O-phospho derivative of oleandomycin. It derives from an oleandomycin. It is a conjugate acid of an oleandomycin 2'-O-phosphate(1-).
265,The molecule is alpha-D-Manp-(1->3)-[alpha-D-Manp-(1->6)]-beta-D-Manp-(1->4)-beta-D-GlcpNAc-(1->4)-D-GlcpNAc in which the anomeric configuration of the reducing-end GlcNAc residue is beta. It has a role as an epitope.,The molecule is a branched pentasaccharide consisting of a D-GlcNAc residue at the reducing end with an alpha-D-Man-(1->3)-[alpha-D-Man-(1->6)]-beta-D-Man-(1->4)-beta-D-GlcNAc moiety attached via a beta-(1->4) linkage. It has a role as a carbohydrate allergen. It is an amino pentasaccharide and a paucimannose N-glycan.
266,"The molecule is a member of the class of pyrazines that is amiloride in which the two amino hydrogens at position N-5 are replaced by a hexamethylene moiety, resulting in the formation of an azepane ring. It has a role as a sodium channel blocker, an apoptosis inducer, an antineoplastic agent and an odorant receptor antagonist. It is a member of pyrazines, an organochlorine compound, a member of azepanes, a member of guanidines, an aromatic amine and a monocarboxylic acid amide. It derives from an amiloride.","The molecule is a member of the class of pyrazines that is amiloride in which the primary amino group adjacent to the chloro substiuent has been substituted by a methyl group and a propyl group. It has a role as a sodium channel blocker. It is a member of pyrazines, a member of guanidines, an organochlorine compound, a tertiary amino compound and a primary amino compound. It derives from an amiloride."
267,The molecule is an O-acyl carbohydrate consisting of maltose carrying an anomeric O-acetyl substituent. It is an O-acyl carbohydrate and a disaccharide derivative. It derives from a maltose.,"The molecule is a glucan derivative obtained through the esterification of cellulose by acetic anhydride or acetic acid, resulting in the substitution of some of the hydroxy groups of cellulose by acetyl groups. It is used in a variety of applications including base material for photographic film, clothing, membrane filters, coatings, food packaging, and as a frame material for eyeglasses. It is a glucan derivative and an acetate ester."
268,The molecule is an iminium ion obtained by protonation of the imino group of 2-methyl-1-pyrroline. It is the major microspecies at pH 7.3 (according to Marvin v 6.2.0.). It is a conjugate acid of a 2-methyl-1-pyrroline.,The molecule is an iminium ion obtained by protonation of the imino group of 1-piperideine; major microspecies at pH 7.3. It is a conjugate acid of a 1-piperideine.
269,The molecule is a dicarboxylic acid dication resulting from the removal of a proton from both of the carboxy groups of heme d cis-diol. It has a role as a cofactor. It is a conjugate acid of a heme d cis-diol.,"The molecule is a metallochlorin that is ferroheme b which is cis-dihydroxylated at positions 5 and 6. It has a role as a cofactor. It is a dicarboxylic acid, a ferroheme, a metallochlorin, a tertiary alcohol and a diol. It derives from a ferroheme b. It is a conjugate acid of a heme d cis-diol(2-)."
270,The molecule is an L-lysine derivative obtained from nucleophilic cleavage of the beta-lactam ring of benzylpenicillin (penicillin G) by the epsilon-amino group of the L-lysine molecule. It contains a benzylpenicilloyl group. It derives from a benzylpenicillin.,The molecule is an L-lysine derivative obtained from nucleophilic cleavage of the beta-lactam ring of amoxicillin by the epsilon-amino group of the L-lysine molecule. It contains an amoxicilloyl group. It derives from an amoxicillin.
271,"The molecule is a gadolinium coordination entity consisting of DOTA in which the four amino groups are bound to a central gadolinium atom. It is used (as its meglumine salt) in magnetic resonance imaging (MRI) in brain (intracranial), spine and associated tissues of patients ages 2 years and older, to detect and visualise areas with disruption of the blood brain barrier and/or abnormal vascularity of the central nervous system. It has a role as a MRI contrast agent. It is a conjugate acid of a gadoterate.",The molecule is a non-ionic gadolinium chelate having a macrocyclic tetraamine framework. It is used as a paramagnetic contrast agent in magnetic resonance imaging (MRI). It has a role as a MRI contrast agent.
272,"The molecule is an amino-acid cation. It has a role as a Saccharomyces cerevisiae metabolite. It derives from a nonanoate. It is a conjugate acid of a 7,8-diaminononanoic acid.","The molecule is an amino fatty acid carrying amino substituents at positions 7 and 8. Some of its isomers are naturally occurring intermediates of biotin synthesis, and targets of antimicrobial and herbicide development. It is an amino monocarboxylic acid and an amino fatty acid. It derives from a nonanoic acid. It is a conjugate base of a 7,8-diaminononanoate cation. It is a conjugate acid of a 7,8-diaminononanoate."
273,"The molecule is a butan-4-olide that is dihydrofuran-2(3H)-one substituted by a hydroxy group at position 4, a 2-hydroxy-2-methyl-14-phenyltetradecyl group at position 5 and a methyl group at position 5 (the 4S,5S stereoisomer). It is isolated from the Australian marine sponge Plakinastrella clathrata. It has a role as a metabolite. It is a diol and a butan-4-olide.","The molecule is a butan-4-olide that is dihydrofuran-2(3H)-one substituted by a hydroxy group at position 4, a 2-hydroxy-2-methyl-14-phenyltetradecyl group at position 5 and a methyl group at position 5 (the 4R,5R stereoisomer). It is isolated from the Australian marine sponge Plakinastrella clathrata. It has a role as a metabolite. It is a butan-4-olide and a diol."
274,The molecule is a medium-chain fatty acid cation that is the conjugate acid of 2-oxohexanoic acid. It is a 2-oxo monocarboxylic acid cation and an oxo fatty acid cation. It derives from a hexanoate. It is a conjugate acid of a 2-oxohexanoic acid.,"The molecule is a straight-chain fatty acid consisting of hexanoic acid having an oxo group at position 2. It has a role as a human blood serum metabolite. It is a 2-oxo monocarboxylic acid, an oxo fatty acid, a medium-chain fatty acid and a straight-chain fatty acid. It derives from a hexanoic acid. It is a conjugate acid of a 2-oxohexanoate."
275,"The molecule is a lignan with a dibenzocyclooctadiene skeleton isolated from Kadsura ananosma It has a role as a plant metabolite. It is an acetate ester, an aromatic ether, a lignan, an organic heterotetracyclic compound and an oxacycle. It derives from an isovaleric acid.","The molecule is a lignan with a dibenzocyclooctadiene skeleton isolated from Kadsura ananosma. It has a role as a metabolite and a plant metabolite. It is an aromatic ether, a butyrate ester, an enoate ester, a lignan, an organic heterotetracyclic compound and an oxacycle. It derives from an angelic acid."
276,"The molecule is a member of the class of imidazolidinones that is 1,5,5-trimethyl-2-oxoimidazolidine bearing additional m-chlorophenyl and N'-p-chlorophenylureido substituents at positions 3 and 4 respectively. It is a member of monochlorobenzenes, an imidazolidinone and a member of phenylureas.","The molecule is an imidazolidine-2,4-dione in which the nitrogen at position 1 is substituted by an N-(isopropyl)carboxamide group while that at position 3 is substituted by a 3,5-dichlorophenyl group. A contact fungicide, it blocks the growth of the fungal mycelium and inhibits the germination of fungal spores. It is used on fruit and vegetable crops affected by various fungal diseases. It is also used as a nematicide. It has a role as a nematicide and an antifungal agrochemical. It is an imidazolidine-2,4-dione, a member of ureas, a member of benzenes, an imidazole fungicide and a dichlorophenyl dicarboximide fungicide."
277,The molecule is an iminium ion that forms the cationic portion of the histological dye 'methyl green'. It is an iminium ion and a quaternary ammonium ion.,The molecule is an iminium ion that forms the cationic portion of the histological dye 'ethyl green'. It is an iminium ion and a quaternary ammonium ion.
278,"The molecule is a member of the class of dihydrochalcones that is the 2'-O-methyl derivative of odoratol. It has a role as a plant metabolite. It is a member of dihydrochalcones, a dimethoxybenzene, a secondary alcohol and a secondary alpha-hydroxy ketone. It derives from an odoratol.","The molecule is a member of the class of dihydrochalcones that is dihydrochalcone substituted by a hydroxy group at position 2', methoxy groups at positions 4 and 4' and a hydroxy group at position alpha- to the ketonic group. It has a role as a plant metabolite. It is a member of dihydrochalcones, a monomethoxybenzene, a member of phenols, a diol and a secondary alpha-hydroxy ketone."
279,"The molecule is an organochlorine compound that is 2-chloroacetamide substituted by a (2-ethyl-6-methylphenyl)-N-(1-methoxypropan-2-yl) group at the nitrogen atom. It is an aromatic amide, an ether, a member of benzenes and an organochlorine compound.","The molecule is an organochlorine compound that is 2-chloroacetamide substituted by a 2,4-dimethylthiophen-3-yl and a 1-methoxypropan-2-yl group at the nitrogen atom. It is a member of thiophenes, an aromatic amide, an ether and an organochlorine compound."
280,"The molecule is a flavanone glycoside that is carthamidin attached to a beta-D-glucopyranosyl residue at position 5 via a glycosidic linkage. It has a role as a plant metabolite. It is a flavanone glycoside, a trihydroxyflavanone and a member of 4'-hydroxyflavanones. It derives from a carthamidin.","The molecule is a flavanone glycoside that is sakuranetin attached to a beta-D-glucopyranosyl residue at position 5 via a glycosidic linkage. It has a role as a plant metabolite and an EC 3.1.1.7 (acetylcholinesterase) inhibitor. It is a flavanone glycoside, a monomethoxyflavanone, a monohydroxyflavanone and a member of 4'-hydroxyflavanones. It derives from a sakuranetin."
281,"The molecule is a BODIPY dye and a monocarboxylic acid. It has a role as a fluorochrome. It derives from a 4,4-difluoro-4-bora-3a,4a-diaza-s-indacene.","The molecule is a BODIPY dye in which the 4,4-difluoro-4-bora-3a,4a-diaza-s-indacene skeleton is substituted at positions 1, 3, 5, 7, and 8 by methyl groups. It is used as a stain for neutral lipds and as a tracer for oil and other nonpolar lipids."
282,The molecule is a fatty acid ethyl ester of 3-hexenoic acid. It has a role as a metabolite. It derives from a 3-hexenoic acid.,The molecule is an isopropyl ester resulting from the formal condensation of the carboxy group of 3-hydroxybut-2-enoic acid with isopropanol. It derives from a propan-2-ol and a 3-hydroxybut-2-enoic acid.
283,The molecule is a monocarboxylic acid cation resulting from the deprotonation of the carboxy group of ascr#10. The conjugate acid of ascr#10 and the major species at pH 7.3. It is a conjugate acid of an ascr#10.,The molecule is an (omega-1)-hydroxy fatty acid ascaroside obtained by formal condensation of the alcoholic hydroxy group of (7R)-7-hydroxyoctanoic acid with ascarylopyranose (the alpha anomer). It is a metabolite of the nematode Caenorhabditis elegans. It has a role as a Caenorhabditis elegans metabolite. It is a monocarboxylic acid and an (omega-1)-hydroxy fatty acid ascaroside. It derives from a (7R)-7-hydroxyoctanoic acid. It is a conjugate acid of an ascr#14(1-).
284,"The molecule is a very long-chain fatty acyl-CoA that results from the formal condensation of the thiol group of coenzyme A with the carboxy group of (2E)-tricosenoic acid. It is an alk-2-enoyl-CoA, a trans-2-enoyl-CoA, a monounsaturated fatty acyl-CoA and an ultra-long-chain fatty acyl-CoA. It is a conjugate acid of a (2E)-tricosenoyl-CoA(4-).","The molecule is a monounsaturated fatty acyl-CoA(4-) obtaned by deprotonation of phosphate and diphosphate functions of (2E)-tricosenoyl-CoA; major species at pH 7.3. It is a 2,3-trans-enoyl CoA(4-) and a monounsaturated fatty acyl-CoA(4-). It is a conjugate base of a (2E)-tricosenoyl-CoA."
285,"The molecule is a para-terphenyl that consists of 1,4-diphenylbenzene substituted by acetyloxy groups at positions 3', 5' and 6', hydroxy groups at positions 4 and 4'' and a (3-phenylpropanoyl)oxy group at position 2'. It is isolated from the fruit body of the mushroom Paxillus curtisii and exhibits radical scavenging activity. It has a role as a metabolite and a radical scavenger. It is an acetate ester, a 3-phenylpropionate ester, a member of phenols and a para-terphenyl. It derives from a hydride of a 1,4-diphenylbenzene.","The molecule is a para-terphenyl that consists of 1,4-diphenylbenzene substituted by acetyloxy groups at positions 5' and 6', hydroxy groups at positions 4 and 4'', a (3-phenylpropanoyl)oxy group at position 3' and a (3-hydroxybutanoyl)oxy group at position 2'. It is isolated from the fruit body of the mushroom Paxillus curtisii and exhibits radical scavenging activity It has a role as a metabolite and a radical scavenger. It is an acetate ester, a member of phenols and a para-terphenyl. It derives from a 3-hydroxybutyric acid. It derives from a hydride of a 1,4-diphenylbenzene."
286,"The molecule is a mycolic acid produced by Mycobacterium tuberculosis. Its structure is that of hexacosanoic acid substituted at position 2 by a (1R,18Z,33Z)-1-hydroxytetrapentaconta-18,33-dien-1-yl group. (The term C80 refers to the average tail length of a reported naturally occurring range of 72-86 carbon atoms.)","The molecule is an optically active mycolic acid having one hydroxy and two olefin functions at respectively positions 3, 23 and 33 of the side-chain."
287,"The molecule is a docosanoid cation that is the conjugate acid of 7,8-epoxy,17-hydroxy-(9E,11E,13Z,15E,19Z)-docosapentaenoic acid, obtained by deprotonation of the carboxy group; major species at pH 7.3. It is a docosanoid cation, a long-chain fatty acid cation and a hydroxy fatty acid cation. It is a conjugate acid of a 7,8-epoxy,17-hydroxy-(9E,11E,13Z,15E,19Z)-docosapentaenoic acid.","The molecule is a docosanoid that is (9E,11E,13Z,15E,19Z)-docosapentaenoic acid carrying an epoxy group across positions 7 and 8 as well as a hydroxy substituent at position 17. An intermediate of specialised proresolving mediators. It has a role as a human xenobiotic metabolite. It is an epoxy fatty acid, a docosanoid, a long-chain fatty acid and a hydroxy polyunsaturated fatty acid. It is a conjugate acid of a 7,8-epoxy,17-hydroxy-(9E,11E,13Z,15E,19Z)-docosapentaenoate."
288,"The molecule is an (omega-1)-hydroxy fatty acid that is (11R)-11-hydroxylauric acid in which the 3-pro-R hydrogen is replaced by a hydroxy group. It is an (omega-1)-hydroxy fatty acid, a 3-hydroxy carboxylic acid, a dihydroxy monocarboxylic acid and a medium-chain fatty acid. It derives from an (11R)-11-hydroxylauric acid.","The molecule is an (omega-1)-hydroxy fatty acid that is (10R)-10-hydroxyundecanoic acid in which the 3-pro-R hydrogen is replaced by a hydroxy group. It is an (omega-1)-hydroxy fatty acid, a 3-hydroxy carboxylic acid, a medium-chain fatty acid and a dihydroxy monocarboxylic acid. It derives from a (10R)-10-hydroxyundecanoic acid."
289,The molecule is a steroidal acyl-CoA(4-) oxocation obtained by deprotonation of the phosphate and diphosphate OH groups of 7alpha-hydroxy-3-oxochol-4-en-24-oyl-CoA; major species at pH 7.3. It is a steroidal acyl-CoA(4-) and a 3-oxo bile acid CoA thioester(4-). It is an enantiomer of a 7beta-hydroxy-3-oxochol-4-en-24-oyl-CoA(4-).,The molecule is a steroidal acyl-CoA(4-) oxoanion obtained by deprotonation of the phosphate and diphosphate OH groups of 7beta-hydroxy-3-oxochol-4-en-24-oyl-CoA; major species at pH 7.3. It is a 3-oxo bile acid CoA thioester(4-) and a steroidal acyl-CoA(4-). It is an enantiomer of a 7alpha-hydroxy-3-oxochol-4-en-24-oyl-CoA(4-).
290,"The molecule is a member of the class of aminopyrimidine that is N-phenylpyrimidin-2-amine carrying additional cyclopropyl and methyl substituents at positions 4 and 6 respectively. A broad spectrum fungicide used to control a range of pathogens including Tapesia yallundae, Botrytis spp., Alternaria spp. and Rhynchospium secalis. Whilst it is a recognised irritant no serious human health concerns have been identified. It is moderately toxic to birds as well as most aquatic organisms and earthworms, but it is not considered toxic to honeybees. It has a role as an aryl hydrocarbon receptor agonist, an environmental contaminant, a xenobiotic and an antifungal agrochemical. It is an aminopyrimidine, a secondary amino compound, a member of cyclopropanes and an anilinopyrimidine fungicide.","The molecule is a member of the class of aminopyrimidines that is 2-aminopyrimidine substituted at positions N2, 5 and 6 by (5-cyanopyridin-2-yl)ethyl, 4-methylimidazol-2-yl and 2,4-dichlorophenyl groups respectively. It has a role as an EC 2.7.11.26 (tau-protein kinase) inhibitor. It is a member of imidazoles, a dichlorobenzene, an aminopyrimidine, an aminopyridine, a cyanopyridine, a secondary amino compound and a diamine."
291,"The molecule is a 1,2-diacyl-sn-glycerol 3-phosphate(2-) in which the phosphatidyl acyl groups at postions 1 and 2 are specified as heptadecanoyl and stearoyl respectively. It is a conjugate acid of a 1-heptadecanoyl-2-stearoyl-sn-glycero-3-phosphate.","The molecule is a 1,2-diacyl-sn-glycerol 3-phosphate in which the phosphatidyl acyl groups at postions 1 and 2 are specified as heptadecanoyl and stearoyl respectively. It is a 1,2-diacyl-sn-glycerol 3-phosphate and an octadecanoic acid. It derives from a heptadecanoic acid. It is a conjugate acid of a 1-heptadecanoyl-2-stearoyl-sn-glycero-3-phosphate(2-)."
292,"The molecule is a hydroperoxy fatty acid that is (5Z,8Z,10E,14Z,17Z)-icosapentaenoic acid in which the hydroperoxy group is located at the 12-position. It has a role as a platelet aggregation inhibitor. It is a hydroperoxy fatty acid, a long-chain fatty acid and a polyunsaturated fatty acid. It derives from an all-cis-5,8,11,14,17-icosapentaenoic acid. It is a conjugate acid of a 12-HPEPE(1-).","The molecule is a polyunsaturated fatty acid anion that is the conjugate base of 12-HPEPE, obtained by deprotonation of the carboxy group; major species at pH 7.3. It has a role as a platelet aggregation inhibitor. It is a hydroperoxy fatty acid anion, a long-chain fatty acid anion, a polyunsaturated fatty acid anion, a hydroperoxyicosapentaenoate and a hydroperoxy polyunsaturated fatty acid anion. It derives from an all-cis-5,8,11,14,17-icosapentaenoate. It is a conjugate base of a 12-HPEPE."
293,The molecule is a phenolate cation resulting from the deprotonation of the hydroxy group that is para- to the aldehyde group of ascofuranol. The major species at pH 7.3. It is a conjugate acid of an ascofuranol.,The molecule is i have included the stereoconfiguration seen in fig. 2 of pmid:30952781 even though I cannot find direct evidence for it. I think it is based on compound 10. Please update the structure according to the evidence you trust.
294,The molecule is an L-alpha-amino acid cation resulting from deprotonation of the carboxy groups and protonation of the amino group of 4-hydroxy-L-glutamic acid It derives from a L-glutamate(1-). It is a conjugate acid of a 4-hydroxy-L-glutamic acid. It is a conjugate acid of a 4-hydroxy-L-glutamate(2-).,"The molecule is an amino dicarboxylic acid that is L-glutamic acid substituted by a hydroxy group at position 4. It is an amino dicarboxylic acid, a secondary alcohol, a non-proteinogenic L-alpha-amino acid and a hydroxy-L-glutamic acid. It is a conjugate acid of a 4-hydroxy-L-glutamate(1-)."
295,"The molecule is a hydroxycalciol that is vitamin D2 bearing additional hydroxy substituents at positions 1alpha and 25. It has a role as a bone density conservation agent, a human xenobiotic metabolite and a nutraceutical. It is a hydroxycalciol, a seco-ergostane and a vitamin D. It derives from a vitamin D2.",The molecule is a seco-cholestane and a hydroxy seco-steroid. It has a role as an antiparathyroid drug. It derives from a vitamin D2.
296,The molecule is an O-acylcarnitine having palmitoyl (hexadecanoyl) as the acyl substituent. It has a role as a metabolite. It derives from a hexadecanoic acid.,"The molecule is an O-acylcarnitine in which the acyl group is specified as heptadecanoyl. It has a role as a rat metabolite, a human metabolite and a biomarker. It derives from a heptadecanoic acid."
297,"The molecule is a pentasaccharide consisting of four rhamnose residues (one at the reducing end) and one N-acetylglucosamine residue in a linear sequence, joined via alpha-linkages. It has a role as an epitope.","The molecule is an amino tetrasaccharide comprising an acetylated glucosamine residue and three alpha-L-rhamnose residues, one of which is at the reducing end."
298,"The molecule is a ceramide that is the N-tetracosanoyl derivative of eicosasphinganine. It is a C20 dihydroceramide, a Cer(d44:0) and a N-(very-long-chain fatty acyl)-sphingoid base.","The molecule is a dihydroceramide compound having a hexacosanoyl group attached to the nitrogen atom. It has a role as a Saccharomyces cerevisiae metabolite. It is a N-acylsphinganine, a Cer(d44:0) and a N-(very-long-chain fatty acyl)-sphingoid base. It derives from a sphinganine."
299,"The molecule is a biflavonoid isolated from the rhizome of Sarcophyte piriei and exhibits anti-inflammatory activity. It has a role as a metabolite and an anti-inflammatory agent. It is a biflavonoid, a monosaccharide derivative, a beta-D-glucoside and a hydroxyflavonoid. It derives from an eriodictyol.","The molecule is a biflavonoid isolated from the rhizome of Sarcophyte piriei and exhibits anti-inflammatory activity. It has a role as a metabolite and an anti-inflammatory agent. It is a beta-D-glucoside, a biflavonoid, a monosaccharide derivative and a hydroxyflavonoid."
300,The molecule is ferrocene substituted on one of the cyclopentadienyl rings by an ethyl group. It derives from a hydride of a ferrocene.,"The molecule is a member of pyrroles, a member of ferrocenes and a member of maleimides. It derives from a maleimide. It derives from a hydride of a ferrocene."
301,The molecule is an amino sugar. It has a role as a metabolite. It is a conjugate acid of a N(beta)-acetylstreptothricin D(4+).,The molecule is the N(beta)-acetyl derivative of streptothricin D(5+); major microspecies at pH 7.3. It is a N-glycosyl compound and a member of acetamides. It derives from a streptothricin D(5+). It is a conjugate acid of a Nbeta-acetylstreptothricin D.
302,"The molecule is an unsaturated fatty acyl-CoA that results from the formal condensation of the thiol group of coenzyme A with the carboxy group of (8Z,11Z,14Z,17Z,20Z,23Z)-3-oxohexacosahexaenoic acid. It is a 3-oxo-fatty acyl-CoA, an unsaturated fatty acyl-CoA and a very long-chain fatty acyl-CoA. It is a conjugate acid of an (8Z,11Z,14Z,17Z,20Z,23Z)-3-oxohexacosahexaenoyl-CoA(4-).","The molecule is a 3-oxo-fatty acyl-CoA(4-) arising from deprotonation of the phosphate and diphosphate functions of (8Z,11Z,14Z,17Z,20Z,23Z)-3-oxohexacosahexaenoyl-CoA. It is a 3-oxo-fatty acyl-CoA(4-) and a very long-chain 3-oxoacyl-CoA(4-). It is a conjugate base of an (8Z,11Z,14Z,17Z,20Z,23Z)-3-oxohexacosahexaenoyl-CoA."
303,The molecule is a glycopeptide antibiotic found in Streptomyces flavoviridis. It has a role as an antimicrobial agent and a bacterial metabolite.,"The molecule is a member of the class of bleomycins that is used in sclerotherapy for cervicofacial lymphatic malformations. It has a role as an antineoplastic agent, an apoptosis inducer and a bacterial metabolite."
304,"The molecule is a member of the class of 1,4-benzoquinones that is 1,4-benzoquinone which has been substituted by a methoxy group at position 5 and a 3-(4-hydroxy-3-methoxyphenyl)propyl group at position 2. It has been isolated from the stems of Combretum griffithii and has been shown to exhibit anticancer activity. It has a role as a metabolite, an antineoplastic agent and a plant metabolite. It is a member of phenols, a monomethoxybenzene and a member of 1,4-benzoquinones.","The molecule is a 1,4-benzoquinone having a methoxy substituent at the 2-position and a pentyl substituent at the 6-position. It has a role as a hapten, a metabolite, an antimicrobial agent, an antifeedant and an allergen."
305,"The molecule is a pyridone that is pyridin-2(1H)-one which is substituted at positions 3, 4, and 6 by cyano, 3,5-bis(benzyloxy)phenyl, and 5-chloro-2-hydroxyphenyl groups, respectively. It is an inhibitor for Survivin-Ran protein complex. It has a role as an inhibitor, an antineoplastic agent, a survivin dimerisation modulator and an antimitotic. It is a hydroxynitrile, a pyridone, a member of phenols, a benzyl ether, an aromatic ether and a member of monochlorobenzenes.","The molecule is a member of the class of pyridones that is 2-pyridone carrying cyano, phenyl and 3-bromo-6-hydroxyphenyl substituents at positions 3, 4 and 6 respectively It is a pyridone, a bromophenol and a nitrile."
306,"The molecule is a kaempferol O-glucoside that is kaempferol attached to a beta-D-glucopyranosyl residue at position 3 and a alpha-L-rhamnopyranosyl residue at position 7 via glycosidic linkages. Isolated from the aerial parts of Vicia faba and Lotus edulis, it exhibits inhibitory activity against topoisomerase I and II. It has a role as an EC 5.99.1.2 (DNA topoisomerase) inhibitor, an EC 5.99.1.3 [DNA topoisomerase (ATP-hydrolysing)] inhibitor and a plant metabolite. It is an alpha-L-rhamnoside, a dihydroxyflavone and a kaempferol O-glucoside.","The molecule is a glycosyloxyflavone that is kaempferol having gentiobiosyl and alpha-L-rhamnosyl residues attached at positions O-3 and O-7 respectively. It has a role as a plant metabolite. It is a glycosyloxyflavone, a dihydroxyflavone, an alpha-L-rhamnoside, a gentiobioside, a disaccharide derivative and a polyphenol. It derives from a kaempferol."
307,"The molecule is a 2alpha-hydroxy steroid, a 3alpha-hydroxy steroid, a 22-hydroxy steroid, a 23-hydroxy steroid and a brassinosteroid. It has a role as a plant growth stimulator and a plant hormone.","The molecule is a brassinosteroid that is brassinolide carrying an alpha-D-glucosyl residue at position O-23. It has a role as a plant metabolite. It is an alpha-D-glucoside, a 2alpha-hydroxy steroid, a 22-hydroxy steroid, a 3alpha-hydroxy steroid, a brassinosteroid and a steroid saponin. It derives from a brassinolide."
308,"The molecule is an amino disaccharide consisting of alpha-D-mannopyranose and 2-acetamido-2-deoxy-alpha-D-glucopyranose residues joined in sequence by a (1->4) glycosidic bond. It is a member of acetamides, an amino disaccharide and a glycosylglucose derivative. It derives from an alpha-D-mannose and a N-acetyl-alpha-D-glucosamine.","The molecule is an amino disaccharide comprising a beta-D-mannosyl residue linked (1->3) to an N-acetyl-D-glucosamine residue at the reducing end. It is an amino disaccharide, a glucosamine oligosaccharide, a glycosylglucose derivative and a member of acetamides. It derives from a N-acetyl-alpha-D-glucosamine and an alpha-D-mannose."
309,The molecule is an alpha-L-fucoside that is alpha-L-fucopyranose in which the anomeric hydroxy hydrogen is replaced by a 4-nitrophenyl group. It has a role as a chromogenic compound. It is an alpha-L-fucoside and a C-nitro compound. It derives from a 4-nitrophenol.,The molecule is a beta-L-fucoside that is beta-L-fucopyranose in which the anomeric hydroxy hydrogen is replaced by a 4-nitrophenyl group. It has a role as a chromogenic compound. It is a beta-L-fucoside and a C-nitro compound. It derives from a 4-nitrophenol.
310,The molecule is a 1-(alk-1-enyl)-2-acyl-sn-glycero-3-phosphate in which the alk-1-enyl and acyl groups are specified as (1Z)-octadecenyl and oleoyl respectively. It derives from an oleic acid. It is a conjugate acid of a 1-[(1Z)-octadecenyl]-2-oleoyl-sn-glycero-3-phosphate(2-).,The molecule is a 1-(Z)-alk-1-enyl-2-acyl-sn-glycero-3-phosphate(2-) obtained by deprotonation of the phosphate OH groups of 1-[(1Z)-octadecenyl]-2-oleoyl-sn-glycero-3-phosphate; major species at pH 7.3. It is a conjugate base of a 1-[(1Z)-octadecenyl]-2-oleoyl-sn-glycero-3-phosphate.
311,"The molecule is a heterocyclic thia fatty acid comprising pentanoic acid with a 1,2-dithiolan-3-yl group at the 5-position. It has a role as a fundamental metabolite. It is a member of dithiolanes, a heterocyclic fatty acid and a thia fatty acid. It derives from an octanoic acid. It is a conjugate acid of a lipoate.",The molecule is a thia fatty acid anion that is the conjugate base of lipoic acid; major species at pH 7.3. It has a role as a human metabolite and a fundamental metabolite. It derives from an octanoate. It is a conjugate base of a lipoic acid.
312,The molecule is a dicationic form of glycerone phosphate arising from deprotonation of the phosphate OH groups; major species at pH 7.3. It has a role as a human metabolite and a Saccharomyces cerevisiae metabolite. It derives from a dihydroxyacetone. It is a conjugate acid of a dihydroxyacetone phosphate.,"The molecule is a member of the class of glycerone phosphates that consists of glycerone bearing a single phospho substituent. It has a role as a human metabolite, a Saccharomyces cerevisiae metabolite, an Escherichia coli metabolite and a mouse metabolite. It is a primary alpha-hydroxy ketone and a member of glycerone phosphates. It derives from a dihydroxyacetone. It is a conjugate acid of a glycerone phosphate(2-)."
313,"The molecule is a stilbenoid that is the (2R,3R)-cis-stereoisomer of delta-viniferin, obtained by cyclodimerisation of cis-resveratrol. It is a member of 1-benzofurans, a polyphenol and a stilbenoid. It derives from a cis-resveratrol. It is an enantiomer of a (2S,3S)-cis-delta-viniferin.","The molecule is a stilbenoid that is the (2S,3S)-cis-stereoisomer of delta-viniferin, obtained by cyclodimerisation of cis-resveratrol. It is a member of 1-benzofurans, a polyphenol and a stilbenoid. It derives from a cis-resveratrol. It is an enantiomer of a (2R,3R)-cis-delta-viniferin."
314,"The molecule is a single-stranded DNA oligonucleotide consisting of five deoxyguanosine, six deoxycytidine, two deoxyadenosine and six thymidine residues connected by 3'->5' phosphodiester linkages in the sequence T-C-G-A-G-C-T-G-C-C-T-T-C-A-G-T-C-G-T. When part of a longer DNA sequence it can exist in a hairpin structure, with hydrogen bonding linking the six complementary base pairs C(2)-G(18), G(3)-C(17), A(4)-T(15), C(6)-G(15), T(6)-A(14) and G(8)-C(13). It has a role as an epitope.","The molecule is a cyclic oligonucleotide consisting of TGCGAATTCGCT and TGCGAATTCGCT strands of DNA linked by hydrogen bonding between the base pairs and also covalently via two disulfanediyldiethane-1,2-diyl linkages between the N-3 atoms of the terminal thymidine residues."
315,"The molecule is a sesquiterpene that consists of (1R,5R)-2-methylidenebicyclo[3.1.0]hexane having a (2R)-6-methylhept-5-en-2-yl group at position 5. It has a role as a plant metabolite.",The molecule is a sesquiterpene consisting of a bicyclo[3.1.1]heptane skeleton substituted at position 2 by a methylidene group and at position 6 by methyl and 4-methylpent-3-en-1-yl groups (the all-S diastereoisomer). It has a role as a plant metabolite. It is a bridged compound and a sesquiterpene.
316,The molecule is a dipeptide obtained by formal condensation of the carboxy group of L-ornithine with the amino group of D-aspartic acid. It is a constituent of bacterial peptidoglycan type A4beta. It derives from a L-ornithine and a D-aspartic acid.,The molecule is a dipeptide obtained by formal condensation of the carboxy group of L-lysine with the amino group of D-aspartic acid. It is a constituent of bacterial peptidoglycan type A4alpha. It derives from a D-aspartic acid and a L-lysine.
317,The molecule is an acyl-CoA that results from the formal condensation of the thiol group of coenzyme A with the carboxy group of oscr#7. It derives from an oscr#7. It is a conjugate acid of an oscr#7-CoA(4-).,The molecule is an acyl-CoA(4-) obtained by deprotonation of the phosphate and diphosphate groups of oscr#7-CoA; major species at pH 7.3. It is a conjugate base of an oscr#7-CoA.
318,The molecule is the 5-phospho derivative of 1-deoxy-D-xylulose. It has a role as an Escherichia coli metabolite. It derives from a D-xylulose. It is a conjugate acid of a 1-deoxy-D-xylulose 5-phosphate(2-).,The molecule is dianion of 1-deoxy-D-xylulose 5-phosphate arising from deprotonation of both phosphate OH groups; major species at pH 7.3. It is a conjugate base of a 1-deoxy-D-xylulose 5-phosphate.
319,"The molecule is a 18-HETE(1-) that is the conjugate acid of 18(R)-HETE, obtained by deprotonation of the carboxy group; major species at pH 7.3. It has a role as a human xenobiotic metabolite. It is a conjugate acid of a 18(R)-HETE.","The molecule is a HETE having a (19S)-hydroxy group and all-cis double bonds at positions 5, 8, 11 and 14. It has a role as a mouse metabolite. It derives from an icosa-5,8,11,14-tetraenoic acid and an arachidonic acid."
320,"The molecule is a xanthene dye that is fluorescein bearing bromine substituents at positions 2', 4', 5' and 7'. It is a xanthene dye, an organobromine compound and a monocarboxylic acid. It is a conjugate acid of a 2',4',5',7'-tetrabromofluorescein(2-).",The molecule is the anionic form of ethyl eosin. It has a role as a fluorochrome. It is an organobromine compound and an organic anion.
321,The molecule is a hydroxamic acid resulting from the formal condensation of the primary amino group of N-(3-aminopropyl)-N-hydroxyacetamide (2 mol eq.) with the carboxy groups at positions 1 and 3 of citric acid. It is a siderophore produced by Bacillus megaterium and Anabaena species. It has a role as a siderophore and a bacterial metabolite. It is a hydroxamic acid and a 2-hydroxy carboxylic acid. It derives from a citric acid.,"The molecule is a hydoxy monocarboxylic acid that is citric acid in which the two carboxy groups attached to methylene groups have each been converted to the carboxamide arising by formal condensation with the primary amino group of N-hydroxypropane-1,3-diamine and in which the nitrogen of one of the hydroxylamino groups has been acetylated while the other has been acylated with a (2E)-dec-2-enoyl group. Rhizobactin 1021 is a siderophore obtained fromj the nitrogen-fixing alfalfa symbiont Rhizobium meliloti 1021. It has a role as a siderophore. It is a hydroxamic acid, a tertiary alcohol and a hydroxy monocarboxylic acid. It derives from a citric acid."
322,The molecule is an (S)-3-hydroxyacyl-CoA resulting from the formal condensation of the thiol group of coenzyme A with the 1-carboxy group of (S)-3-hydroxyoctanedioic acid. It is a conjugate acid of a (S)-3-hydroxyoctanedioyl-CoA(5-).,"The molecule is an acyl-CoA oxoanion arising from deprotonation of the phosphate, diphosphate and carboxylic acid functions of (3S)-hydroxyadipyl-CoA. It derives from an oxoacid. It is a conjugate base of a (3S)-3-Hydroxyadipyl-CoA."
323,The molecule is a beta-D-galactosyl-(1<->1')-N-acylsphinganine in which the acyl group specified is hexadecanoyl. It has a role as a mouse metabolite. It derives from a hexadecanoic acid.,The molecule is a beta-D-galactosyl-(1->4)-beta-D-glucosyl-(1<->1')-N-acylsphinganine in which the acyl group specified is hexadecanoyl. It has a role as a mouse metabolite. It is a beta-D-galactosyl-(1->4)-beta-D-glucosyl-(1<->1')-N-acylsphinganine and a glycosyl-N-hexadecanoylsphinganine.
324,"The molecule is an hepoxilin cation that is the conjugate acid of 11(S)-hydroxy-14(S),15(S)-hepoxilin A3, arising from deprotonation of the carboxylic acid group; major species at pH 7.3. It is a conjugate acid of an 11(S)-hydroxy-14(S),15(S)-hepoxilin A3.","The molecule is a hepoxilin having (5Z,9E,14Z) double bond stereochemistry, an (11S)-hydroxy substituent and a 14S,15S-epoxy group. It has a role as a human xenobiotic metabolite. It is a hepoxilin, an epoxy fatty acid, a hydroxy fatty acid, a long-chain fatty acid and a trienoic fatty acid. It is a conjugate acid of an 11(S)-hydroxy-14(S),15(S)-hepoxilin A3(1-)."
325,The molecule is a dipeptide formed from L-alanyl and L-aspartic acid residues. It has a role as a metabolite. It is a conjugate acid of an Ala-Asp(1-).,The molecule is a peptide anion obtained by protonation of the amino group and deprotonation of the two carboxy groups of Ala-Asp. It is a conjugate base of an Ala-Asp.
326,"The molecule is a polycationic polymer obtained by deprotonation of the phosphate and diphosphate groups of 4-O-[poly(2-beta-D-glucosyl-1-D-ribitylphosphonato)-1-D-ribitylphosphonato-(2R)-1-glycerylphosphonato]-N-acetyl-beta-D-mannosaminyl-(1->4)-N-acetyl-alpha-D-glucosaminyl ditrans,octacis-undecaprenyl diphosphate; major species at pH 7.3. It is a polycationic polymer and an organophosphate oxocation.","The molecule is an organophosphate oxoanion obtained by global deprotonation of the phosphate and diphosphate functions of 4-O-[poly(1-D-ribitylphosphonato)-1-D-ribitylphosphonato-(2R)-1-glycerylphosphonato]-N-acetyl-beta-D-mannosaminyl-(1->4)-N-acetyl-alpha-D-glucosaminyl ditrans,octacis-undecaprenyl diphosphate. It is an organophosphate oxoanion and a polyanionic polymer."
327,"The molecule is an oxodocosahexaenoic acid that is (4Z,7Z,10Z,13Z,15E,19Z)-docosahexaenoic acid in which the oxo group is located at position 17. An intermediate of specialised proresolving mediators. It has a role as a human xenobiotic metabolite, a PPARalpha agonist, a PPARgamma agonist, an anti-inflammatory agent and an antineoplastic agent. It is an oxodocosahexaenoic acid and an enone. It derives from an all-cis-docosa-4,7,10,13,16,19-hexaenoic acid. It is a conjugate acid of a (4Z,7Z,10Z,13Z,15E,19Z)-17-oxodocosahexaenoate.","The molecule is an oxodocosahexaenoate that is the conjugate base of (4Z,7Z,10Z,13Z,15E,19Z)-17-oxodocosahexaenoic acid, obtained by deprotonation of the carboxy group; major species at pH 7.3. It is a conjugate base of a (4Z,7Z,10Z,13Z,15E,19Z)-17-oxodocosahexaenoic acid."
328,"The molecule is an organosilicon compound that is dimethylsilane in which the hydrogens attached to the silicon are replaced by p-fluorophenyl groups and a hydrogen attached to one of the methyl groups is replaced by a 1H-1,2,4-triazol-1-yl group. It is a broad-sepctrum fungicide used to protect a variety of crops. It has a role as a xenobiotic, an environmental contaminant, an EC 1.14.13.70 (sterol 14alpha-demethylase) inhibitor and an antifungal agrochemical. It is a member of monofluorobenzenes, a member of triazoles, an organosilicon compound, a conazole fungicide and a triazole fungicide.","The molecule is a member of the class of triazoles that is 2-(4-fluorophenyl)-1-(1,2,4-triazol-1-yl)-3-(trimethylsilyl)propane carrying an additional hydroxy substituent at position 2. It is a member of triazoles, a member of monofluorobenzenes, an organosilicon compound and a tertiary alcohol."
329,"The molecule is a phenethylamine alkaloid, a tertiary amine and a terminal acetylenic compound. It is a conjugate acid of a selegiline(1+).","The molecule is an acetylenic compound that is 2,2-tetramethyl-3-hexyn-1-amine in which both amino hydrogens have been replaced by methyl groups. It is a tertiary amine and an acetylenic compound."
330,"The molecule is an aminoacridine that is acridine that is substituted by amino groups at positions 3 and 6. A slow-acting bacteriostat that is effective against many Gram-positive bacteria (but ineffective against spores), its salts were formerly used for treatment of burns and infected wounds. It has a role as an antiseptic drug, a carcinogenic agent, an antibacterial agent, a chromophore and an intercalator. It is a conjugate acid of a 3,6-diaminoacridine(1+).","The molecule is an acridinium ion resulting from the protonation of the endocyclic nitrogen of 3,6-diaminoacridine. It is a conjugate base of a 3,6-diaminoacridine(2+). It is a conjugate acid of a 3,6-diaminoacridine."
331,"The molecule is a butenolide that is furan-2(5H)-one substituted by a hydroxymethyl group at position 3 and a methyl group at position 4. Isolated from an edible mushroom Mycoleptodonoides aitchisonii, it exhibits protective activity against endoplasmic reticulum (ER) stress dependent cell death. It has a role as a metabolite and a neuroprotective agent. It is a butenolide and a primary alcohol.","The molecule is a member of the class of butan-4-olides that is 3-methylidenebutan-4-olide carrying an additional hydroxy substituent at position 4 (the 4R-enantiomer) It has a role as a plant metabolite, an antifungal agent and an antibacterial agent. It is a butan-4-olide, an enoate ester and a secondary alcohol."
332,"The molecule is a carotenol that is 1',2'-dihydro-beta,psi-carotene which carries a hydroxy group at position 1'. It has a role as a bacterial metabolite. It is a carotenol and a tertiary alcohol. It derives from a hydride of a gamma-carotene.",The molecule is a carotenol that is gamma-carotene carrying two hydroxy substituents at positions 3 and 1'. It has a role as a marine metabolite. It is a carotenol and a diol.
333,"The molecule is a triterpenoid saponin that is primulagenin A attached to a beta-D-glucopyranosyl-(1->2)-[beta-D-glucopyranosyl-(1->4)]-alpha-L-arabinopyranosyl residue at position 3 via a glycosidic linkage. It has been isolated from the aerial parts of Lysimachia clethroides. It has a role as a plant metabolite. It is a triterpenoid saponin, a pentacyclic triterpenoid, a diol and a trisaccharide derivative. It derives from a primulagenin A. It derives from a hydride of an oleanane.","The molecule is a triterpenoid saponin that is primulagenin A attached to a tetrasaccharide residue at position 3 via a glycosidic linkage. It has been isolated from the aerial parts of Lysimachia clethroides. It has a role as a plant metabolite. It is a diol, a pentacyclic triterpenoid, a tetrasaccharide derivative and a triterpenoid saponin. It derives from a primulagenin A. It derives from a hydride of an oleanane."
334,The molecule is an inositol phosphodihydroceramide(1-) in which the N-acyl group is specified as hexanoyl; major species at pH 7.3. It is an inositol phosphodihydroceramide(1-) and an Ins-1-P-Cer-A 34:0(1-). It derives from a N-hexadecanoylsphinganine.,The molecule is an inositol inositol C20 phosphodihydroceramide(1-) in which the N-acyl group is specified as myristoyl; major species at pH 7.3. It is an inositol C20 phosphodihydroceramide(1-) and an Ins-1-P-Cer-A 34:0(1-).
335,The molecule is an oxime O-ether obtained by formal condensation of glyceraldehyde with O-methylhydroxylamine. It is an oxime O-ether and a glycol. It derives from a glyceraldehyde.,"The molecule is an oxime ether that is 3,6-bis(methoxyimino)hexane carrying four hydroxy substituents at positions 1, 2, 4 and 5. It is an oxime O-ether and a tetrol."
336,"The molecule is a steroid glucosiduronic acid that is calcidiol in which the hydroxy hydrogen at position 25 has been replaced by a beta-D-glucuronyl residue. It has a role as a human xenobiotic metabolite. It is a beta-D-glucosiduronic acid, a member of D3 vitamins and a steroid glucosiduronic acid. It derives from a calcidiol. It is a conjugate acid of a calcidiol 25-O-(beta-D-glucuronate).",The molecule is a steroid glucuronide anion that is the conjugate base of calcidiol 25-O-(beta-D-glucuronide) arising from deprotonation of the carboxylic acid function; major species at pH 7.3. It derives from a calcidiol. It is a conjugate base of a calcidiol 25-O-(beta-D-glucuronide).
337,The molecule is an N-acyl-D-galactosylsphingosine in which the ceramide N-acyl group is specified as stearoyl (octadecanoyl). It derives from an octadecanoic acid.,The molecule is an N-acyl-D-galactosylsphingosine in which the ceramide N-acyl group is specified as lignoceroyl (tetracosanoyl). It derives from a tetracosanoic acid.
338,The molecule is a dicarboxylic acid monoester that the monomethyl ester of glutaric acid. It has a role as a human urinary metabolite. It derives from a glutaric acid.,The molecule is a dicarboxylic acid monoester that is succinic acid in which one of the carboxy groups has been converted to its methyl ester. It is a dicarboxylic acid monoester and a hemisuccinate.
339,The molecule is a 1-acyl-2-octadecanoyl-sn-glycero-3-phosphate in which the 1-acyl group is specified as oleoyl (9Z-octadecaenoyl). It derives from an oleic acid. It is a conjugate acid of a 1-oleoyl-2-stearoyl-sn-glycero-3-phosphate(2-).,The molecule is a 1-acyl-2-octadecanoyl-sn-glycero-3-phosphate(2-) obtained by deprotonation of the phosphate OH groups of 1-oleoyl-2-stearoyl-sn-glycero-3-phosphate. It is a conjugate base of a 1-oleoyl-2-stearoyl-sn-glycero-3-phosphate.
340,"The molecule is a sesquiterpene lactone that is isosecotanapartholide in which the hydroxy group at position 3 is replaced by a methoxy group. Isolated from Artemisia iwayomogi and Tanacetum cilicicum, it acts as an inhibitor of nitric oxide synthase. It has a role as a metabolite and an EC 1.14.13.39 (nitric oxide synthase) inhibitor. It is a butan-4-olide, an enone, a methyl ketone, a sesquiterpene lactone and an ether.","The molecule is a sesquiterpene lactone isolated from Artemisia rutifolia and Artemisia iwayomogi and has been shown to inhibit nitric oxide synthase. It has a role as a metabolite and an EC 1.14.13.39 (nitric oxide synthase) inhibitor. It is a butan-4-olide, a sesquiterpene lactone, a methyl ketone, a secondary alcohol and an enone."
341,The molecule is an organophosphate oxocation arising from deprotonation of the phospho and carboxy groups as well as protonation of the amino group of O(4)-phosphotyrosine It is a conjugate acid of an O(4)-phosphotyrosine.,"The molecule is a non-proteinogenic alpha-amino acid that is tyrosine phosphorylated at the phenolic hydroxy group. It is an O-phosphoamino acid, a tyrosine derivative, a non-proteinogenic alpha-amino acid and an aromatic amino acid. It is a conjugate acid of an O(4)-phosphonatotyrosine(2-)."
342,The molecule is an omega-hydroxy fatty acid ascaroside obtained by formal condensation of the alcoholic hydroxy group of 5-hydroxypentanoic acid with ascarylopyranose (the alpha anomer). It is a metabolite of the nematode Caenorhabditis elegans. It has a role as a Caenorhabditis elegans metabolite. It is a monocarboxylic acid and an omega-hydroxy fatty acid ascaroside. It derives from a 5-hydroxypentanoic acid. It is a conjugate acid of an oscr#9(1-).,"The molecule is an omega-hydroxy fatty acid ascaroside obtained by formal condensation of the alcoholic hydroxy group of 3-hydroxypropanoic acid with ascarylopyranose (the alpha anomer). A major component of the dauer pheromone of the nematode Caenorhabditis elegans, it synergises with ascr#2 and ascr#3 as a population-density signal to promote entry into an alternate larval stage, the nonfeeding and highly persistent dauer diapause. It has a role as a pheromone and a Caenorhabditis elegans metabolite. It is a monocarboxylic acid and an omega-hydroxy fatty acid ascaroside. It derives from a 3-hydroxypropionic acid. It is a conjugate acid of an ascr#5(1-)."
343,"The molecule is a dimethoxybenzene that is the methyl ether derivative of veratryl alcohol. It derives from a (3,4-dimethoxyphenyl)methanol.","The molecule is a phenylpropanoid that is benzene substituted by methoxy groups at positions 1, 2 and 4 and a propen-1-yl group at position 5. It has been isolated from Acorus. It has a role as a plant metabolite. It is a phenylpropanoid and a member of methoxybenzenes."
344,"The molecule is a monocarboxylic acid that is succinic acid in which the hydroxy group of one of the carboxy groups is replaced by a pyridin-3-yl group. A byproduct of tobacco-specific N-nitrosamines generated by cytochrome P-450 which catalyzes methylnitrosaminopyridylbutanone hydroxylation, this nicotine metabolite is commonly found in the urine of smokers. It is a member of pyridines, a monocarboxylic acid and an aromatic ketone. It derives from a 4-oxo-4-(pyridin-3-yl)butanal. It is a conjugate acid of a 4-oxo-4-(pyridin-3-yl)butanoate.",The molecule is a carboxylic acid anion resulting from the removal of a proton from the carboxy group of 4-oxo-4-(pyridin-3-yl)butanoic acid. The major species at pH 7.3. It is a conjugate base of a 4-oxo-4-(pyridin-3-yl)butanoic acid.
345,"The molecule is a 1-acyl-sn-glycerol 3-phosphate in which the 1-acyl substituent is specified as gamma-linolenoyl (6Z,9Z,12Z-octadecatrienoyl). It derives from a gamma-linolenic acid. It is a conjugate acid of a gamma-linolenoyl-sn-glycero-3-phosphate(2-).",The molecule is a 1-acyl-sn-glycerol 3-phosphate(2-) obtained by deprotonation of the phosphate OH groups of gamma-linolenoyl-sn-glycero-3-phosphate. It is a conjugate base of a 1-(gamma-linolenoyl)-sn-glycero-3-phosphate.
346,"The molecule is an erythromycin cation that is the conjugate acid of erythromycin B, arising from protonation of the tertiary amino group on the 3,4,6-trideoxy-3-(dimethylamino)-beta-D-xylo-hexopyranosyl residue; major species at pH 7.3.","The molecule is an erythromycin that consists of erythronolide B having 2,6-dideoxy-3-C-methyl-3-O-methyl-alpha-L-ribo-hexopyranosyl and 3,4,6-trideoxy-3-(dimethylamino)-beta-D-xylo-hexopyranosyl residues attahced at positions 4 and 6 respectively. It derives from an erythronolide B."
347,The molecule is a carbamate ester obtained by the formal condensation of ethanol with carbamic acid. It has been found in alcoholic beverages. It has a role as a fungal metabolite and a mutagen.,"The molecule is the bis(carbamate ester) of 2-phenylpropane-1,3-diol. An anticonvulsant, it is used in the treatment of epilepsy. It has a role as an anticonvulsant and a neuroprotective agent."
348,"The molecule is a furofuran that is (3aR,6aR)-hexahydrofuro[3,4-b]furan substituted by an oxo group at positions 2 and 4, methylene group at position 3 and by an hexyl group at position 6. It is a metabolite isolated from several species of fungi. It has a role as an antifungal agent and a fungal metabolite. It is a gamma-lactone and a furofuran.","The molecule is a member of the class of furofurans that is tetrahydrofuro[3,4-b]furan-2,4-dione substituted at positions 3 and 6 by methyl and butyl groups respectively (the 3R,3aR,6S,6aS-stereoisomer). It has a role as a fungal metabolite. It is a furofuran and a gamma-lactone."
349,"The molecule is a sesquiterpene lactone obtained by formal hydrogenation across the 11,13-double bond of lactucin. Found in chicory It has a role as a plant metabolite. It is an azulenofuran, a cyclic terpene ketone, an enone, a secondary alcohol, a sesquiterpene lactone and a primary alcohol. It derives from a lactucin.","The molecule is a sesquiterpene lactone obtained by formal hydrogenation across the 11,13-double bond of 8-deoxylactucin. Found in chicory It has a role as a plant metabolite. It is an azulenofuran, a cyclic terpene ketone, an enone, a sesquiterpene lactone and a primary alcohol. It derives from a lactucin."
350,The molecule is an N-acyl-1-O-beta-D-glucosyl-4-hydroxy-15-methylhexadecasphinganine in which the acyl group has 24 carbons and 0 double bonds. It derives from a 15-methylhexadecaphytosphingosine.,The molecule is an N-acyl-1-O-beta-D-glucosyl-4-hydroxy-15-methylhexadecasphinganine in which the acyl group has 23 carbons and 0 double bonds. It derives from a 15-methylhexadecaphytosphingosine.
351,The molecule is a guanosine bisphosphate having a diphosphate at the 3'-position and a triphosphate at the 5'-position. It has a role as an Escherichia coli metabolite and a mouse metabolite. It is a guanosine bisphosphate and a guanosine 5'-phosphate. It is a conjugate acid of a guanosine 3'-diphosphate 5'-triphosphate hexacation.,"The molecule is a ribose 5-triphosphate compound having a 2,5-diamino-6-oxo-1,6-dihydropyrimidin-4-ylamino substituent at the 1-position. It has a role as a human metabolite and a mouse metabolite. It is a N-glycosyl compound, a ribose triphosphate, a pyrimidone and an aminopyrimidine."
352,The molecule is an organophosphate oxocation obtained by deprotonation of the diphosphate OH groups of 8-oxo-dAMP. It is a conjugate acid of an 8-oxo-dAMP.,The molecule is a purine 2'-deoxyribonucleoside 5'-diphosphate that is the 8-oxo derivative of dADP. It derives from a 2'-deoxyadenosine 5'-monophosphate. It is a conjugate acid of an 8-oxo-dAMP(2-). It is a tautomer of an 8-hydroxy-dAMP.
353,The molecule is an arsenate ion resulting from the removal of three protons from arsenic acid. It is a conjugate acid of an arsenate(2-).,The molecule is an arsenate ion resulting from the removal of one proton from arsenic acid. It is a conjugate base of an arsenic acid. It is a conjugate acid of an arsenate(2-).
354,The molecule is a glycosylglucose consisting of beta-D-xylopyranose and D-glucopyranose residues joined in sequence by a (1->2) glycosidic bond. It derives from a beta-D-xylose and a D-glucopyranose.,The molecule is a glycosylmannose consisting of beta-D-arabinopyranose and D-mannopyranose joined in sequence by a (1->2) glycosidic bond. It derives from a beta-D-arabinopyranose and a D-mannopyranose.
355,The molecule is a ketoaldonic acid obtained by oxidation of the 8-hydroxy group of 3-deoxy-alpha-D-manno-oct-2-ulopyranosonic acid to the corresponding aldehyde. It is a ketoaldonic acid and an aldehyde. It is a conjugate acid of a (7R)-6-deoxy-D-manno-oct-7-ulosuronate.,The molecule is a carbohydrate acid anion obtained by deprotonation of the carboxy group of (7R)-6-deoxy-D-manno-oct-7-ulosuronic acid; major species at pH 7.3. It is a monocarboxylic acid anion and a carbohydrate acid anion. It is a conjugate base of a (7R)-6-deoxy-D-manno-oct-7-ulosuronic acid.
356,"The molecule is a 3-hydroxy fatty acyl-CoA(4-) obtained by deprotonation of the phosphate and diphosphate OH groups of (3R,11Z,14Z,17Z,20Z)-3-hydroxyhexacosatetraenoyl-CoA; major species at pH 7.3. It is a (R)-3-hydroxyacyl-CoA(4-) and a 3-hydroxy fatty acyl-CoA(4-). It is a conjugate acid of a (3R,11Z,14Z,17Z,20Z)-3-hydroxyhexacosatetraenoyl-CoA.","The molecule is a 3-hydroxy fatty acyl-CoA that results from the formal condensation of the thiol group of coenzyme A with the carboxy group of (3R,11Z,14Z,17Z,20Z)-3-hydroxyhexacosatetraenoic acid. It is a (R)-3-hydroxyacyl-CoA, a 3-hydroxy fatty acyl-CoA, an unsaturated fatty acyl-CoA and a very long-chain fatty acyl-CoA. It is a conjugate acid of a (3R,11Z,14Z,17Z,20Z)-3-hydroxyhexacosatetraenoyl-CoA(4-)."
357,"The molecule is a member of the class of hydroxyanthraquinones isolated from the bark of Scutia myrtina. It has been shown to exhibit antiproliferative and antimalarial activities. It has a role as a metabolite, an antimalarial and an antineoplastic agent. It is a methyl ester, a ring assembly and a dihydroxyanthraquinone.","The molecule is a member of the class of hydroxyanthraquinones isolated from the bark of Scutia myrtina. It has been shown to exhibit antiproliferative and antimalarial activities. It has a role as a metabolite, an antineoplastic agent and an antimalarial. It is a dihydroxyanthraquinone, a methyl ester and a ring assembly."
358,"The molecule is a member of the class of benzimidazoles that is 1H-benzimidazole substituted by a pyrrolidin-1-ylmethyl and a 4-chlorobenzyl groups at positions 2 and 1 respectively. It has a role as a histamine antagonist. It is a member of pyrrolidines, a member of benzimidazoles and a member of monochlorobenzenes. It is a conjugate acid of a clemizole(1+). It derives from a hydride of a 1H-benzimidazole.","The molecule is 1-[3-(Piperidin-1-yl)propyl]-1,3-dihydro-2H-benzimidazol-2-one in which the 4-position of the piperidine ring is substituted by a 5-chloro-1,3-dihydro-2H-benzimidazol-2-on-1-yl group. A dopamine antagonist, it is used as an antiemetic for the short-term treatment of nausea and vomiting, and to control gastrointestinal effects of dopaminergic drugs given in the management of parkinsonism. The free base is used in oral suspensions, while the maleate salt is used in tablet preparations. It has a role as an antiemetic and a dopaminergic antagonist. It is a member of benzimidazoles and a heteroarylpiperidine."
359,"The molecule is an L-amino acid cation, being the conjugate acid of L-3-oxoalanine. It has a role as a Saccharomyces cerevisiae metabolite. It is a 3-oxo monocarboxylic acid cation and a L-alpha-amino acid cation. It is a conjugate acid of a L-3-oxoalanine.","The molecule is the L-enantiomer of 3-oxoalanine. It has a role as an Escherichia coli metabolite. It is a 3-oxoalanine, a L-alanine derivative and a non-proteinogenic L-alpha-amino acid. It derives from a L-serine. It is a conjugate acid of a L-3-oxoalaninate. It is a tautomer of a L-3-oxoalanine zwitterion."
360,The molecule is a thiazolidinemonocarboxylic acid obtained via hydrolysis of the beta-lactam ring of amoxicillin. It has a role as an allergen. It is a conjugate acid of an amoxicilloate.,The molecule is a thiazolidinemonocarboxylate anion resulting from proton loss from the carboxy group located on the beta-lactam ring of amoxicilloic acid. It is a conjugate base of an amoxicilloic acid.
361,"The molecule is a carboxylic acid, an acetate ester, an organic heterotetracyclic compound and a member of rifamycins. It is a conjugate acid of a rifamycin B(2-).",The molecule is a hydroxy monocarboxylic acid anion arising from deprotonation of the carboxy and 5-carboxy groups of rifamycin B; major species at pH 7.3. It is a conjugate base of a rifamycin B.
362,"The molecule is a pyridochromene that is 10H-chromeno[3,2-c]pyridine substituted by hydroxy groups at positions 7 and 8, a methyl group at position 3, an oxo group at position 10 and a carboxy group at position 9. Isolated from Chaetomium funicola, it exhibits inhibitory activity against metallo-beta-lactamases. It has a role as an EC 3.5.2.6 (beta-lactamase) inhibitor and a Chaetomium metabolite. It is a pyridochromene, a monocarboxylic acid, a member of catechols and a cyclic ketone.","The molecule is a pyridochromene-derived monocarboxylic acid having an amino substituent at the 2-position, an oxo substituent at the 5-position and an isopropyl substituent at the 7-position. It has a role as an anti-allergic agent, an anti-ulcer drug and a non-steroidal anti-inflammatory drug. It is a pyridochromene and a monocarboxylic acid."
363,"The molecule is an O-acylcarnitine having 3-hydroxylinoleoyl as the acyl substituent. It has a role as a metabolite. It is an O-acylcarnitine, a carboxylic ester and an ammonium betaine. It derives from a carnitine.","The molecule is an O-acylcarnitine having (9Z,12Z,15Z)-3-hydroxyoctadecatrienoyl as the acyl substituent. It has a role as a metabolite. It is an O-acylcarnitine, an ammonium betaine and a carboxylic ester. It derives from a carnitine."
364,"The molecule is an amino oligosaccharide that is a branched tridecasaccharide in which two beta-D-Gal-(1->4)-beta-D-GlcNAc disaccharide units are linked (1->2) and (1->4) to the terminal mannose residue of an alpha-D-Man-(1->3)-beta-D-Man-(1->4)-beta-D-GlcNAc-(1->4)-D-GlcNAc tetrasaccharide chain, to the beta-D-mannose residue of which is also linked (1->6) a beta-D-Gal-(1->4)-beta-D-GlcNAc-(1->3)-alpha-D-Man trisaccharide unit. It has a role as an epitope. It is an amino oligosaccharide and a glucosamine oligosaccharide.","The molecule is a branched amino oligosaccharide that is a heptadecasaccharide derivative comprising a linear trisaccharide of alpha-D-mannose and two N-acetyl-beta-D-glucosamine residues (one of which is at the reducing end) all linked in sequence (1->4), to the mannosyl residue of which are linked a beta-D-galactosyl-(1->4)-N-acetyl-beta-D-glucosaminyl-(1->3)-beta-D-galactosyl-(1->4)-N-acetyl-beta-D-glucosaminyl-(1->)-[beta-D-galactosyl-(1->4)-N-acetyl-beta-D-glucosaminyl-(1->3)-beta-D-galactosyl-(1->4)-N-acetyl-beta-D-glucosaminyl-(1->6)]-alpha-D-mannosyl branched nonasaccharide unit [linked (1->6)], and a beta-D-galactosyl-(1->4)-N-acetyl-beta-D-glucosaminyl-(1->3)-beta-D-galactosyl-(1->4)-N-acetyl-beta-D-glucosaminyl-(1->2)-alpha-D-mannosyl linear pentasaccharide unit [linked (1->3)]. It is an amino oligosaccharide and a glucosamine oligosaccharide."
365,"The molecule is a derivative of L-alanine having a 2-sulfoethyl group attached to the alpha-nitrogen. It is a D-alanine derivative, a D-alpha-amino acid and an organosulfonic acid. It derives from a taurine. It is a conjugate acid of a tauropinate(1-).",The molecule is conjugate base of tauropine in which the carboxy and sulfo groups are anionic and the amino group is protonated; major species at pH 7.3. It is a L-alpha-amino acid anion and an organosulfonate oxoanion. It is a conjugate base of a tauropine.
366,"The molecule is a tricyclic sesquiterpene with formula C15H24 which is biosynthesised from farnesyl diphosphate by a diterpene cyclase enzyme from Dictyostelium discoideum. It is a sesquiterpene, a carbotricyclic compound and a polycyclic olefin.",The molecule is a tricyclic triterpenoid that is pentalenene in which one of the hydrogens of the allylic methyl group is substituted by a hydroxy group. It is a primary alcohol and a sesquiterpenoid. It derives from a pentalenene.
367,The molecule is a ketohexose monophosphate that is D-tagatopyranose in which the phosphono substituent is located at position 1. It derives from a D-tagatopyranose. It is a conjugate acid of a D-tagatopyranose 1-phosphate(2-).,The molecule is an organophosphate oxoanion obtained by deprotonation of the phospohate OH groups of D-tagatopyranose 1-phosphate; major microspecies at pH 7.3. It is a conjugate base of a D-tagatopyranose 1-phosphate.
368,"The molecule is an organophosphate oxocation derived from 2-O-(6-phosphono-alpha-D-mannosyl)-D-glyceric acid by removal of the two protons from the phosphate group and the proton from the carboxylic acid group. It is an organophosphate oxocation, a carbohydrate acid derivative cation and a monocarboxylic acid cation. It derives from a 2-(alpha-D-mannosyl)-D-glycerate. It is a conjugate acid of a 2-O-(6-phosphono-alpha-D-mannosyl)-D-glyceric acid.",The molecule is a carbohydrate acid which is the 2-(6-phosphono-alpha-D-mannoside) of D-glyceric acid. It is a monocarboxylic acid and a carbohydrate acid derivative. It derives from a 2-(alpha-D-mannosyl)-D-glyceric acid. It is a conjugate acid of a 2-O-(6-phospho-alpha-D-mannosyl)-D-glycerate.
369,The molecule is an N-acyl-4-hydroxy-15-methylhexadecasphinganine-1-phosphocholine in which the acyl group has 22 carbons and 0 double bonds. It derives from a 15-methylhexadecaphytosphingosine.,The molecule is an N-acyl-4-hydroxy-15-methylhexadecasphinganine-1-phosphocholine in which the acyl group has 21 carbons and 0 double bonds. It derives from a 15-methylhexadecaphytosphingosine.
370,The molecule is a tripeptide cation resulting from the transfer of a proton from the carboxy group to the amino group of Gly-Gly-Pro. Major microspecies at pH 7.3. It is a tautomer of a Gly-Gly-Pro.,"The molecule is a tripeptide composed of glycine, glycine and L-proline amino acids joined in sequence by peptide linkages. It is a tautomer of a Gly-Gly-Pro zwitterion."
371,"The molecule is a tricarboxylic acid trication resulting from the deprotonation of all three carboxy groups of 3-hydroxybutane-1,2,3-tricarboxylic acid; major microspecies at pH 7.3. It is a conjugate acid of a 3-hydroxybutane-1,2,3-tricarboxylic acid.",The molecule is a dicarboxylic acid that is malonic acid substituted with a heptyl group at position C-2. It has a role as a metabolite. It derives from a malonic acid.
372,"The molecule is a methyl ester resulting from the formal condensation of the carboxy group of halauxifen with methanol. It is a proherbicide used for the control of broad-leaved weeds in cereals and oilseed rape. It has a role as a synthetic auxin and a proherbicide. It is a member of monofluorobenzenes, a member of monochlorobenzenes, a monomethoxybenzene, an aminopyridine, a methyl ester, a chloropyridine and a biaryl. It derives from a halauxifen.","The molecule is a benzyl ester resulting from the formal condensation of the carboxy group of florpyrauxifen with the hydroxy group of benzyl alcohol. An auxin herbicide developed by Dow AgroSciences. It has a role as a herbicide and a synthetic auxin. It is a benzyl ester, an aromatic ether, a biaryl, a member of monochlorobenzenes, a member of monofluorobenzenes and an aminopyridine. It derives from a florpyrauxifen."
373,The molecule is a peptide cation obtained by deprotonation of the carboxy groups and protonation of the free amino group of gammaGluCys(IAN)Glu; major species at pH 7.3. It is a conjugate acid of a gammaGluCys(IAN)Glu.,"The molecule is a tripeptide that consists of L-gamma-glutamyl-L-cysteinyl-L-glutamic acid in which the the cysteine side chain is substituted by a cyano(indol-3-yl)methyl group. It has a role as a metabolite. It is a S-conjugate, a member of indoles, a nitrile and a tripeptide. It derives from a glutamic acid, a cysteine and an indole-3-acetonitrile. It is a conjugate acid of a gammaGluCys(IAN)Glu(2-)."
374,"The molecule is a member of the class of benzothiazoles that is 1,3-benzothiazole substituted by 3-((18)F)fluoro-4-(methylamino)phenyl and hydroxy groups at positions 3 and 6 respectively. A positron emission tomography imaging ligand for the detection of amyloid aggregation associated with Alzheimer disease. It has a role as a radioactive imaging agent. It is a (18)F radiopharmaceutical, a member of benzothiazoles, an aromatic amine and a secondary amino compound.","The molecule is a member of the class of benzothiazoles that is 1,3-benzothiazole in which the hydrogen at position 2 has been replaced by a 5-fluoro-2-hydroxyphenyl group. It is a member of monofluorobenzenes, a member of benzothiazoles and a fluorophenol."
375,The molecule is a carbohydrate acid derivative cation resulting from the deprotonation of the carboxy group of alpha-Neu5Ac-(2->3)-beta-D-Gal-(1->4)-beta-D-GlcNAc-(1->3)-beta-D-Gal-(1->4)-[alpha-L-Fuc-(1->3)]-beta-D-GlcNAc-(1->3)-beta-D-Gal-(1->4)-beta-D-GlcNAc. The major species at pH 7.3. It is a monocarboxylic acid cation and a carbohydrate acid derivative cation. It is a conjugate acid of an alpha-Neup5Ac-(2->3)-beta-D-Galp-(1->4)-beta-D-GlcpNAc-(1->3)-beta-D-Galp-(1->4)-[alpha-L-Fucp-(1->3)]-beta-D-GlcpNAc-(1->3)-beta-D-Galp-(1->4)-beta-D-GlcpNAc.,"The molecule is a branched amino hexasaccharide consisting of a linear sequence of N-acetyl-alpha-neuraminyl, beta-D-galactosyl, N-acetyl-beta-D-glucosaminyl, beta-D-galactosyl and N-acetyl-beta-D-glucosaminyl residues, linked (2->3), (1->4), (1->3) and (1->4), to the non-terminal N-acetyl-beta-D-glucosaminyl residue of which is also linked (1->3) an alpha-L-fucosyl residue. It has a role as an epitope. It is an amino hexasaccharide and a glucosamine oligosaccharide."
376,The molecule is a fatty acid-taurine conjugate obtained by deprotonation of the sulfonate group of N-oleoyltaurine; major species at pH 7.3. It is a conjugate acid of a N-oleoyltaurine.,"The molecule is a fatty acid-taurine conjugate derived from oleic acid. It has a role as a human blood serum metabolite, an apoptosis inducer and an antineoplastic agent. It derives from an oleic acid. It is a conjugate acid of a N-oleoyltaurine(1-)."
377,The molecule is a organosulfate oxocation obtained by the deprotonation of the sulfo group of holothurin A4 acid. It is a conjugate acid of a holothurin A4 acid.,"The molecule is a triterpenoid saponin that is a tetrasaccharide derivative of 3,12,17,24-tetrahydroxy-18,20-epoxylanost-9(11)-en-18-one. It is a heterocyclyl sulfate, a tetrasaccharide derivative and a triterpenoid saponin. It is a conjugate acid of a holothurin A4(1-). It derives from a hydride of a lanostane."
378,The molecule is dication of xylitol 5-phosphate arising from deprotonation of the phosphate OH groups; major species at pH 7.3. It derives from a xylitol. It is a conjugate acid of a xylitol 5-phosphate.,The molecule is an alditol 5-phosphate and a xylitol phosphate. It derives from a xylitol. It is a conjugate acid of a xylitol 5-phosphate(2-).
379,"The molecule is an oxysterol that is cholesterol which is substituted by hydroxy groups at positions 24S and 26. It has a role as a human metabolite. It is an oxysterol, a 24-hydroxy steroid, a 3beta-sterol, a 26-hydroxy steroid and a 3beta-hydroxy-Delta(5)-steroid. It derives from a cholesterol.","The molecule is an oxysterol that is cholesterol which is substituted by hydroxy groups at positions 24S and 25. It has a role as a human metabolite. It is an oxysterol, a 3beta-sterol, a 25-hydroxy steroid, a 24-hydroxy steroid and a 3beta-hydroxy-Delta(5)-steroid. It derives from a cholesterol."
380,"The molecule is a glycosyloxyflavone that is isorhamnetin substituted at position 7 by a beta-D-glucosyl residue. It has a role as a metabolite. It is a beta-D-glucoside, a glycosyloxyflavone, a monomethoxyflavone, a monosaccharide derivative and a trihydroxyflavone. It derives from a beta-D-glucose and an isorhamnetin.","The molecule is a glycosyloxyflavone that is isorhamnetin substituted at position 4' by a beta-D-glucosyl residue. It has a role as a metabolite. It is a beta-L-glucoside, a glycosyloxyflavone, a monomethoxyflavone, a monosaccharide derivative and a trihydroxyflavone. It derives from a beta-L-glucose and an isorhamnetin."
381,The molecule is a 5-alkylresorcinol that is resorcinol which is substituted by a heptadecyl group at position 5. It is found in wheat bran. It has a role as an antineoplastic agent and a plant metabolite.,The molecule is a 5-alkylresorcinol that is resorcinol which is substituted by a tricosyl group at position 5. It is found in wheat bran. It has a role as a plant metabolite and a bacterial metabolite.
382,"The molecule is an organic sodium salt resulting from the replacement of the proton from the carboxy group of (3S,5R)-fluvastatin by a sodium ion. It is an organic sodium salt and a statin (synthetic). It contains a (3S,5R)-fluvastatin(1-). It is an enantiomer of a (3R,5S)-fluvastatin sodium.",The molecule is the calcium salt of pitavastatin. Used for treatment of hypercholesterolemia (elevated levels of cholesterol in the blood) on patients unable to sufficiently lower their cholesterol levels by diet and exercise. It has a role as an antioxidant. It is a calcium salt and a statin (synthetic). It contains a pitavastatin(1-).
383,"The molecule is an amino disaccharide consisting of a D-galactopyranose residue and a 2-acetamido-2-deoxy-D-glucopyranose residue joined in sequence by a (1->4) glycosidic bond. The configuration of the anomeric centre of each residue is not stated. It is a partially-defined glycan, an amino disaccharide and a member of acetamides. It derives from a D-galactopyranose and a N-acetyl-D-glucosamine.","The molecule is an amino trisaccharide consisting of D-galactopyranose, 2-acetamido-2-deoxy-D-glucopyranose and 2-acetamido-2-deoxy-D-galactopyranose residues joined in sequence by (1->4) and (1->3) glycosidic bonds. The alpha/beta configuration at position 1 of each of the pyranose rings is not stated. It is a member of acetamides, an amino trisaccharide, a glucosamine oligosaccharide and a partially-defined glycan. It derives from a D-Galp-(1->4)-D-GlcpNAc."
384,"The molecule is a branched amino pentasaccharide comprising a linear tetrasaccharide chain of alpha-N-acetylneuramine, beta-D-galactose, N-acetyl-beta-D-glucosamine and alpha-D-mannose residues linked sequentially (2->3), (1->4) and (1->2), to the N-acetyl-beta-D-glucosamine residue of which is also linked (1->3) an alpha-L-fucose residue. It is an amino pentasaccharide and a glucosamine oligosaccharide.","The molecule is a branched amino pentasaccharide consisting of a linear sequence of N-acetyl-alpha-neuraminyl, beta-D-galactosyl, N-acetyl-beta-D-glucosaminyl and beta-D-galactosyl residues, linked (2->3), (1->4) and (1->3), to the N-acetyl-beta-D-glucosaminyl residue of which is also linked (1->3) an alpha-L-fucosyl residue. It has a role as an epitope. It is an amino pentasaccharide and a glucosamine oligosaccharide."
385,The molecule is an enoate ester that is the monomethacryloyl derivative of ethylene glycol. It has a role as a polymerisation monomer and an allergen. It derives from an ethylene glycol and a methacrylic acid.,"The molecule is the enoate ester that is the 1,2-bis(methacryloyl) derivative of ethylene glycol. It has a role as a cross-linking reagent, a polymerisation monomer and an allergen. It derives from an ethylene glycol and a methacrylic acid."
386,"The molecule is a glycosyloxyflavone that is chrysoeriol in which the hydroxyl hydrogen at position 7 is replaced by an alpha-L-rhamnosyl-(1->2)-beta-D-glucosyl moiety. It has a role as a metabolite. It is a dihydroxyflavone, a glycosyloxyflavone, a monomethoxyflavone and a disaccharide derivative. It derives from a 4',5,7-trihydroxy-3'-methoxyflavone.","The molecule is an apigenin derivative having an alpha-(1->2)-L-rhamnopyranosyl)-beta-D-glucopyranosyl moiety attached to the 7-hydroxy group. It has a role as a metabolite. It is a neohesperidoside, a dihydroxyflavone and a glycosyloxyflavone. It derives from an apigenin."
387,"The molecule is an organophosphate oxocation obtained by deprotonation of the phosphate OH group of trans,octacis-decaprenylphospho-beta-D-erythro-pentofuranosid-2-ulose; major species at pH 7.3. It is a conjugate acid of a trans,octacis-decaprenylphospho-beta-D-erythro-pentofuranosid-2-ulose.","The molecule is a polyprenyl glycosyl phosphate consisting of beta-D-erythro-pentofuranosid-2-ulose attached at the 1-position to trans,octacis-decaprenyl phosphate. It is a conjugate acid of a trans,octacis-decaprenylphospho-beta-D-erythro-pentofuranosid-2-ulose(1-)."
388,"The molecule is a hydroxy monounsaturated fatty acid that is dodec-2-enoic acid in which the hydrogen at position 2 has been replaced by a hydroxy group. A minor tautomer of 2-oxododecanoic acid. It is a 2-hydroxy fatty acid, a hydroxy monounsaturated fatty acid and a medium-chain fatty acid. It is a conjugate acid of a 2-hydroxydodec-2-enoate. It is a tautomer of a 2-oxododecanoic acid.","The molecule is an unsaturated fatty acid anion obtained by the formal deprotonation of the carboxy group of 2-hydroxydodec-2-enoic acid [the (minor) enol tautomer of 2-oxododecanoic acid]; major microspecies of the enol tautomer at pH 7.3. It is a medium-chain fatty acid anion, a 2-hydroxy fatty acid anion, a hydroxy monounsaturated fatty acid anion and an enol. It derives from a dodecanoate. It is a conjugate base of a 2-hydroxydodec-2-enoic acid. It is a tautomer of a 2-oxododecanoate."
389,"The molecule is a butenedioic acid in which the double bond has cis- (Z)-configuration. It has a role as a plant metabolite, an algal metabolite and a mouse metabolite. It is a conjugate acid of a maleate(1-) and a maleate.","The molecule is a C4-dicarboxylate that is the Z-isomer of but-2-enedioate(2-) It has a role as a plant metabolite. It is a butenedioate, a C4-dicarboxylate and a maleate. It is a conjugate base of a maleate(1-)."
390,"The molecule is a 1,4-benzodiazepinone, an organochlorine compound and an organofluorine compound. It has a role as an anxiolytic drug. It derives from a monofluorobenzene and a diazepam.","The molecule is a 1,4-benzodiazepinone compound having a 2-cyanoethyl substituent at the 1-position, a hydroxy substituent at the 3-position, a 2-fluorophenyl group at the 5-position and a chloro substituent at the 7-position, it has general properties similar to those of diazepam and has been used for the short-term management of sleep disorders. It has a role as a sedative and an anticonvulsant. It is a 1,4-benzodiazepinone and an organochlorine compound."
391,"The molecule is an organic chloride salt that is the monochloride salt of crystal violet cation. It has been used in creams for the topical treatment of bacterial and fungal infections, being effective against some Gram-positive bacteria (notably Staphylococcus species) and some pathogenic fungi (including Candida species) but use declined following reports of animal carcinogenicity. It has also been used for dying wood, silk, and paper, as well as a histological stain. It has a role as a histological dye, an antiseptic drug, an antibacterial agent, an antifungal agent and an anthelminthic drug. It contains a crystal violet cation.","The molecule is a hydrochloride obtained by combining Methyl violet 2B free base with one equivalent of hydrochloric acid. Used in Gram's stain for the demonstration and primary classification of bacteria as well as to demonstrate amyloid. It has a role as a fluorochrome, a histological dye, an EC 2.7.10.2 (non-specific protein-tyrosine kinase) inhibitor, an antineoplastic agent and a mutagen. It contains a Methyl violet 2B(1+)."
392,The molecule is a tripeptide composed of two L-leucine units joined to L-alanine by a peptide linkage. It has a role as a metabolite. It derives from a L-leucine and a L-alanine.,The molecule is a dipeptide consisting of a modified L-proline residue attached to L-alanine via a peptide linkage. It is a dipeptide and a member of benzodioxoles. It contains a L-alanino group.
393,"The molecule is an L-alpha-amino acid cation obtained by transfer of a proton from the carboxy to the amino group of anticapsin; major species at pH 7.3. It has a role as an EC 2.6.1.16 (glutamine--fructose-6-phosphate transaminase (isomerizing)) inhibitor, an antimicrobial agent, a bacterial metabolite and an antimetabolite. It is a tautomer of an anticapsin.","The molecule is an alanine derivative that is L-alanine bearing a 5-oxo-7-oxabicyclo[4.1.0]hept-2-yl substituent at position 3. It has a role as a bacterial metabolite, an antimicrobial agent, an EC 2.6.1.16 (glutamine--fructose-6-phosphate transaminase (isomerizing)) inhibitor and an antimetabolite. It is an alicyclic ketone, an epoxide, a L-alanine derivative and a non-proteinogenic L-alpha-amino acid. It is a tautomer of an anticapsin zwitterion."
394,The molecule is the D-enantiomer of lysinium(2+). It has a role as a bacterial metabolite and a fungal metabolite. It is a conjugate acid of a D-lysinium(1+). It is an enantiomer of a L-lysinium(2+).,The molecule is an optically active form of lysinate having D-configuration. It has a role as a bacterial metabolite and a fungal metabolite. It is a conjugate base of a D-lysine. It is an enantiomer of a L-lysinate.
395,"The molecule is a dimeric naphthopyran with formula C32H30O12, isolated from several Aspergillus species. It has a role as an Aspergillus metabolite and a marine metabolite. It is a biaryl, a polyphenol, an aromatic ether, a cyclic hemiketal, an aromatic ketone, a cyclic ketone and a naphtho-gamma-pyrone.","The molecule is a dimeric naphtho-gamma-pyrone with formula C31H28O12, originally isolated from Aspergillus niger It has a role as an Aspergillus metabolite and a marine metabolite. It is an aromatic ether, an aromatic ketone, a biaryl, a cyclic hemiketal, a cyclic ketone, a naphtho-gamma-pyrone and a polyphenol."
396,"The molecule is a monocarboxylic acid that is acetic acid in which one of the methyl hydrogens has been replaced by a 1H-indol-3-yl group. It has a role as a plant hormone, a human metabolite, a plant metabolite, a mouse metabolite and an auxin. It is a monocarboxylic acid and a member of indole-3-acetic acids. It is a conjugate acid of an indole-3-acetate.","The molecule is a member of the class of indoles that is acetamide substituted by a 1H-indol-3-yl group at position 2. It is an intermediate in the production of plant hormone indole acetic acid (IAA). It has a role as a fungal metabolite, a bacterial metabolite and a plant metabolite. It is a N-acylammonia, a monocarboxylic acid amide and a member of indoles. It derives from an acetamide."
397,"The molecule is a 4-hydroxy monocarboxylic acid that is butyric acid in which one of the hydrogens at position 4 is replaced by a hydroxy group. It has a role as a general anaesthetic, a GHB receptor agonist, a sedative and a neurotoxin. It is a 4-hydroxy monocarboxylic acid and a hydroxybutyric acid. It derives from a butyric acid. It is a conjugate acid of a 4-hydroxybutyrate.","The molecule is a 4-hydroxy monocarboxylic acid anion resulting from the removal of a proton from the carboxy group of 4-hydroxybutyric acid. It has a role as an anaesthesia adjuvant and an intravenous anaesthetic. It is a short-chain fatty acid anion, a hydroxy fatty acid anion and a 4-hydroxy monocarboxylic acid anion. It derives from a butyrate. It is a conjugate acid of a 4-hydroxybutyric acid."
398,The molecule is the conjugate acid of ecgonine methyl ester arising from protonation of the tertiary amino group; major species at pH 7.3. It has a role as a human metabolite. It is a conjugate acid of an ecgonine methyl ester.,"The molecule is the O-hydroxy(phenyl)phosphinoyl derivative of ecgonine methyl ester. It has a role as an epitope. It is a tropane alkaloid, a methyl ester and a phosphonic ester. It derives from an ecgonine methyl ester."
399,The molecule is a ceramide 1-phosphate that is N-tetracosanoyl derivative of sphingosine. It derives from a sphingosine and a tetracosanoic acid. It is a conjugate acid of a N-tetracosanoylsphingosine 1-phosphate(2-).,The molecule is a ceramide 1-phosphate(2-) in which the N-acyl group is specified as tetracosanoyl. It is a conjugate base of a N-tetracosanoylsphingosine 1-phosphate.
400,"The molecule is a hydroxy-cannabidiol that is cannabidiol in which one of the hydrogens at position 4 of the pentyl chain has been replaced by a hydroxy group. It is one of the main metabolites of cannabidiol by human liver microsomes, produced particularly by CYP3A. It has a role as a human xenobiotic metabolite. It is a hydroxy-cannabidiol, an olefinic compound, a member of resorcinols and a secondary alcohol.","The molecule is a hydroxy-cannabidiol that is cannabidiol in which one of the hydrogens at position 5 of the pentyl chain has been replaced by a hydroxy group. It is a metabolite of cannabidiol by human liver microsomes. It is a hydroxy-cannabidiol, an olefinic compound, a member of resorcinols and a primary alcohol."
401,"The molecule is a member of the class of psoralens that is psoralen substituted by a prenyloxy group at position 8. Isolated from Angelica dahurica and Angelica koreana, it acts as a acetylcholinesterase inhibitor. It has a role as an EC 3.1.1.7 (acetylcholinesterase) inhibitor and a metabolite.","The molecule is 7H-Furo[3,2-g]chromen-7-one in which positions 2, 5, and 9 are substituted by methyl groups. Like other psoralens, trioxsalen causes photosensitization of the skin. It is administered orally in conjunction with UV-A for phototherapy treatment of vitiligo. After photoactivation it creates interstrand cross-links in DNA, inhibiting DNA synthesis and cell division, and can lead to cell injury; recovery from the cell injury may be followed by increased melanisation of the epidermis. It has a role as a photosensitizing agent and a dermatologic drug."
402,The molecule is a member of the class of chalcones that is trans-chalcone substituted by a hydroxy group at position 4. It has a role as a plant metabolite and an antihypertensive agent. It is a member of chalcones and a member of phenols. It derives from a trans-chalcone.,The molecule is a member of the class of chalcones that is trans-chalcone substituted by a hydroxy group at position 4'. It has a role as an anti-inflammatory agent and an antineoplastic agent. It is a member of chalcones and a member of phenols.
403,"The molecule is a carbamate ester that is the 2,2,2-trifluoroethyl ester of [(2S)-3-methyl-1-(4-methylbenzamido)butan-2-yl]carbamic acid. It is a novel systemic fungicide used for controlling rice blast. It has a role as an antifungal agrochemical. It is a member of benzamides, a carbamate ester, an organofluorine compound and a carbamate fungicide.","The molecule is a carbamate ester, the structure of which is that of carbamic acid esterified with 4-carboxybenzyl alcohol and substituted on nitrogen by a 3-(dimethylcarbamoyl)bicyclo[2.2.2]oct-1-yl group. It is a carbamate ester, a member of benzoic acids and a dicarboxylic acid monoamide."
404,"The molecule is a glycol that is 2-methylpropane in which the two hydroxy groups are located at positions 1 and 2.. It has a role as a mouse metabolite, a rat metabolite, a human urinary metabolite, a human xenobiotic metabolite and a bacterial xenobiotic metabolite. It is a primary alcohol, a glycol and a tertiary alcohol. It derives from a hydride of an isobutane.","The molecule is a glycol that is 1,2-butanediol carrying an additional methyl substituent at position 2. It derives from a hydride of an isopentane."
405,The molecule is a hydroxy monocarboxylic acid cation. It derives from an acetate. It is a conjugate acid of a mandelic acid.,The molecule is a 2-hydroxy monocarboxylic acid that is acetic acid in which two of the methyl hydrogens are substituted by phenyl and hydroxyl groups. It has a role as an antibacterial agent and a human xenobiotic metabolite. It is a 2-hydroxy monocarboxylic acid and a member of benzenes. It derives from an acetic acid. It is a conjugate acid of a mandelate.
406,The molecule is a tripeptide composed of two L-leucine units joined to L-aspartic acid by a peptide linkage. It has a role as a metabolite. It derives from a L-leucine and a L-aspartic acid.,The molecule is a tripeptide composed of two L-leucine units joined to L-asparagine by a peptide linkage. It has a role as a metabolite. It derives from a L-leucine and a L-asparagine.
407,"The molecule is a tetrapeptide composed of L-aspartic acid, two L-leucine units and L-serine joined in sequence by peptide linkages. It has a role as a metabolite. It derives from a L-aspartic acid, a L-leucine and a L-serine.","The molecule is a tetrapeptide composed of L-aspartic acid, L-leucine, L-valine and L-serine units joined in sequence. It has a role as a metabolite."
408,The molecule is a sphingoid consisting of (8E)-sphing-8-enine bearing an additional (R)-hydroxy substituent at the 4-position. It derives from a sphing-8-enine. It is a conjugate acid of a 4-hydroxysphing-8-enine(1+).,"The molecule is a cationic sphingoid that is the conjugate acid of 4-hydroxysphing-8-enine, obtained by protonation of the primary amino function; major species at pH 7.3. It is a conjugate base of a 4-hydroxy-8-sphingenine."
409,"The molecule is an extended flavonoid that is flavonol with additional hydroxy groups at position 5 and 3', a 2,2-dimethyldihydropyrano ring fused to ring A across positions 7 and 8, a prenyl group at position 6 and a (2S)-2-hydroxy-3-methylbut-3-en-1-yl group at position 4'. Isolated from the roots of Dorstenia psilurus, it exhibits alpha-glucosidase inhibitory activity. It has a role as a metabolite and an EC 3.2.1.20 (alpha-glucosidase) inhibitor. It is a member of flavonols, an extended flavonoid, a trihydroxyflavone and a pyranochromane.","The molecule is an extended flavonoid that is 7-hydroxyflavonol with an additional hydroxy group at position 3', a 2,2-dimethyldihydropyrano ring fused to ring A across positions 5 and 6, a prenyl group at position 8 and a (2S)-2-hydroxy-3-methylbut-3-en-1-yl group at position 4'. Isolated from the roots of Dorstenia psilurus, it exhibits alpha-glucosidase inhibitory activity. It has a role as a metabolite and an EC 3.2.1.20 (alpha-glucosidase) inhibitor. It is a 7-hydroxyflavonol, an extended flavonoid, a trihydroxyflavone and a pyranochromane."
410,"The molecule is an N-arylpiperazine in which the aryl group is specified as 2-[(2,4-dimethylphenyl)sulfanyl]phenyl. Used (as its hydrobromide salt) for treatment of major depressive disorder. It has a role as an antidepressant, an anxiolytic drug, a serotonergic agonist and a serotonergic antagonist. It is a N-arylpiperazine and an aryl sulfide. It is a conjugate acid of a vortioxetine(1+).","The molecule is a hydrobromide obtained by combining vortioxetine with one molar equivalent of hydrobromic acid. Used for treatment of major depressive disorder. It has a role as an antidepressant, an anxiolytic drug, a serotonergic antagonist and a serotonergic agonist. It contains a vortioxetine(1+)."
411,"The molecule is any one of a group of prenol derivatives made up of varying numbers of cis-linked isoprene units, terminating in an alpha-saturated isoprenoid group containing an alcohol functional group, with the three isoprene units at the distal end trans-linked. It has a role as a human metabolite and a Saccharomyces cerevisiae metabolite. It is an isoprenoid and a polyprenol.","The molecule is a polyprenol in which all linkages of the isoprene units are cis, except for the two furthest from the hydroxy group which are trans."
412,"The molecule is a member of the class of quinolones that is 1,2,3,4-tetrahydroquinoline in which the hydrogens at positions 2 and 4 have been replaced by oxo groups. It is a quinolone, a cyclic ketone, an aromatic ketone and a delta-lactam. It derives from a 1,2,3,4-tetrahydroquinoline.","The molecule is an indoledione that is the 2,3-diketo derivative of indole. It has a role as an EC 1.4.3.4 (monoamine oxidase) inhibitor and a plant metabolite."
413,The molecule is a D-glucose in which the six carbon atoms have been replaced by the (13)C isotope. It has a role as a bacterial metabolite and a fungal metabolite. It is a D-glucose and a (13)C-modified compound.,The molecule is a D-aldohexose that is D-glucose in which the hydrogen of the hydroxy group at position 6 has been substituted by a methyl group. It derives from an aldehydo-D-glucose.
414,"The molecule is trication of 2-trans,6-trans,10-trans-geranylgeranyl diphosphate. It has a role as a human metabolite and a Saccharomyces cerevisiae metabolite. It is a conjugate acid of a 2-trans,6-trans,10-trans-geranylgeranyl diphosphate.","The molecule is the all-trans-isomer of geranylgeranyl diphosphate. It has a role as a mouse metabolite. It is a conjugate acid of a 2-trans,6-trans,10-trans-geranylgeranyl diphosphate(3-)."
415,"The molecule is a sulfur oxoacid that is sulfenic acid in which the hydrogen attached to the sulfur has been replaced by a cyano group. It has a role as an oxidising agent, an antiviral agent, an antibacterial agent, an antifungal agent, a rat metabolite and a human metabolite. It is a one-carbon compound and a sulfur oxoacid.",The molecule is a member of the class of thiocyanates that is methane in which two of the hycrogens have been replaced by thiocyanato groups. Used as a biocide for the control of various pathogens and algae in industrial water systems and as a fungicide for the control of surface moulds and sapstain fungi on wood. It has a role as a fungicide and an antibacterial agent.
416,"The molecule is a member of the class of chalcones that is 3',5'-dimethylchalcone substituted by hydroxy groups at positions 2, 2' and 4' and a methoxy group at position 6'. Isolated from Psorothamnus polydenius, it exhibits antiparasitic activity. It has a role as a metabolite, an antileishmanial agent and a trypanocidal drug. It is a member of chalcones, a polyphenol and a monomethoxybenzene.","The molecule is a member of the class of chalcones that is trans-chalcone substituted by hydroxy groups at positions 2' and 4', a methoxy group at position 6' and methyl groups at positions 3' and 5'. Isolated from the buds of Cleistocalyx operculatus, it has been shown to exhibit inhibitory effects on the viral neuraminidases from two influenza viral strains, H1N1 and H9N2. It has a role as a plant metabolite and an EC 3.2.1.18 (exo-alpha-sialidase) inhibitor. It is a member of chalcones, a monomethoxybenzene and a member of resorcinols. It derives from a trans-chalcone."
417,"The molecule is the calcium salt of acetic acid. It is used, commonly as a hydrate, to treat hyperphosphataemia (excess phosphate in the blood) in patients with kidney disease: the calcium ion combines with dietary phosphate to form (insoluble) calcium phosphate, which is excreted in the faeces. It has a role as a chelator. It contains an acetate.",The molecule is the monohydrate of calcium acetate. It has a role as a chelator. It contains a calcium acetate.
418,"The molecule is an amino disaccharide that is D-galactopyranose in which the hydroxy group at position 6 has been converted to the corresponding 2-acetamido-2-deoxy-beta-D-glucopyranoside. It is a N-acyl-hexosamine, an amino disaccharide and a member of acetamides. It derives from a D-galactopyranose and a N-acetyl-beta-D-glucosamine.","The molecule is an amino disaccharide consisting of 2-acetamido-beta-D-glucopyranose and D-mannopyranose residues joined in sequence by a (1->6) glycosidic bond. It is an amino disaccharide, a member of acetamides, a glycosylmannose derivative and a glucosamine oligosaccharide."
419,"The molecule is a depsipeptide isolated from Jaspis splendens. It has a role as an antineoplastic agent, an animal metabolite and a marine metabolite. It is a depsipeptide, a member of indoles, an organobromine compound and a member of phenols.","The molecule is a depsipeptide isolated from Jaspis splendens. It has a role as an antineoplastic agent, an animal metabolite and a marine metabolite. It is a depsipeptide, a member of indoles, an organobromine compound, a member of phenols and a methyl ester."
420,The molecule is a medium-chain fatty acyl-CoA that results from the formal condensation of the thiol group of coenzyme A with the carboxy group of 7-methyloctanoic acid. It derives from a 7-methyloctanoic acid. It is a conjugate acid of a 7-methyloctanoyl-CoA(4-).,The molecule is an acyl-CoA oxoanion resulting from the removal of all four protons from the phosphate groups of 7-methyloctanoyl-CoA. Major species at pH 7.3. It is a conjugate base of a 7-methyloctanoyl-CoA.
421,The molecule is a tripeptide composed of L-phenylalanine and two L-proline units joined by peptide linkages. It has a role as a metabolite. It derives from a L-phenylalanine and a L-proline.,The molecule is a dipeptide obtained by formal condensation of the carboxy group of L-tyrosine with the amino group of L-proline. It derives from a L-tyrosine and a L-proline.
422,"The molecule is an alpha,omega-dicarboxylic acid that is the 1,8-dicarboxy derivative of octane. It has a role as a human metabolite and a plant metabolite. It is a conjugate acid of a sebacate(2-) and a sebacate. It derives from a hydride of a decane.",The molecule is a dicarboxylic acid dianion obtained by deprotonation of both carboxy groups of suberic acid; major species at pH 7.3. It has a role as a human metabolite and a plant metabolite. It is a dicarboxylic acid dianion and a sebacate. It is a conjugate base of a sebacic acid.
423,The molecule is a D-alpha-amino acid cation that is D-tyrosine in which a proton has been transferred from the carboxy group to the amino group. It is the major species at pH 7.3. It is a tautomer of a D-tyrosine.,The molecule is the D-enantiomer of tyrosinate(2-). It has a role as an Escherichia coli metabolite. It is a conjugate base of a D-tyrosinate(1-). It is an enantiomer of a L-tyrosinate(2-).
424,"The molecule is a pentacyclic triterpenoid that is the diester obtained by the global condensation of the hydroxy groups of (3beta)-3,27-dihydroxyolean-12-en-28-oic acid with trans-4-coumaric acid and cis-4-coumaric acid respectively. It is isolated from the dried leaves of Ilex asprella and exhibits significant toxicity against KB (epidermoid carcinoma of the nasopharynx) and RPMI-7951 (melanoma) cell lines. It has a role as a metabolite and an antineoplastic agent. It is a diester, a monocarboxylic acid and a pentacyclic triterpenoid. It derives from a (3beta)-3,27-dihydroxyolean-12-en-28-oic acid, a trans-4-coumaric acid and a cis-4-coumaric acid.","The molecule is a pentacyclic triterpenoid that is the 2-O-caffeoyl derivative of maslinic acid. It is isolated from the branch barks of Hippophae rhamnoides and acts as a radical scavenger. It has a role as a metabolite and a radical scavenger. It is a pentacyclic triterpenoid, a hydroxy monocarboxylic acid, a cinnamate ester and a member of catechols. It derives from a maslinic acid and a trans-caffeic acid. It derives from a hydride of an oleanane."
425,"The molecule is an apo carotenoid sesquiterpenoid compound arising from oxidative degradation of the beta,beta-carotene skeleton at the 4'- and 15-positions. It is an enal, an apo carotenoid sesquiterpenoid and a dialdehyde.","The molecule is an apo carotenoid diterpenoid compound arising from oxidative degradation of the beta,beta-carotene skeleton at the 8- and 8'-positions. It is an enal, a dialdehyde and an apo carotenoid diterpenoid."
426,"The molecule is a viscumneoside that is homoeriodictyol in which the hydroxy groups at the 7 and 4' positions have been converted to the corresponding beta-D-glucopyranoside and beta-D-apiofuranoside derivatives, respectively. Found in Viscum coloratum, an evergreen hemiparasitic plant whose stems and leaves are used in traditional Chinese medicine for the treatment of rheumatism. It has a role as a plant metabolite. It is a flavanone glycoside, a beta-D-glucoside and a viscumneoside. It derives from a homoeriodictyol and a beta-D-apiose.","The molecule is a flavanone glycoside that is butin substituted by two beta-D-glucopyranosyl residues at positions 7 and 3' respectively. It has a role as an anti-inflammatory agent and a plant metabolite. It is a flavanone glycoside, a monohydroxyflavanone and a member of 4'-hydroxyflavanones. It derives from a butin."
427,The molecule is an organic iodide salt and a cyanine dye. It has a role as a fluorochrome. It contains a YoYo-1(4+).,"The molecule is an unsymmetrical C1 cyanine dye having 1,3-benzoxazol-2-yl and quinolinium-4-yl substituents. It has a role as a fluorochrome. It is an organic iodide salt, a cyanine dye and a quaternary ammonium salt. It contains a Yo-Pro-1(2+)."
428,The molecule is a glycoside formed between the branched tetrasaccharide alpha-L-Fuc-(1->2)-[alpha-D-Gal-(1->3)]-beta-D-Gal-(1->4)-beta-D-GlcNAc and the alkenyl alcohol oct-7-en-1-ol. It contains an alpha-L-Fucp-(1->2)-[alpha-D-Galp-(1->3)]-beta-D-Galp-(1->4)-beta-D-GlcpNAc-yl group. It derives from an oct-7-en-1-ol.,The molecule is a glycoside formed between the branched tetrasaccharide alpha-L-Fuc-(1->2)-[alpha-D-Gal-(1->3)]-beta-D-Gal-(1->3)-beta-D-GlcNAc and the alkenyl alcohol oct-7-en-1-ol. It contains an alpha-L-Fucp-(1->2)-[alpha-D-Galp-(1->3)]-beta-D-Galp-(1->3)-beta-D-GlcpNAc-yl group. It derives from an oct-7-en-1-ol.
429,"The molecule is the aromatic diazonium ion formed from diazotisation of 3,3'-dimethoxy[1,1'-biphenyl]-4,4'-diamine. It has a role as a histological dye.",The molecule is an aromatic diazonium ion consiting of a benzene core with diazonium and trimethylammonium groups para to one another. It is an aromatic diazonium ion and a quaternary ammonium ion.
430,The molecule is a guanosine 5'-phosphate that consists of guanosine 5'-diphosphate bearing a 7-methyl substituent. It derives from a GDP. It is a conjugate acid of a 7-methylguanosine 5'-diphosphate.,The molecule is a guanosine 5'-phosphate that consists of guanosine 5'-diphosphate bearing a 7-methyl substituent and having a negatively charged diphosphate group. It is an ammonium betaine and a guanosine 5'-phosphate. It derives from a GDP. It is a conjugate base of a 7-methylguanosine 5'-diphosphate(1+). It is a conjugate acid of a 7-methylguanosine 5'-diphosphate(2-).
431,"The molecule is a tripeptide compound consisting of glutamic acid attached via its side chain to the N-terminus of cysteinylglycine. It has a role as a skin lightening agent, a human metabolite, an Escherichia coli metabolite, a mouse metabolite, an antioxidant and a cofactor. It is a tripeptide, a thiol and a L-cysteine derivative. It is a conjugate acid of a glutathionate(1-).","The molecule is a peptide anion obtained by deprotonation of both carboxy groups and protonation of the glutamyl amino group of glutathione; major species at pH 7.3. It has a role as a human metabolite, a Saccharomyces cerevisiae metabolite and a cofactor. It is a conjugate base of a glutathione."
432,"The molecule is a cationic ergot alkaloid that is the 6,8-dimethyl-6,7-didehydro derivative of ergoline. It is an ergot alkaloid and an organic cation. It derives from a hydride of an ergoline.","The molecule is a cationic ergot alkaloid that is the 6,8-dimethyl-6,7,8,9-tetradehydro derivative of ergoline. It is an ergot alkaloid and an organic cation. It derives from a hydride of an ergoline."
433,"The molecule is a dihydroxydocosapentaenoic acid (DiHDPE) that is (8Z,15E,19Z)-docosa-8,10,13,15,19-pentaenoic acid carrying two hydroxy substituents at positions 7 and 17. An intermediate of specialized proresolving mediators It has a role as a specialised pro-resolving mediator and a human xenobiotic metabolite. It is a conjugate acid of a 7,17-dihydroxy-(8Z,15E,19Z)-docosa-8,10,13,15,19-pentaenoate.","The molecule is a docosanoid anion that is the conjugate base of 7,17-dihydroxy-(8Z,15E,19Z)-docosa-8,10,13,15,19-pentaenoic acid, obtained by deprotonation of the carboxy group; major species at pH 7.3. It is a docosanoid anion and a hydroxy polyunsaturated fatty acid anion. It is a conjugate base of a 7,17-dihydroxy-(8Z,15E,19Z)-docosa-8,10,13,15,19-pentaenoic acid."
434,The molecule is a UDP-N-acetyl-D-mannosamine(2-) in which the anomeric centre of the pyranose fragment has alpha-configuration. It is a conjugate acid of an UDP-N-acetyl-alpha-D-mannosamine.,The molecule is a nucleotide-sugar oxoanion arising from deprotonation of the diphosphate OH groups of UDP-N-acetyl-D-mannosamine; major species at pH 7.3. It is a conjugate base of an UDP-N-acetyl-D-mannosamine.
435,"The molecule is a member of the class of xanthenes that is the acetic anhydride of dihydrofluorescein diacetate carrying additional chloro substituents at positions 2 and 7 as well as a chloromethyl substituent para to the anhydride function. It is an acetate ester, an acyclic carboxylic anhydride, an organochlorine compound and a member of xanthenes. It derives from a fluorescein.","The molecule is a member of the class of xanthenes that is the acetic anhydride of dihydrofluorescein diacetate carrying additional chloro substituents at positions 2 and 7 as well as a chloromethyl substituent meta to the anhydride function. It is a member of xanthenes, an acetate ester, an organochlorine compound and an acyclic carboxylic anhydride. It derives from a fluorescein."
436,The molecule is a branched amino tetrasaccharide consisting of beta-D-glucose at the reducing end having an N-acetyl-alpha-D-galactosaminyl-(1->3)-[alpha-L-fucosyl-(1->2)]-beta-D-galactosyl moiety attached at the 4-position. It has a role as an epitope. It is an amino tetrasaccharide and a galactosamine oligosaccharide.,The molecule is a branched amino tetrasaccharide consisting of beta-D-galactose at the reducing end having an N-acetyl-alpha-D-galactosaminyl-(1->3)-[alpha-L-fucosyl-(1->2)]-beta-D-galactosyl moiety attached at the 4-position. It is an amino tetrasaccharide and a galactosamine oligosaccharide.
437,"The molecule is a 1-(alk-1-enyl)-2-acyl-sn-glycero-3-phosphoethanolamine in which the alkyl and the acyl groups at positions 1 and 2 are specified as (1Z)-hexadecenyl and (4Z,7Z,10Z,13Z,16Z,19Z)-docosahexaenoyl respectively. It has a role as a mouse metabolite. It derives from an all-cis-docosa-4,7,10,13,16,19-hexaenoic acid. It is a tautomer of a 1-(1Z-hexadecenyl)-2-(4Z,7Z,10Z,13Z,16Z,19Z-docosahexaenoyl)-sn-glycero-3-phosphoethanolamine cation.","The molecule is a 1-(Z)-alk-1-enyl-2-acyl-sn-glycero-3-phosphoethanolamine zwitterion in which the alk-1-enyl and acyl groups are specified as (1Z)-hexadecenyl and (4Z,7Z,10Z,13Z,16Z,19Z)-docosahexaenoyl respectively. It is a 1-(Z)-alk-1-enyl-2-acyl-sn-glycero-3-phosphoethanolamine zwitterion and a 1-O-(1Z-hexadecenyl)-2-acyl-sn-glycero-3-phosphoethanolamine zwitterion. It is a tautomer of a 1-(1Z-hexadecenyl)-2-(4Z,7Z,10Z,13Z,16Z,19Z-docosahexaenoyl)-sn-glycero-3-phosphoethanolamine."
438,"The molecule is an extended flavonoid that consists of (2S)-flavanone substituted by hydroxy groups at positions 5, 7 and 3', prenyl groups at positions 8 and 2' and a gem-dimethyl pyran ring fused across positions 4' and 5'. Isolated from Dendrolobium lanceolatum, it exhibits antimalarial activity. It has a role as a metabolite and an antimalarial. It is an extended flavonoid and a trihydroxyflavanone. It derives from a (2S)-flavanone.","The molecule is a dihydroxyflavanone that is (2S)-flavanone substituted by hydroxy groups at positions 5 and 7, prenyl groups at positions 8 and 3' and a 6,6-dimethyl-3,6-dihydro-2H-pyran ring fused across positions 4' and 5'. Isolated from the stem barks of Maackia amurensis, it exhibits cytotoxicity against human cancer cell lines. It has a role as a metabolite and an antineoplastic agent."
439,"The molecule is a pyrrolecarboxamide obtained by the formal condensation of 1-hydroxy-1H-pyrrole-2-carboxylic acid with the amino group of 3-aminopropanoic acid. It is isolated from the culture broth of Streptomyces sp.USF-6280 and exhibits DPPH radical scavenging activity. It has a role as a metabolite and a radical scavenger. It is a monocarboxylic acid, a N-hydroxypyrrole, a pyrrolecarboxamide and a beta-alanine derivative.","The molecule is a pyrrolecarboxamide obtained by the formal condensation of 1-hydroxy-4-methyl-1H-pyrrole-2-carboxylic acid with the amino group of 3-aminopropanoic acid. It is isolated from the culture broth of Streptomyces sp.USF-6280 and exhibits DPPH radical scavenging activity. It has a role as a metabolite and a radical scavenger. It is a monocarboxylic acid, a N-hydroxypyrrole, a pyrrolecarboxamide and a beta-alanine derivative."
440,"The molecule is a tetracyclic triterpenoid isolated from Dysoxylum lenticellatum. It has a role as a plant metabolite. It is an epoxide, a cyclic terpene ketone, a tetracyclic triterpenoid and a methyl ester.","The molecule is a tirucallane triterpenoid found in Dysoxylum lenticellatum. It has a role as a plant metabolite. It is a cyclic terpene ketone, an epoxide and a tirucallane triterpenoid."
441,The molecule is an organophosphate oxocation taht is the dication of glyceraldehyde 3-phosphate arising from deprotonation of the phosphate OH groups; major species at pH 7.3. It has a role as a human metabolite and a Saccharomyces cerevisiae metabolite. It is a conjugate acid of a glyceraldehyde 3-phosphate.,"The molecule is an aldotriose phosphate that is the 3-phospho derivative of glyceraldehyde. It is an important metabolic intermediate in several central metabolic pathways in all organisms. It has a role as a human metabolite, a plant metabolite and an Escherichia coli metabolite. It is an aldotriose phosphate and an aldehyde. It derives from a glyceraldehyde. It is a conjugate acid of a glyceraldehyde 3-phosphate(2-)."
442,"The molecule is a 16-membered macrolide which exhibits strong and specific antimicrobial activities against rapid-growing Mycobacteria including drug-resistant strains. It is isolated from the culture broth of Nocardia sp.MK703-102F1 It has a role as a metabolite, an antimicrobial agent and an antitubercular agent. It is a macrolide, a monocarboxylic acid and a secondary alcohol.","The molecule is a macrolide that is isolated from several Streptomyces species and displays antibiotic, antineoplastic and antimalarial properties. It has a role as a bacterial metabolite, an antimicrobial agent, an antifungal agent, an antineoplastic agent, an apoptosis inducer and an antimalarial. It is a macrolide, a monocarboxylic acid, a secondary alcohol, a diol and an aliphatic nitrile."
443,"The molecule is a 3-oxo-fatty acyl-CoA(4-) obtained by deprotonation of the phosphate and diphosphate OH groups of (11Z,14Z,17Z,20Z)-3-oxohexacosatetraenoyl-CoA; major species at pH 7.3. It is a 3-oxo-fatty acyl-CoA(4-) and a very long-chain 3-oxoacyl-CoA(4-). It is a conjugate acid of an (11Z,14Z,17Z,20Z)-3-oxohexacosatetraenoyl-CoA.","The molecule is an unsaturated fatty acyl-CoA that results from the formal condensation of the thiol group of coenzyme A with the carboxy group of (11Z,14Z,17Z,20Z)-3-oxohexacosatetraenoic acid. It is a 3-oxo-fatty acyl-CoA, an unsaturated fatty acyl-CoA and a very long-chain fatty acyl-CoA. It is a conjugate acid of an (11Z,14Z,17Z,20Z)-3-oxohexacosatetraenoyl-CoA(4-)."
444,"The molecule is an N-sulfonylurea that is urea in which one of the nitrogens has been substituted by a (2-carboxyphenyl)sulfonyl group, while the other has been substituted by a 4-chloro-6-methoxypyrimidin-2-yl group. An acetolactate synthase inhibitor, it is used (generally as the corresponding ethyl ester) as a herbicide. It has a role as a herbicide and an EC 2.2.1.6 (acetolactate synthase) inhibitor. It is a member of benzoic acids, a N-sulfonylurea, a member of pyrimidines, an organochlorine pesticide, an aromatic ether and a sulfamoylbenzoate.","The molecule is an ethyl ester resulting from the formal condensation of the carboxy group of chlorimuron with ethanol. A proherbicide for chloimuron, it is used as herbicide for the control of broad-leaved weeds in peanuts, soya beans, and other crops. It has a role as a proherbicide, an EC 2.2.1.6 (acetolactate synthase) inhibitor and an agrochemical. It is a sulfamoylbenzoate, a N-sulfonylurea, an aromatic ether, an ethyl ester, an organochlorine pesticide and a member of pyrimidines. It derives from a chlorimuron."
445,"The molecule is a dicarboxylic acid monoester, a methyl ester and a magnesium porphyrin. It derives from a magnesium protoporphyrin. It is a conjugate acid of a magnesium protoporphyrin 13-monomethyl ester(1-).","The molecule is the conjugate base of magnesium protoporphyrin, formed by deprotonation of the carboxyethyl groups at C-13 and C-17. It is the principal species at pH 7.3. It is a conjugate base of a magnesium protoporphyrin."
446,The molecule is a member of the class of acetamides obtained by formal condensation of acetic acid with the amino group of (S)-(1-aminoethyl)phosphonic acid. It is a member of acetamides and a member of phosphonic acids. It derives from a (S)-(1-aminoethyl)phosphonic acid. It is a conjugate acid of a [(S)-1-acetamidoethyl]phosphonate(1-).,"The molecule is an organophosphonate oxoanion that is the conjugate base of [(1S)-1-acetamidoethyl]phosphonic acid, obtained by deprotonation of one of the phosphonate OH groups. It is the major microspecies at pH 7.3 (according to Marvin v 6.2.0.). It is a conjugate base of a [(S)-1-acetamidoethyl]phosphonic acid."
447,"The molecule is a dicarboximide that is isoindole-1,3(2H)-dione in which the hydrogen attached to the nitrogen is substituted by a 2,6-dioxopiperidin-3-yl group. It is a member of piperidones and a member of phthalimides.",The molecule is a primary alcohol comprising phthalimide carrying an N-hydroxymethyl substituent. It is a primary alcohol and a member of phthalimides. It derives from a phthalimide.
448,"The molecule is an O-acylcarnitine having arachidonoyl as the acyl substituent. It has a role as a metabolite. It is an O-acylcarnitine, an ammonium betaine and a carboxylic ester. It derives from a carnitine.","The molecule is an O-acylcarnitine having (7Z,10Z,13Z,16Z)-docosatetraenoyl as the acyl substituent. It has a role as a metabolite. It derives from a carnitine."
449,"The molecule is a hopanoid that is hopane substituted by hydroxy groups at positions 3, 15 and 22 respectively (the (3beta,15alpha-stereoisomer). It has been isolated from Hypocrella species. It has a role as a fungal metabolite. It is a hopanoid, a triol and a pentacyclic triterpenoid.","The molecule is a hopanoid that is hop-22(29)-ene substituted by beta-hydroxy groups at positions 3 and 7. It has been isolated from Hypocrella species. It has a role as a fungal metabolite. It is a hopanoid, a diol and a pentacyclic triterpenoid."
450,"The molecule is the (-)-(7S,8S)-stereoisomer of guaiacylglycerol. It has been isolated from the stems of Sinocalamus affinis. It has a role as a plant metabolite.","The molecule is the (-)-(7R,8S)-stereoisomer of guaiacylglycerol. It has been isolated from the stems of Sinocalamus affinis. It has a role as a plant metabolite."
451,"The molecule is a (2'->5')-dinucleotide comprising guanosine and adenosine connected by a 2'->5' linkage and with a phosphate group at the 3'-terminus. It is a (2'->5')-dinucleotide, an adenyl ribonucleotide and a guanyl ribonucleotide. It is a conjugate acid of a Gp[2'-5']Ap[3'](3-).",The molecule is an organophosphate oxoanion obtained by deprotonation of the phosphate OH groups of Gp[2'-5']Ap[3']; major species at pH 7.3. It is a conjugate base of a Gp[2'-5']Ap[3'].
452,The molecule is a monocarboxylic acid cation that is the dication of phosphonoacetic acid arising from deprotonation of the carboxylic acid and partial depronation of the phosphate. It is a conjugate acid of a phosphonoacetic acid.,The molecule is a member of the class of phosphonic acids that is phosphonic acid in which the hydrogen attached to the phosphorous is replaced by a carboxymethyl group. It has a role as an antiviral agent and an EC 2.7.7.7 (DNA-directed DNA polymerase) inhibitor. It is a monocarboxylic acid and a member of phosphonic acids. It derives from a phosphonic acid and an acetic acid. It is a conjugate acid of a hydrogen phosphonatoacetate(2-).
453,The molecule is a branched amino octasaccharide consisting of a D-GlcNAc residue at the reducing end with a beta-D-GlcNAc-(1->2)-alpha-D-Man-(1->6)-[alpha-D-Man-(1->3)]-[beta-D-Xyl-(1->2)]-beta-D-Man-(1->4)-beta-D-GlcNAc moiety attached via a beta-(1->4)-linkage and an L-Fuc residue attached via an alpha-(1->3)-linkage. It is an amino octasaccharide and a glucosamine oligosaccharide.,"The molecule is a highly branched amino nonasaccharide consisting of a D-GlcNAc residue at the reducing end with a beta-D-GlcNAc-(1->2)-alpha-D-Man-(1->3)-[beta-D-GlcNAc-(1->2)-alpha-D-Man-(1->6)]-[beta-D-Xyl-(1->2)]-beta-D-Man-(1->4)-beta-D-GlcNAc moiety attached via a beta-(1->4)-linkage and an L-Fuc residue attached via an alpha-(1->3)-linkage. Found on Cry j 1, the major allergen of Cryptomeria japonica pollen. It has a role as a carbohydrate allergen. It is an oligosaccharide derivative, an amino nonasaccharide and a glucosamine oligosaccharide."
454,The molecule is a 3-sn-phosphatidyl-L-serine in which the phosphatidyl acyl groups at positions 1 and 2 are specified as oleoyl and linoleoyl respectively. It derives from an oleic acid and a linoleic acid. It is a conjugate acid of a 1-oleoyl-2-linoleoyl-sn-glycero-3-phospho-L-serine(1-).,"The molecule is a phosphatidylserine 36:3 that is the conjugate base of 1-oleoyl-2-linoleoyl-sn-glycero-3-phospho-L-serine, in which the carboxy and phosphate groups are anionic and the amino group is cationic. It is a phosphatidylserine 36:3(1-) and a 1-acyl-2-linoleoyl-sn-glycero-3-phosphoserine(1-). It is a conjugate base of a 1-oleoyl-2-linoleoyl-sn-glycero-3-phospho-L-serine."
455,"The molecule is a quercetin O-glycoside that is quercetin attached to a alpha-L-rhamnopyranosyl residue at position 7 and a alpha-L-rhamnopyranosyl-(1->2)-alpha-L-arabinopyranosyl residue at position 3 via glycosidic linkages. It has been isolated from Anthyllis hermanniae. It has a role as a plant metabolite. It is an alpha-L-rhamnoside, a quercetin O-glycoside and a trihydroxyflavone.","The molecule is a glycosyloxyflavone that is kaempferol attached to alpha-L-rhamnopyranosyl-(1->2)-alpha-L-arabinopyranosyl residue at position 3 and a alpha-L-rhamnopyranosyl residue at position 7 via glycosidic linkages. It has been isolated from the whole plant of Anthyllis hermanniae. It has a role as a metabolite and a plant metabolite. It is a glycosyloxyflavone, an alpha-L-rhamnoside, an alpha-L-arabinopyranoside and a dihydroxyflavone. It derives from a kaempferol."
456,The molecule is a 2-oxo monocarboxylic acid cation. It has a role as a human metabolite. It derives from a glutaramate. It is a conjugate acid of a 2-oxoglutaramic acid.,The molecule is a 2-oxo monocarboxylic acid anion. It derives from a 2-oxoglutaramate. It is a conjugate base of a N-methyl-2-oxoglutaramic acid.
457,"The molecule is semisynthetic derivative of erythromycin A. It has a role as an antibacterial drug. It is an erythromycin derivative, a macrolide and a semisynthetic derivative. It derives from an erythromycin A.","The molecule is the hemi-aminal resulting from the condensation of the erythromycin derivative (9S)-erythromycyclamine with 2-(2-methoxyethoxy)acetaldehyde. As the oxazine ring containing the hemi-aminal group is unstable under both acidic and alkaline conditions, dirithromycin functions as a more lipid-soluble prodrug for (9S)-erythromycyclamine. Administered as enteric coated tablets to protect it from acid catalysed hydrolysis in the stomach, it is used to treat respiratory tract, skin, and soft tissue infections caused by susceptible organisms. It has a role as a prodrug."
458,"The molecule is a cardenolide glycoside that is the 2'-acetyl derivative of neriifolin. It has a role as an antineoplastic agent and a metabolite. It is a cardenolide glycoside, a monosaccharide derivative and an acetate ester. It derives from a neriifolin.","The molecule is a cardenolide glycoside that is the 7,8-dehydroderivative of cerberin. Isolated from Cerbera manghas, it exhibits cytotoxic activity. It has a role as a metabolite and an antineoplastic agent. It is an acetate ester, a cardenolide glycoside and a monosaccharide derivative."
459,The molecule is a palmitate ester resulting from the formal condensation of the carboxy group of palmitic acid with the hydroxy group of octan-1-ol. It has a role as a bacterial metabolite. It is a hexadecanoate ester and a wax ester. It derives from an octan-1-ol.,The molecule is a dodecanoate ester resulting from the formal condensation of the carboxy group of dodecanoic acid with the hydroxy group of dodecan-1-ol. It derives from a dodecan-1-ol.
460,"The molecule is a member of the class of oxindoles that is 7-hydroxy-2-oxindole-3-acetic acid in which the phenolic hydrogen has been replaced by a beta-D-glucosyl residue. It has a role as an Arabidopsis thaliana metabolite. It is a beta-D-glucoside, a member of oxindoles and a monosaccharide derivative. It derives from a 2-oxindole-3-acetic acid.","The molecule is an O-acyl carbohydrate obtained by formal condensation of the carboxy group of 2-oxindole-3-acetic acid with the anomeric hydroxy group of beta-D-glucose. It has a role as an Arabidopsis thaliana metabolite. It is an O-acyl carbohydrate, a beta-D-glucoside and a member of oxindoles. It derives from a 2-oxindole-3-acetic acid."
461,"The molecule is an RNA fragment comprised of two guanosine, one uridine, one adenosine and three cytidine residues connected by 3'->5' phosphodiester linkages in the sequence G-U-G-A-C-C-C.","The molecule is an RNA fragment comprised of seven guanosine, five uridine, eight cytidine and four adenosine residues connected by 3'->5' phosphodiester linkages in the sequence G-U-U-U-G-G-C-G-A-C-G-U-C-C-C-A-C-A-U-G-A-G-C-C. It has a role as an epitope."
462,"The molecule is a member of the class of pyranoxanthones that is 2H,6H-pyrano[3,2-b]xanthen-6-one substituted by hydroxy groups at positions 5, 8 and 9, geminal methyl groups at position 2 and a prenyl group at position 12. Isolated from Garcinia lancilimba, it exhibits inhibitory effects on human cancer cell line. It has a role as a metabolite and an antineoplastic agent. It is a polyphenol and a member of pyranoxanthones.","The molecule is a member of the class of pyranoxanthones that is 3H,7H-pyrano[2,3-c]xanthen-7-one substituted by hydroxy groups at positions 6, 10 and 11, geminal methyl groups at position 3 and a prenyl group at position 5. Isolated from Garcinia lancilimba, it exhibits inhibitory effects on human cancer cell line. It has a role as a metabolite and an antineoplastic agent. It is a member of pyranoxanthones and a polyphenol."
463,"The molecule is a member of the classs of octahydronaphthalenes and a sesquiterpene that is 1,2,3,4,4a,5,6,7-octahydronaphthalene which is substituted by an isopropenyl group at position 3 and by methyl groups at positions 4a and 5 (the 3R,4aR,5S- diastereoisomer). It is a member of octahydronaphthalenes, a polycyclic olefin and a sesquiterpene. It is an enantiomer of a (+)-eremophilene.","The molecule is a member of the class of octahydronahthalenes that is (-)-eremophilene in which the carbon bearing the methyl group at position 4 (i.e. the methyl group furthest from the isopropenyl group) has R configuration instead of S. It is a carbobicyclic compound, a sesquiterpene and a member of octahydronaphthalenes."
464,"The molecule is a limonoid that is nimbin in which the acetyloxy group at position 6 is replaced by a hydroxy hroup. It has been isolated from Azadirachta indica. It has a role as a plant metabolite, an antifeedant and an insect growth regulator. It is a cyclic terpene ketone, an enone, a member of furans, a limonoid, a tetracyclic triterpenoid, a methyl ester and a diester. It derives from a nimbin.","The molecule is a limonoid found in Azadirachta indica. It has a role as a plant metabolite and a pesticide. It is an acetate ester, a limonoid, a member of furans, a cyclic terpene ketone, an enone, a tetracyclic triterpenoid and a methyl ester."
465,"The molecule is a limonoid with a phragmalin skeleton isolated from the leaves of Trichilia connaroides. It has a role as a plant metabolite. It is a delta-lactone, a bridged compound, a member of furans, a limonoid, an organic heteropentacyclic compound, a methyl ester and an enoate ester. It derives from a tiglic acid and a 2-hydroxyisobutyric acid.","The molecule is a limonoid with a phragmalin skeleton isolated from the leaves of Trichilia connaroides. It has a role as a plant metabolite. It is a delta-lactone, a bridged compound, a member of furans, a limonoid, an organic heteropentacyclic compound, a methyl ester and an enoate ester. It derives from a tiglic acid and an isobutyric acid."
466,"The molecule is an amino trisaccharide consisting of 2-acetamido-2-deoxy-beta-D-glucopyranose, beta-D-mannopyranose and beta-D-glucopyranose residues joined in sequence by (1->3) and (1->4) glycosidic bonds. It is an amino trisaccharide and a member of acetamides.","The molecule is an amino trisaccharide consisting of 2-acetamino-2-deoxy-beta-D-glucopyranose, beta-D-galactopyranose and D-glucopyranose residues joined in sequence by (1->4) glycosidic bonds. It is an amino trisaccharide and a member of acetamides. It derives from a lactose and a beta-D-GlcpNAc-(1->4)-beta-D-Galp."
467,The molecule is a 3-oxo-fatty acyl-CoA(4-) arising from deprotonation of the phosphate and diphosphate groups of 7-methyl-3-oxooct-6-enoyl-CoA; major species at pH 7.3. It is a conjugate acid of a 7-methyl-3-oxooct-6-enoyl-CoA.,The molecule is a 3-oxo-fatty acyl-CoA that results from the formal condensation of the thiol group of coenzyme A with the carboxy group of 7-methyl-3-oxooct-6-enoic acid. It has a role as a mouse metabolite. It derives from a 7-methyl-3-oxooctanoic acid. It is a conjugate acid of a 7-methyl-3-oxooct-6-enoyl-CoA(4-).
468,The molecule is an amino trisaccharide consisting of an alpha-Gal residue at the non-reducing end linked (1->4) to a beta-GalNAc residue which is in turn linked (1->4) to alpha-Gal. It is an amino trisaccharide and a galactosamine oligosaccharide.,The molecule is an amino trisaccharide comprising an N-acetyl beta-D-galactosaminyl residue flanked by two D-galactopyranose residues (one at the reducing end). It has a role as an epitope. It is an amino trisaccharide and a galactosamine oligosaccharide.
469,"The molecule is an aryl sulfide that is (2Z,3Z)-bis[amino(sulfanyl)methylidene]butanedinitrile in which the sulfanyl hydrogens are replaced by 2-aminophenyl groups. An inhibitor of mitogen-activated protein kinase that also exhibits anti-cancer properties. It has a role as an EC 2.7.11.24 (mitogen-activated protein kinase) inhibitor, an apoptosis inducer, an antineoplastic agent, an antioxidant, an osteogenesis regulator and a vasoconstrictor agent. It is an enamine, an aryl sulfide, a substituted aniline and a dinitrile.","The molecule is an addition compound obtained by combining equimolar amounts of (2Z,3Z)-bis{amino[(2-aminophenyl)sulfanyl]methylidene}butanedinitrile (U0126) and ethanol. An inhibitor of mitogen-activated protein kinase that also exhibits anti-cancer properties. It has a role as an EC 2.7.11.24 (mitogen-activated protein kinase) inhibitor, an apoptosis inducer, an antineoplastic agent, an antioxidant, an osteogenesis regulator and a vasoconstrictor agent. It contains an U0126."
470,"The molecule is a methyl (13E)-11,16-dihydroxy-16-methyl-9-oxoprost-13-en-1-oate that has 8S,11S,12S,16R-configuration. It is the pharmacologically active diastereoisomeric component of misoprostol. It has a role as an anti-ulcer drug, an oxytocic and an abortifacient. It is an enantiomer of an (11S,16R)-misoprostol.","The molecule is a methyl (13E)-11,16-dihydroxy-16-methyl-9-oxoprost-13-en-1-oate that has 8R,11R,12R,16R-configuration. It is a pharmacologically inactive diastereoisomeric component of misoprostol. It is an enantiomer of an (11S,16S)-misoprostol."
471,"The molecule is a member of the class of coumarins that is coumarin substituted by a hydroxy group at position 7, a methoxy group at position 5, a prenyl group at position 6 and a 2,4-dihydroxyphenyl group at position 3. Isolated from Glycyrrhiza uralensis, it exhibits antispasmodic activity. It has a role as an antispasmodic drug and a plant metabolite. It is a member of coumarins, an aromatic ether and a member of resorcinols.","The molecule is a member of the class of coumarins that is coumarin substituted by a hydroxy group at position 7, a methoxy group at position 5, a 2-methylbut-3-en-2yl group at position 8 and a 2,4-dihydroxyphenyl group at position 3. It has been isolated from Glycyrrhiza uralensis. It has a role as a plant metabolite. It is a member of coumarins, a member of resorcinols and an aromatic ether. It derives from a coumarin."
472,The molecule is a D-alpha-amino acid cation arising from the transfer of a proton from the carboxy to the amino group of D-leucine; major species at pH 7.3. It is a tautomer of a D-leucine.,The molecule is the D-enantiomer of 4-hydroxyleucine. It is a 4-hydroxyleucine and a D-leucine derivative. It is an enantiomer of a 4-hydroxy-L-leucine.
473,"The molecule is an amino pentasaccharide in which a galactose residue is linked beta(1->3) to the residue at the reducing end of a linear chain of two galactose residues, one N-acetylglucosamine residue and one N-acetylgalactosamine residue, sequentially linked alpha(1->4), beta(1->4) and beta(1->6). It is an amino pentasaccharide, a galactosamine oligosaccharide and a glucosamine oligosaccharide.",The molecule is an amino tetrasaccharide in which an N-acetylglucosamine residue is linked beta(1->6) to the residue at the reducing end of a linear chain of two galactose residues and an N-acetylglucosamine residue. It is an amino tetrasaccharide and a galactosamine oligosaccharide.
474,"The molecule is a trisaccharide that is D-galactomannose in which the hydroxy groups at positions 3 and 4 have been converted into the corresponding beta-D-mannopyranosyl and beta-D-glucopyranosyl derivatives, respectively.","The molecule is a trisaccharide that is D-galactopyranose in which the hydroxy groups at positions 3 and 4 have been converted to the beta-D-glucopyranosyl and alpha-D-glucopyranosyl derivatives, respectively."
475,The molecule is an aryl sulfate that is 4-nitrocatechol in which the hydroxy group that is meta to the nitro group has been converted into the corresponding hydrogen sulfate. It is used (commonly as its dipotassium salt) as a chromogenic substrate for sulphatase. It has a role as a chromogenic compound. It is a member of 4-nitrophenols and an aryl sulfate. It derives from a 4-nitrocatechol.,"The molecule is an aryl sulfate that is phenyl hydrogen sulfate substituted by a (1Z,3Z)-2,3-diisocyano-4-(4-methoxyphenyl)buta-1,3-dien-1-yl group at position 4. An Aspergillus metabolite isolated from Aspergillus and Aspergillus fumigatus. It has a role as an Aspergillus metabolite. It is an aryl sulfate, an aromatic ether and an isocyanide."
476,"The molecule is a hapalindole that is hapalindole H in which the octahydronaphthalene ring junction carbons both have S configuration instead of R. It is an isocyanide, an organic heterotetracyclic compound and a hapalindole.","The molecule is an ambiguine which is a (6aS,9R,10R,10aS)-9-ethenyl-10-isocyano-6,6,9-trimethyl-1-(2-methylbut-3-en-2-yl) substituted derivative of 2,6,6a,7,8,9,10,10a-octahydronaphtho[1,2,3-cd]indole. An antimicrobial agent isolated from the cyanobacterium strain, Fischerella. It has a role as an antibacterial agent, an antifungal agent and a bacterial metabolite. It is an isocyanide, an organic heterotetracyclic compound and an ambiguine."
477,"The molecule is a pentasaccharide derivative in which alpha-D-galactosaminyl-(1->4)-alpha-D-galactosaminyl-(1->4)-alpha-D-galactosaminyl-(1->4)-alpha-D-galactosaminyl-(1->4)-alpha-D-galactosamine is linked glycosidically to biotin via a (21-oxo-3,6,9,12,15,18-hexaoxa-22-azapentacosan-1-yl)amino spacer. One of a set of synthesised biotinylated oligo-alpha-(1->4)-D-galactosamines comprising from two to six monosaccharide units, along with their N-acetylated derivatives (PMID:31913631), aimed at analysing the specificity of the antibody responses to a complex exopolysaccharide galactosaminogalactan found in Aspergillus fumigatus, the most important airborne human fungal pathogen in industrialized countries. It is a pentasaccharide derivative and a member of biotins.","The molecule is a hexasaccharide derivative in which alpha-D-galactosaminyl-(1->4)-alpha-D-galactosaminyl-(1->4)-alpha-D-galactosaminyl-(1->4)-alpha-D-galactosaminyl-(1->4)-alpha-D-galactosaminyl-(1->4)-alpha-D-galactosamine is linked glycosidically to biotin via a (21-oxo-3,6,9,12,15,18-hexaoxa-22-azapentacosan-1-yl)amino spacer. One of a set of synthesised biotinylated oligo-alpha-(1->4)-D-galactosamines comprising from two to six monosaccharide units, along with their N-acetylated derivatives (PMID:31913631), aimed at analysing the specificity of the antibody responses to a complex exopolysaccharide galactosaminogalactan found in Aspergillus fumigatus, the most important airborne human fungal pathogen in industrialized countries. It is a hexasaccharide derivative and a member of biotins."
478,The molecule is a dicarboxylic acid dication resulting from the deprotonation of both of the carboxy groups of N-(4-carboxy-4-oxobutanoyl)-L-ethylglycylglycine. The major species at pH 7.3. It is a conjugate acid of a N-(4-carboxy-4-oxobutanoyl)-L-ethylglycylglycine.,"The molecule is a dipeptide that is N-[(2S)-2-aminobutanoyl]glycine in which the terminal amino group has been acylated by formal condensation of the 5-carboxy group of 2-oxopentanedioic acid. It is a dipeptide, a secondary carboxamide and an oxo dicarboxylic acid. It is a conjugate acid of a N-(4-carboxy-4-oxobutanoyl)-L-ethylglycylglycine(2-)."
479,The molecule is an organosulfur heterocyclic compound containing a saturated four membered ring with 3 carbon atom and 1 sulfur atom. It has a role as a metabolite.,The molecule is a dithiane that is cyclohexane in which the -CH2- units at positions 1 and 2 have been replaced by sulfur atoms.
480,The molecule is an oxo dicarboxylic acid and a N-acyl-amino acid. It derives from a (S)-2-amino-6-oxopimelic acid. It is a conjugate acid of a (S)-2-acetamido-6-oxopimelate(2-).,The molecule is dicarboxylate anion of (S)-2-acetamido-6-oxopimelic acid; major species at pH 7.3. It is a conjugate base of a (S)-2-acetamido-6-oxopimelic acid.
481,"The molecule is an ammonium ion resulting from the protonation of the non-formylated amino group of arformoterol. It is an ammonium ion derivative and an organic cation. It is a conjugate acid of an arformoterol. It is an enantiomer of a (S,S)-formoterol(1+).","The molecule is an N-[2-hydroxy-5-(1-hydroxy-2-{[1-(4-methoxyphenyl)propan-2-yl]amino}ethyl)phenyl]formamide in which both of the stereocentres have R configuration. The active enantiomer of formoterol, it is administered by inhalation (generally as the tartrate salt) as a direct-acting sympathomimetic and bronchodilator for the treatment of chronic obstructive pulmonary disease (any progressive respiratory disease that makes it harder to breathe over time, such as chronic bronchitis and emphysema). It has a role as a bronchodilator agent, an anti-asthmatic drug and a beta-adrenergic agonist. It is a conjugate base of an arformoterol(1+). It is an enantiomer of a (S,S)-formoterol."
482,The molecule is a tetrasaccharide consisting of sucrose having an alpha-D-galactosyl-(1->6)-alpha-D-galactosyl moiety attached at the 6-position of the glucose. It has a role as a plant metabolite and a mouse metabolite. It is a raffinose family oligosaccharide and a tetrasaccharide. It derives from a sucrose and a raffinose.,"The molecule is a trisaccharide composed of alpha-D-galactopyranose, alpha-D-glucopyranose and beta-D-fructofuranose joined in sequence by 1->6 and 1<->2 glycosidic linkages, respectively. It has a role as a plant metabolite, a Saccharomyces cerevisiae metabolite and a mouse metabolite. It is a raffinose family oligosaccharide and a trisaccharide."
483,"The molecule is a class I yanuthone that is 22-deacetylyanuthone A in which the primary alcohol has been esterified by condensation with one of the carboxy groups of 3-hydroxy-3-methylglutaric acid. It has a role as an Aspergillus metabolite. It is a class I yanuthone, a dicarboxylic acid monoester, a tertiary alcohol and a secondary alcohol. It derives from a 22-deacetylyanuthone A and a 3-hydroxy-3-methylglutaric acid.","The molecule is a class I yanuthone that is yanuthone E in which the sesquiterpenoid double bond furthest from the epoxycyclohexenone ring has undergone formal addition of water to give the corresponding tertiary alcohol. It has a role as an Aspergillus metabolite. It is a class I yanuthone, a tertiary alcohol, a dicarboxylic acid monoester, a secondary alcohol and a triol. It derives from a yanuthone E and a 3-hydroxy-3-methylglutaric acid."
484,The molecule is a 2-oxo monocarboxylic acid cation. It has a role as a human metabolite. It derives from a glutaramate. It is a conjugate acid of a 2-oxoglutaramic acid.,The molecule is a 2-oxo monocarboxylic acid. It derives from a 2-oxoglutaramic acid. It is a conjugate acid of a N-methyl-2-oxoglutaramate.
485,"The molecule is the parent member of the class of aplysiatoxins. It is a cyanotoxin produced by several species of freshwater and marine cyanobacteria, as well as algae and molluscs. It has a role as a carcinogenic agent, a cyanotoxin, a protein kinase C agonist, a marine metabolite and an algal metabolite. It is a member of aplysiatoxins, a cyclic hemiketal, an ether, a secondary alcohol, a bromophenol, an organic heterotricyclic compound and a spiroketal.","The molecule is a member of the class of aplysiatoxins that has the structure of the parent aplysiatoxin, but is lacking the bromo substituent on the benzene ring at the position para to the phenolic hydroxy group. It is a cyanotoxin produced by several species of freshwater and marine cyanobacteria, as well as algae and molluscs. It has a role as a cyanotoxin, an algal metabolite, a carcinogenic agent, a marine metabolite and a protein kinase C agonist. It is a member of aplysiatoxins, a cyclic hemiketal, an ether, a secondary alcohol, a member of phenols, an organic heterotricyclic compound and a spiroketal."
486,"The molecule is an iron cation and a monoatomic trication. It has a role as a human metabolite, an Escherichia coli metabolite, a mouse metabolite and a cofactor.","The molecule is the stable isotope of iron with relative atomic mass 56.935399, 2.1 atom percent natural abundance and nuclear spin 1/2."
487,"The molecule is the simplest borane, consisting of a single boron atom carrying three hydrogens. It is a member of boranes and a mononuclear parent hydride.","The molecule is the stable isotope of boron with relative atomic mass 11.009306, 80.1 atom percent natural abundance and nuclear spin 3/2."
488,The molecule is an L-leucine derivative resulting from the formal condensation of the carboxy group of arachidonic acid with the amino group of L-leucine. It is a L-leucine derivative and a N-(fatty acyl)-L-alpha-amino acid. It derives from an arachidonic acid. It is a conjugate acid of a N-arachidonoyl-L-leucinate.,"The molecule is an N-acyl-L-alpha-amino acid anion resulting from the deprotonation of the carboxy group of N-arachidonoyl-L-phenylalanine. The major species at pH 7.3. It is a N-acyl-L-alpha-amino acid anion, a N-(fatty acyl)-L-alpha-amino acid anion and a N-(fatty acyl)-L-phenylalanine(1-). It is a conjugate base of a N-arachidonoyl-L-phenylalanine."
489,"The molecule is a member of the class of quinazolines that is quinazoline which is substituted by a pyrrolidin-1-yl group and a dipropylnitrilo group at positions 2 and 4, respectively. It is a member of quinazolines, a member of pyrrolidines and a tertiary amino compound.","The molecule is an N-arylpiperazine that is piperazine in which the hydrogen attached to the nitrogen at position 1 is replaced by a 6-methoxy-7-[3-(piperidin-1-yl)propoxy]quinazolin-4-yl group, while the hydrogen attached to the nitrogen at position 4 is replaced by a (p-isopropoxyphenyl)aminocarbonyl group. Tandutinib is an inhibitor of tyrosine kinases FLT3, PDGFR and KIT. It has a role as an antineoplastic agent and an EC 2.7.10.1 (receptor protein-tyrosine kinase) inhibitor. It is a N-carbamoylpiperazine, a N-arylpiperazine, a member of quinazolines, a member of piperidines, an aromatic ether, a tertiary amino compound and a member of phenylureas."
490,"The molecule is an organic cation that is 1-(2-methoxyethyl)-2-methyl-1H-naphtho[2,3-d]imidazole-4,9-dione in which the nitrogen at position 3 of the napthoimidazole moiety has been alkylated by a pyrazin-2-ylmethyl group.","The molecule is an organic bromide salt consisting of sepantronium cations and bromide anions. It has been found to selectively inhibit survivin (BIRC5) gene promoter activity and to down-regulate survivin in vitro, so leading to induction of apoptosis. It has a role as an antineoplastic agent, a survivin suppressant and an apoptosis inducer. It contains a sepantronium."
491,"The molecule is a dihydroxy- and monomethoxy-flavone in which the hydroxy groups are positioned at C-5 and C-7 and the methoxy group is at C-8. It has a role as a cyclooxygenase 2 inhibitor, an antineoplastic agent, an angiogenesis inhibitor and a plant metabolite. It is a dihydroxyflavone and a monomethoxyflavone. It is a conjugate acid of a wogonin(1-).",The molecule is the flavonoid oxoanion formed by deprotonation of the 7-hydroxy function of wogonin. Major structure at pH 7.3. It is a conjugate base of a wogonin.
492,The molecule is conjugate acid of prostaglandin H2. It has a role as a human metabolite. It is a prostaglandin carboxylic acid cation and an oxylipin cation. It is a conjugate acid of a prostaglandin H2.,"The molecule is an oxylipin, an olefinic compound, a secondary alcohol and a prostaglandins H. It has a role as a mouse metabolite. It is a conjugate acid of a prostaglandin H2(1-)."
493,The molecule is a methyladenine that is 9H-purin-6-amine substituted by a methyl group at the amino nitrogen. It has a role as a human metabolite. It is a 6-alkylaminopurine and a methyladenine.,"The molecule is the parent compound of the 6-aminopurines, composed of a purine having an amino group at C-6. It has a role as a human metabolite, a Daphnia magna metabolite, a Saccharomyces cerevisiae metabolite, an Escherichia coli metabolite and a mouse metabolite. It is a purine nucleobase and a member of 6-aminopurines. It derives from a hydride of a 9H-purine."
494,"The molecule is an organophosphate oxocation arising from deprotonation of both free diphosphate OH groups of alpha-D-Gal-(1->3)-[alpha-L-Fuc-(1->2)]-beta-D-Gal-(1->3)-alpha-D-GalNAc-(1->3)-alpha-D-GalNAc-diphospho-ditrans,octacis-undecaprenol. It is a conjugate acid of an alpha-D-Gal-(1->3)-[alpha-L-Fuc-(1->2)]-beta-D-Gal-(1->3)-alpha-D-GalNAc-(1->3)-alpha-D-GalNAc-diphospho-ditrans,octacis-undecaprenol.","The molecule is a polyprenyl phospho oligosaccharide that consists of the pentasaccharide alpha-D-Gal-(1->3)-[alpha-L-Fuc-(1->2)]-beta-D-Gal-(1->3)-alpha-D-GalNAc-(1->3)-alpha-D-GalNAc linked via a diphospho group to ditrans,octacis-undecaprenol. It is a conjugate acid of an alpha-D-Gal-(1->3)-[alpha-L-Fuc-(1->2)]-beta-D-Gal-(1->3)-alpha-D-GalNAc-(1->3)-alpha-D-GalNAc-diphospho-ditrans,octacis-undecaprenol(2-)."
495,"The molecule is a hydroperoxyoctadecatrienoic acid that is (9Z,11E,15Z)-octadecatrienoic acid which is substituted at position 13 by a hydroperoxy group. It is a conjugate acid of a (9Z,11E,15Z)-13-hydroperoxyoctadecatrienoate.","The molecule is a hydroperoxyoctadecatrienoate that is the conjugate base of (9Z,11E,15Z)-13-hydroperoxyoctadecatrienoic acid, obtained by deprotonation of the carboxy group. Major microspecies at pH 7.3. It is a conjugate base of a (9Z,11E,15Z)-13-hydroperoxyoctadecatrienoic acid."
496,"The molecule is a branched amino octasaccharide comprising a linear pentasaccharide chain of N-acetyl-alpha-neuraminyl, beta-D-galactosyl, N-acetyl-beta-D-glucosaminyl, beta-D-galactosyl and D-glucose residues linked sequentially (2->6), (1->4), (1->6) and (1->4), to the galactose residue nearer to the reducing end is also linked (1->3) a linear alpha-L-fucosyl-(1->2)-beta-D-galactosyl-(1->3)-N-acetyl-beta-D-glucosaminyl trisaccharide unit. It is an amino octasaccharide and a glucosamine oligosaccharide.","The molecule is a branched amino nonasaccharide comprising a linear pentasaccharide chain of N-acetyl-alpha-neuraminyl, beta-D-galactosyl, N-acetyl-beta-D-glucosaminyl, beta-D-galactosyl and D-glucose residues linked sequentially (2->6), (1->4), (1->6) and (1->4), to the galactose residue nearer to the reducing end is also linked (1->3) a branched alpha-L-fucosyl-(1->3)-[alpha-L-fucosyl-(1->2)-beta-D-galactosyl-(1->4)]-N-acetyl-beta-D-glucosaminyl tetrasaccharide unit. It is an amino nonasaccharide and a glucosamine oligosaccharide."
497,"The molecule is a sesquiterpene lactone obtained by regioselective Bayer-Villiger oxidation of 1-deoxy-11-oxopentalenic acid. It has a role as a bacterial metabolite. It is a sesquiterpene lactone, an organic heterotricyclic compound and an alpha,beta-unsaturated monocarboxylic acid. It is a conjugate acid of a pentalenolactone D(1-).","The molecule is a monocarboxylic acid anion that is the conjugate base of pentalenolactone D, obtained by deprotonation of the carboxy group; major species at pH 7.3. It is a conjugate base of a pentalenolactone D."
498,The molecule is a 2-acyl-sn-glycero-3-phosphocholine in which the acyl group is specified as tertadecanoyl (myristoyl). It has a role as a plant metabolite and a human metabolite. It is a lysophosphatidylcholine 14:0 and a 2-acyl-sn-glycero-3-phosphocholine.,The molecule is a 2-acyl-sn-glycero-3-phosphocholine in which the acyl group at position 2 is specified as acetyl. It derives from an acetic acid.
499,The molecule is a decanoate ester obtained by the formal condensation of carboxy group of decanoic acid with propanol. It has a role as a Saccharomyces cerevisiae metabolite. It derives from a decanoic acid and a propan-1-ol.,The molecule is an octanoate ester resulting from the formal condensation of the carboxy group of octanoic acid (caprylic acid) with the hydroxy group of propan-1-ol. It has a role as a metabolite.
500,"The molecule is a polyunsaturated fatty acyl-CoA(4-) arising from deprotonation of the phosphate and diphosphate functions of (15Z,18Z,21Z,24Z)-triacontatetraenoyl-CoA. It is a polyunsaturated fatty acyl-CoA(4-), a very long-chain acyl-CoA(4-) and a 3-substituted propionyl-CoA(4-). It is a conjugate acid of a (15Z,18Z,21Z,24Z)-triacontatetraenoyl-CoA.","The molecule is a polyunsaturated fatty acyl-CoA(4-) obtained by deprotonation of the phosphate and diphosphate OH groups of (13Z,16Z,19Z,22Z)-octacosatetraenoyl-CoA. It is a polyunsaturated fatty acyl-CoA(4-), a very long-chain acyl-CoA(4-) and a 3-substituted propionyl-CoA(4-). It is a conjugate base of a (13Z,16Z,19Z,22Z)-octacosatetraenoyl-CoA."
501,The molecule is an O-alkylglycerone that consists of glycerone bearing a single O-methyl substituent. It derives from a dihydroxyacetone and an acetone.,"The molecule is a ketotriose consisting of acetone bearing hydroxy substituents at positions 1 and 3. The simplest member of the class of ketoses and the parent of the class of glycerones. It has a role as a metabolite, an antifungal agent, a human metabolite, a Saccharomyces cerevisiae metabolite, an Escherichia coli metabolite and a mouse metabolite. It is a ketotriose and a primary alpha-hydroxy ketone."
502,The molecule is an N-acyl-1-O-beta-D-glucosyl-15-methylhexadecasphing-4-enine in which the acyl group has 21 carbons and 0 double bonds and is 2-hydroxylated. It derives from a 15-methylhexadecasphing-4-enine.,The molecule is an N-acyl-1-O-beta-D-glucosyl-15-methylhexadecasphing-4-enine in which the acyl group has 20 carbons and 0 double bonds and is 2-hydroxylated. It derives from a 15-methylhexadecasphing-4-enine.
503,The molecule is an amino disaccharide that is that is the 3-O-beta-D-galactopyranoside of 2-amino-2-deoxy-beta-D-galactopyranose. It is a beta-D-galactoside and an amino disaccharide.,"The molecule is a glycsyl glycoside derivative that is 2-amino-2-deoxy-beta-D-glucopyranose in which the anomeric hydroxy group has been converted into the corresponding beta-D-galactopyranoside. It is an aminoglycoside, a glycosyl glycoside derivative, a primary amino compound and a glycosylgalactose."
504,"The molecule is a member of the class of tetracyclines with formula C21H18O9, originally isolated from Penicillium claviforme. It has a role as a fungal metabolite, a neurokinin-1 receptor antagonist and a neuropeptide Y receptor antagonist. It is an aromatic ether, a cyclic ketone, an enol, an enone, a methyl ketone, a member of phenols, a member of tetracyclines and a tertiary alpha-hydroxy ketone. It is a conjugate acid of a TAN-1612(1-). It is a tautomer of a BMS-192548.",The molecule is an enolate resulting from the deprotonation of the hydroxy group of the enol moiety of TAN-1612. It is a conjugate base of a TAN-1612.
505,"The molecule is a docosanoid cation that is the conjugate acid of resolvin T1, obtained by deprotonation of the carboxy group; major species at pH 7.3. It is a hydroxy fatty acid cation and a docosanoid cation. It is a conjugate acid of a resolvin T1.","The molecule is a docosanoid that is (8E,10Z,14E,16Z,18E)-docosapentaenoic acid carrying three hydroxy substituents at positions 7, 13 and 20. It has a role as an anti-inflammatory agent, a human xenobiotic metabolite and a mouse metabolite. It is a docosanoid, a resolvin and a hydroxy polyunsaturated fatty acid. It is a conjugate acid of a resolvin T1(1-)."
506,The molecule is an iminium ion obtained by protonation of the imino group of Methyl violet 2B free base. It is a conjugate acid of a Methyl violet 2B free base.,The molecule is a squaraine dye having two 4-dimethylaminophenyl substituents attached to the cyclobutane ring. It has a role as a squaraine dye and a fluorochrome. It is a dimethylaniline and a squaraine.
507,"The molecule is an unsaturated fatty acid cation that is the conjugate acid of (8E,10S)-10-hydroxy-8-octadecenoic acid, obtained by deprotonation of the carboxy group. It is a hydroxy fatty acid cation, a long-chain fatty acid cation and an unsaturated fatty acid cation. It is a conjugate acid of an (8E,10S)-10-hydroxy-8-octadecenoic acid.","The molecule is a trihydroxyoctadecenoic acid with hydroxy groups at positions C-9, -12, and 13, and an E (cis) double bond at position 10. It has a role as an adjuvant and an anti-inflammatory agent. It derives from a 13(S)-HPODE."
508,"The molecule is an O-acylcarnitine having (2E,5Z,7E)-decatrienoyl as the acyl substituent. It has a role as a mouse metabolite. It derives from a carnitine.","The molecule is an O-acylcarnitine having (2E,4Z)-decadienoyl as the acyl substituent. It has a role as a metabolite. It is an O-acylcarnitine, a carboxylic ester, an ammonium betaine and an O-decadienoylcarnitine. It derives from a carnitine."
509,The molecule is a maltoheptaose heptasaccharide in which the glucose residue at the reducing end is in the pyranose ring form and has alpha configuration at the anomeric carbon atom.,The molecule is a maltohexaose hexasaccharide in which the glucose residue at the reducing end is in the pyranose ring form and has alpha configuration at the anomeric carbon atom.
510,The molecule is a member of the class of pyridine N-oxides obtained by oxidation of the pyridine nitrogen of (S)-nicotine. It is a member of pyridine N-oxides and a N-alkylpyrrolidine. It derives from a (S)-nicotine.,The molecule is an (S)-nicotine N(1')-oxide in which the N(1')-methyl group is on the opposite side of the pyrrolidine ring to the pyridine substituent. The major species at pH 7.3.
511,The molecule is a medium chain fatty acyl-CoA(4-) arising from deprotonation of the phosphate and diphosphate functions of 2-hydroxy-3-methyldodecanoyl-CoA; major species at pH 7.3. It derives from a 3-methyldodecanoyl-CoA(4-). It is a conjugate acid of a 2-hydroxy-3-methyldodecanoyl-CoA.,"The molecule is a hydroxy fatty acyl-CoA that results from the formal condensation of the thiol group of coenzyme A with the carboxy group of 2-hydroxy-3-methyldodecanoic acid. It is a hydroxy fatty acyl-CoA, a medium-chain fatty acyl-CoA and a methyl-branched fatty acyl-CoA. It is a conjugate acid of a 2-hydroxy-3-methyldodecanoyl-CoA(4-)."
512,"The molecule is the stable isotope of gold with relative atomic mass 196.966552, 100 atom percent natural abundance and nuclear spin 3/2.","The molecule is the stable isotope of antimony with relative atomic mass 120.903818, 57.2 atom percent natural abundance and nuclear spin 5/2. It is an antimony(0) and an antimony atom."
513,"The molecule is a member of the class of indole-3-acetic acids that is indole-3-acetic acid in which the indole ring is substituted at positions 1, 2 and 5 by p-chlorobenzoyl, methyl, and methoxy groups, respectively. A non-steroidal anti-inflammatory drug, it is used in the treatment of musculoskeletal and joint disorders including osteoarthritis, rheumatoid arthritis, gout, bursitis and tendinitis. It has a role as an EC 1.14.99.1 (prostaglandin-endoperoxide synthase) inhibitor, an analgesic, a gout suppressant, a drug metabolite, a xenobiotic metabolite, a xenobiotic, an environmental contaminant and a non-steroidal anti-inflammatory drug. It is a N-acylindole, a member of monochlorobenzenes, an aromatic ether and a member of indole-3-acetic acids.","The molecule is indole-3-acetic acid substituted on nitrogen with a 4-chlorobenzoyl group and at C-5 by a methoxy group. It is a member of indole-3-acetic acids, a N-acylindole and a member of monochlorobenzenes."
514,"The molecule is an aminoacridine that is acridine that is substituted by amino groups at positions 3 and 6. A slow-acting bacteriostat that is effective against many Gram-positive bacteria (but ineffective against spores), its salts were formerly used for treatment of burns and infected wounds. It has a role as an antiseptic drug, a carcinogenic agent, an antibacterial agent, a chromophore and an intercalator. It is a conjugate acid of a 3,6-diaminoacridine(1+).","The molecule is a quinolinium ion comprising decane in which one methyl hydrogen at each end of the molecule has been replaced by a 4-amino-2-methylquinolin-1-yl group. It has a role as an antifungal agent, an antineoplastic agent, an antiseptic drug and a mitochondrial NADH:ubiquinone reductase inhibitor."
515,The molecule is a polypeptide composed of dipeptide Gly-Arg units joined via peptide linkages. It derives from a glycine and a L-arginine.,"The molecule is a tripeptide composed of glycine, L-arginine and L-proline joined in sequence by peptide linkages. It derives from a glycine, a L-arginine and a L-proline."
516,"The molecule is a lathyrane diterpenoid isolated from the roots of Euphorbia micractina. It has a role as a vasodilator agent. It is a lathyrane diterpenoid, an epoxide, a benzoate ester and a tertiary alpha-hydroxy ketone.","The molecule is a lathyrane diterpenoid isolated from the roots of Euphorbia micractina. It has a role as a vasodilator agent. It is a benzoate ester, an epoxide, a lathyrane diterpenoid and an acetate ester."
517,"The molecule is an O-acylcarnitine that is the O-heptanoyl derivative of carnitine. It has a role as a metabolite. It is an O-acylcarnitine, a carboxylic ester and an ammonium betaine. It derives from a heptanoic acid.",The molecule is an O-acylcarnitine having octanoyl as the acyl substituent. It has a role as a metabolite. It is an O-acylcarnitine and an octanoate ester.
518,The molecule is a carbohydrate acid derivative cation obtained by deprotonation of the carboxy group of GM1 ganglioside. It is a carbohydrate acid derivative cation and a ganglioside GM1/1b(1-). It is a conjugate acid of a ganglioside GM1.,The molecule is a ganglioside derivative that is gangliosde GM1 in which the sialic acid residue contains CH2OH instead of COOH. It derives from a ganglioside GM1.
519,The molecule is an omega-hydroxy fatty acid that is the 30-hydroxy derivative of triacontanoic acid. It is a straight-chain fatty acid and an omega-hydroxy-ultra-long-chain fatty acid. It derives from a triacontanoic acid. It is a conjugate acid of an omega-hydroxytriacontanoate.,The molecule is a omega-hydroxy fatty acid that is nonacosanoic acid substituted by a hydroxy group at position 29. It derives from a nonacosanoic acid.
520,The molecule is dication of L-erythrulose 1-phosphate arising from deprotonation of the phosphate OH groups; major species at pH 7.3. It is a conjugate acid of a L-erythrulose 1-phosphate. It is an enantiomer of a D-erythrulose 1-phosphate(2-).,The molecule is the L-enantiomer of erythrulose 1-phosphate. It derives from a L-erythrulose. It is a conjugate acid of a L-erythrulose 1-phosphate(2-). It is an enantiomer of a D-erythrulose 1-phosphate.
521,The molecule is the organosulfate oxocation that is N-acetylated 6-O-sulfonato-beta-D-glucosamine linked glycosidically to a 3-aminopropyl group. It is a conjugate acid of a 3-aminopropyl N-acetyl-6-O-sulfo-beta-D-glucosaminide.,The molecule is the monosaccharide sulfate that is N-acetylated 6-O-sulfo-beta-D-glucosamine linked glycosidically to a 3-aminopropyl group. It is a glycoside and a monosaccharide sulfate. It derives from a D-glucosamine. It is a conjugate acid of a 3-aminopropyl N-acetyl-6-O-sulfonato-beta-D-glucosaminide.
522,"The molecule is a carbamate ester that is 4-chlorobut-2-yn-1-yl ester of N-(3-chlorophenyl)carbamic acid. A herbicide, it is no longer approved for use within the European Community. It has a role as a herbicide. It is a carbamate ester, an acetylenic compound and a member of monochlorobenzenes.","The molecule is a carbamate ester that is fumagillol in which the hydroxy group has been converted to the corresponding N-(chloroacetyl)carbamate derivative. It has a role as a methionine aminopeptidase 2 inhibitor, a retinoic acid receptor alpha antagonist, an angiogenesis inhibitor, an antineoplastic agent and an EC 1.5.1.3 (dihydrofolate reductase) inhibitor. It is a carbamate ester, a sesquiterpenoid, an organochlorine compound, a semisynthetic derivative and a spiro-epoxide. It derives from a fumagillol."
523,The molecule is a 2-hydroxy monocarboxylic acid that is valeric (pentanoic) acid substituted at the alpha-position by a hydroxy group. It has a role as an algal metabolite. It derives from a valeric acid. It is a conjugate acid of a 2-hydroxypentanoate.,"The molecule is the pentanoate anion substituted at the alpha-carbon by a hydroxy group. The conjugate base of 2-hydroxypentanoic acid, it is the predominant species at physiological pH. It has a role as a metabolite. It is a conjugate base of a 2-hydroxypentanoic acid."
524,The molecule is a sialotriaosylceramide that is ganglioside GM2 (18:0) in which the carboxy function of the sialic acid residue has been converted into an N-methylcarboxamide. It is a sialotriaosylceramide and a dicarboxylic acid diamide. It derives from a ganglioside GM2 (18:0).,The molecule is a sialotriaosylceramide that is ganglioside GM2 (18:0) in which the carboxy function of the sialic acid residue has been converted into a carboxamide. It is a sialotriaosylceramide and a dicarboxylic acid diamide. It derives from a ganglioside GM2 (18:0).
525,"The molecule is a copolymer macromolecule composed of homopolymeric blocks of 1->4-linked homopolymeric blocks of 1->4-linked sodium beta-D-mannuronate and sodium alpha-L-guluronate residues, covalently linked together in different sequences or blocks. The sodium salt of alginic acid. It has a role as a hematologic agent. It is an organic sodium salt and a copolymer macromolecule. It contains an alginate.",The molecule is an organic sodium salt comprising alpha-D-GalpA-(1->4)-alpha-D-GalpA(2-) ions and sodium ions in a 2:1 ratio. It contains an alpha-D-GalpA-(1->4)-alpha-D-GalpA(2-).
526,"The molecule is an indole alkaloid that is fumitremorgin C substituted at positions 12 and 13 by hydroxy groups. It is an indole alkaloid, an organic heteropentacyclic compound, an aromatic ether and a diol. It derives from a fumitremorgin C.",The molecule is an organic heteropentacyclic compound that is a mycotoxic indole alkaloid produced by several fungi via a tryptophan-proline diketopiperazine intermediate. It has a role as a mycotoxin. It is an organic heteropentacyclic compound and an indole alkaloid.
527,The molecule is a disaccharide derivative comprising methyl alpha-D-galactoside having an alpha-D-galactosyl residue at the 3-position. It is a methyl glycoside and a disaccharide derivative. It derives from an alpha-D-galactose.,The molecule is a methyl glycoside that consists of methyl alpha-D-galactoside having an alpha-D-galactosyl residue at the 4-position. It is a methyl glycoside and a disaccharide derivative. It derives from an alpha-D-galactose.
528,The molecule is a terminal acetylenic compound that is butane carrying a triple bond at position 1. It is an alkyne and a terminal acetylenic compound.,The molecule is a terminal acetylenic compound that is undecane carrying a triple bond at position1. It has a role as a metabolite. It is a terminal acetylenic compound and an alkyne.
529,"The molecule is an N-glycosyl compound that is a metabolite produced by the bacterium Mycoplasma genitalium. It has a role as a Mycoplasma genitalium metabolite. It is a N-glycosyl compound, an aminopyrimidine, a pyrimidone and a ring assembly.",The molecule is a pyrimidine 2'-deoxyribonucleoside having dihydrothymine as the nucleobase. It has a role as a Mycoplasma genitalium metabolite. It derives from a thymidine.
530,"The molecule is the ammonium ion that is the conjugate acid of clenbuterol, formed by protonation of the secondary amine nitrogen atom. It is a conjugate acid of a clenbuterol.","The molecule is a substituted aniline that is 2,6-dichloroaniline in which the hydrogen at position 4 has been replaced by a 2-(tert-butylamino)-1-hydroxyethyl group. It has a role as a bronchodilator agent, a beta-adrenergic agonist and a sympathomimetic agent. It is a member of ethanolamines, a primary arylamine, a secondary amino compound, an amino alcohol, a substituted aniline and a dichlorobenzene. It is a conjugate base of a clenbuterol(1+)."
531,The molecule is a member of the class of (trifluoromethyl)benzenes consisting of trans-cinnamic acid having a trifluoromethyl substituent at the ortho-position. It is a member of cinnamic acids and a member of (trifluoromethyl)benzenes. It derives from a trans-cinnamic acid.,The molecule is a monocarboxylic acid comprising propionic acid having a 2-(trifluoromethyl)phenyl group at the 3-position. It is a monocarboxylic acid and a member of (trifluoromethyl)benzenes. It derives from a propionic acid.
532,"The molecule is an acyl-CoA that results from the formal condensation of the thiol group of coenzyme A with the carboxy group of dihydrocaffeic acid. It derives from a 3-(3,4-dihydroxyphenyl)propanoic acid. It is a conjugate acid of a dihydrocaffeoyl-CoA(4-).",The molecule is an acyl-CoA(4-) obtained by deprotonation of the phosphate and diphosphate OH groups of hydrocaffeoyl-CoA; major species at pH 7.3. It is a conjugate base of a dihydrocaffeoyl-CoA.
533,The molecule is a dicarboxylic acid dication that is obtained from dimethylmaleic acid by removal of a proton from each of the carboxylic acid groups. It derives from a maleate(2-). It is a conjugate acid of a dimethylmaleic acid.,The molecule is a dicarboxylic acid that is maleic acid in which each of the hydrogens that is attached to a carbon atom is substituted by a methyl group. It derives from a maleic acid. It is a conjugate acid of a dimethylmaleate(2-).
534,The molecule is a 1-acylglycerone 3-phosphate(2-) obtained by deprotonation of the phosphate OH groups of 1-arachidonoylglycerone 3-phosphate; major species at pH 7.3. It is a conjugate acid of a 1-arachidonoylglycerone 3-phosphate.,The molecule is a 1-acylglycerone 3-phosphate in which the acyl group is specified as arachidonoyl. It derives from an arachidonic acid. It is a conjugate acid of a 1-arachidonoylglycerone 3-phosphate(2-).
535,"The molecule is a dicarboxylic acid monoamide which results from addition of one equivalent of 1-naphthylamine to phthalic anhydride. It has a role as a herbicide. It is a dicarboxylic acid monoamide, a carboxylic acid and a N-(1-naphthyl)carboxamide. It is a conjugate acid of a naptalamate.",The molecule is a monocarboxylic acid anion that is the conjugate base of naptalam; major species at pH 7.3. It is a conjugate base of a naptalam.
536,"The molecule is a triterpenoid saponin with an arborinane-type terpenoid as the aglycone. It has been isolated from the roots of Rubia yunnanensis. It has a role as an antineoplastic agent and a plant metabolite. It is an acetate ester, a diol, a beta-D-glucoside, a pentacyclic triterpenoid, a triterpenoid saponin and a disaccharide derivative.","The molecule is a triterpenoid saponin with an arborinane-type terpenoid as the aglycone. It has been isolated from the roots of Rubia yunnanensis. It has a role as a plant metabolite. It is a beta-D-glucoside, a diol, an aldehyde, a disaccharide derivative, a pentacyclic triterpenoid and a triterpenoid saponin."
537,"The molecule is a sulfonamide consisting of 7-sulfamoyl-3,4-dihydro-2H-1,2,4-benzothiadiazine 1,1-dioxide in which the hydrogen at position 6 is substituted by a trifluoromethyl group and that at position 3 is substituted by a benzyl group. It has a role as a diuretic and an antihypertensive agent. It is a benzothiadiazine and a sulfonamide.","The molecule is a benzothiadiazine consisting of a 3,4-dihydro-HH-1,2,4-benzothiadiazine bicyclic system dioxygenated on sulfur and carrying trifluoromethyl and aminosulfonyl groups at positions 6 and 7 respectively. A diuretic with actions and uses similar to those of hydrochlorothiazide. It has a role as a diuretic and an antihypertensive agent. It is a benzothiadiazine and a thiazide."
538,"The molecule is a C-nitro compound that is 5-nitroimidazole in which the hydrogens at positions 1 and 2 are replaced by methyl groups. An antiprotozoal drug, it has been banned by both the Government of Canada and the European Union as a livestock feed additive owing to suspicions of it being carcinogenic. It has a role as an antiprotozoal drug and an antiparasitic agent. It is a C-nitro compound and a member of imidazoles.",The molecule is an imidazole that is 1H-imidazole substituted at position 2 by a nitro group. It has a role as an antitubercular agent. It is a C-nitro compound and a member of imidazoles. It derives from a 1H-imidazole.
539,"The molecule is a member of the class of quinolines that is the amide obtained from formal condensation of the carboxy group of 2-(2,5-dimethoxyphenyl)quinoline-4-carboxylic acid with the amino group of 2-aminobenzamide. It is a member of quinolines, a member of benzamides and a dimethoxybenzene.","The molecule is a secondary carboxamide resulting from the formal condensation of the carboxy group of 4-isopropoxybenzoic acid with the primary amino group of 2-methylquinolin-8-amine. An allosteric activator of sarco/endoplasmic reticulum Ca(2+)-ATPase (SERCA). It has a role as a SERCA activator. It is a member of quinolines, a secondary carboxamide and an aromatic ether."
540,"The molecule is an undecenal in which the C=C bond is located at the 2-3 position. It is an undecenal, a n-alk-2-enal and a volatile organic compound.","The molecule is a dec-2-enal in which the olefinic double bond has E configuration. It has a role as an alarm pheromone, a nematicide and a mutagen."
541,"The molecule is a hydroxy monocarboxylic acid cation resulting from the removal of a proton from the carboxy group of (4S,5S)-4,5-dihydroxy-2,6-dioxohexanoic acid. The major species at pH 7.3. It is a hydroxy monocarboxylic acid cation and a dioxo monocarboxylic acid cation. It is a conjugate acid of a (4S,5S)-4,5-dihydroxy-2,6-dioxohexanoic acid.","The molecule is a dioxo monocarboxylic acid that is the 4,5-dihydroxy-2,6-dioxo derivative of hexanoic acid having (4S,5S)-configuration. It is a dioxo monocarboxylic acid, a dihydroxy monocarboxylic acid and an aldehyde. It derives from a hexanoic acid. It is a conjugate acid of a (4S,5S)-4,5-dihydroxy-2,6-dioxohexanoate."
542,"The molecule is a tetracyclic triterpenoid isolated from Aglaia abbreviata. It has a role as a plant metabolite. It is a tetracyclic triterpenoid, an acetate ester and a gamma-lactone.","The molecule is a tetracyclic triterpenoid isolated from the stems of Aglaia abbreviata. It has a role as a plant metabolite. It is a butenolide, a tetracyclic triterpenoid and an acetate ester."
543,The molecule is a ketone that is acetone in which all the methyl hydrogens are replaced by fluoro groups. It is a ketone and a perfluorinated compound.,"The molecule is an ether in which the oxygen atom is connected to 2-chloro-1,1,2-trifluoroethyl and difluoromethyl groups. It has a role as an anaesthetic. It is an organofluorine compound, an organochlorine compound and an ether. It derives from a methoxyethane."
544,"The molecule is a citrate(2-) that is the conjugate acid of 3,4-dicarboxy-3-hydroxybutanoate. It is a conjugate acid of a 3-carboxy-2-(carboxymethyl)-2-hydroxypropanoate and a 3,4-dicarboxy-3-hydroxybutanoate. It is a tautomer of a 3-carboxy-3-hydroxypentanedioate.","The molecule is a tricarboxylic acid that is propane-1,2,3-tricarboxylic acid bearing a hydroxy substituent at position 2. It is an important metabolite in the pathway of all aerobic organisms. It has a role as a food acidity regulator, a chelator, an antimicrobial agent and a fundamental metabolite. It is a conjugate acid of a citrate(1-) and a citrate anion."
545,"The molecule is an (R)-3-hydroxyacyl-CoA(4-) obtained by deprotonation of the phosphate and diphosphate OH groups of (3R,11Z)-3-hydroxyoctadecenoyl-CoA; major species at pH 7.3. It is a conjugate acid of a (3R,11Z)-3-hydroxyoctadecenoyl-CoA.","The molecule is an unsaturated fatty acyl-CoA that results from the formal condensation of the thiol group of coenzyme A with the carboxy group of (3R,11Z)-3-hydroxyoctadecenoic acid. It is a long-chain fatty acyl-CoA, an unsaturated fatty acyl-CoA and a (R)-3-hydroxyacyl-CoA. It is a conjugate acid of a (3R,11Z)-3-hydroxyoctadecenoyl-CoA(4-)."
546,The molecule is a CMP-sugar having 3-deoxy-D-glycero-beta-D-galacto-nonulosonic acid as the sugar component. It has a role as a bacterial metabolite. It derives from a 3-deoxy-D-glycero-beta-D-galacto-nonulosonic acid. It is a conjugate acid of a CMP-3-deoxy-D-glycero-beta-D-galacto-nonulosonate(2-).,The molecule is a nucleotide-sugar oxoanion obtained by deprotonation of the carboxylic acid and phosphate functions of CMP-3-deoxy-D-glycero-beta-D-galacto-nonulosonic acid; major species at pH 7.3. It is a conjugate base of a CMP-3-deoxy-D-glycero-beta-D-galacto-nonulosonic acid.
547,"The molecule is a dimethylxanthine having the two methyl groups located at positions 1 and 7. It is a metabolite of caffeine and theobromine in animals. It has a role as a central nervous system stimulant, a human xenobiotic metabolite, a human blood serum metabolite and a mouse metabolite.","The molecule is a dimethylxanthine having the two methyl groups located at positions 3 and 7. A purine alkaloid derived from the cacao plant, it is found in chocolate, as well as in a number of other foods, and is a vasodilator, diuretic and heart stimulator. It has a role as an adenosine receptor antagonist, a food component, a plant metabolite, a human blood serum metabolite, a mouse metabolite, a vasodilator agent and a bronchodilator agent."
548,The molecule is an alkane that is dodecane substituted by methyl groups at positions 4 and 6. Metabolite observed in cancer metabolism. It has a role as a human metabolite. It derives from a hydride of a dodecane.,The molecule is an alkane that is undecane substituted by methyl groups at positions 4 and 6. It has a role as a human metabolite. It derives from a hydride of an undecane.
549,The molecule is a quinolizidine alkaloid that is lupanine bearing a hydroxy substituent at position 17. It is a quinolizidine alkaloid and a hemiaminal. It derives from a lupanine. It is a conjugate acid of a 17-hydroxylupanine(1+).,"The molecule is an organic cation that is the conjugate acid of 17-hydroxylupanine, arising from protonation of the hemiaminal nitrogen; major species at pH 7.3. It is an ammonium ion derivative and an organic cation. It is a conjugate acid of a 17-hydroxylupanine."
550,"The molecule is a glycine derivative whose structure comprises a glycine core carrying an N-[5-(p-nitrophenoxy)-5-oxopentanoyl] substituent. It is a glycine derivative, a C-nitro compound and a carboxylic ester.",The molecule is a glycine derivative in which a glycine core carries an N-{5-[(4-nitrobenzyl)amino]-5-oxopentanoyl} substituent. It has a role as an epitope. It is a glycine derivative and a C-nitro compound. It derives from a glutaric acid.
551,The molecule is an organic cation that is the conjugate acid of legionaminic acid obtained by protonation of both amino groups and deprotonation of the carboxy group; major species at pH 7.3. It is an organic cation and an ammonium ion derivative. It is a conjugate acid of a legionaminic acid.,The molecule is a ketoaldonic acid derivative that is beta-neuraminic acid in which the hydroxy groups at positions 7 and 9 are substituted by an amino group and hydrogen respectively. It is a ketoaldonic acid derivative and an amino sugar. It derives from a beta-neuraminic acid. It is a conjugate base of a legionaminate(1+).
552,"The molecule is a member of the class of 2-pyranones that is 2H-pyran-2-one substituted by a (2E)-1-hydroxybut-2-en-2-yl group at position 6, a hydroxymethyl group at position 5 and a methoxy group at position 4. It has been isolated from the solid-fermentation culture of Chaetomium globosum and has been shown to exhibit antibacterial activity. It has a role as an antibacterial agent and a Chaetomium metabolite. It is a member of 2-pyranones and a diol.","The molecule is a member of the class of 2-pyranones that is 2H-pyran-2-one substituted by a (2Z)-1-hydroxybut-2-en-2-yl group at position 6, a hydroxymethyl group at position 5 and a methoxy group at position 4. It has been isolated from the solid-fermentation culture of Chaetomium globosum and has been shown to exhibit antibacterial activity. It has a role as a Chaetomium metabolite and an antibacterial agent. It is a member of 2-pyranones and a diol."
553,The molecule is a 4-oxo monocarboxylic acid that is a synthetic musk fragrance and hydrophobic hapten with an indane core. It has a role as a hapten and a fragrance. It is a member of indanes and a 4-oxo monocarboxylic acid. It derives from a traseolide.,"The molecule is an indane derivative in which the indane skeleton is substituted by an ethyl group at C-2, geminal methyl groups at C-1, by a single methyl group at C-6, by an isopropyl group at C-3 and by a 3-carboxypropanoyl group at C-6. It is a member of indanes and a 4-oxo monocarboxylic acid."
554,The molecule is an alkane that is octane in which the two methylene hydrogens at position 3 have been replaced by methyl groups. It has a role as a bacterial metabolite and a plant metabolite. It is an alkane and a volatile organic compound.,The molecule is an alkane that is hexane in which the two methylene hydrogens at position 3 have been replaced by methyl groups.
555,"The molecule is a diterpenoid, a carbotricyclic compound and a monocarboxylic acid. It is a conjugate acid of an isopimarate. It derives from a hydride of an isopimara-7,15-diene.","The molecule is a pimarane diterpenoid that is (1S,4aS,4bS,7R,10aS)-1,4a,7-trimethyl-1,2,3,4,4a,4b,5,6,7,9,10,10a-dodecahydrophenanthrene carrying a carboxy group at position 1 and a vinyl group at position 7. It is a natural product found in several plant species. It has a role as a plant metabolite. It is a tricyclic diterpenoid, a monocarboxylic acid and a pimarane diterpenoid."
556,"The molecule is a monocarboxylic acid cation that is the conjugate acid of N-isovalerylglycine, obtained by deprotonation of the carboxy group; major species at pH 7.3. It has a role as a human urinary metabolite. It is a N-acylglycinate and a monocarboxylic acid cation. It is a conjugate acid of a N-isovalerylglycine.",The molecule is an N-acylglycine in which the acyl group is specified as isovaleryl. It has a role as a human urinary metabolite. It is a conjugate acid of a N-isovalerylglycinate.
557,The molecule is a benzochromenone that is alternariol in which the hydroxy group at position 9 has been converted into the corresponding methyl ether. A natural product found in Chaetomium globosum. It has a role as an antifungal agent and a fungal metabolite. It is a benzochromenone and an aromatic ether. It derives from an alternariol.,"The molecule is a benzochromenone that is 6H-benzo[c]chromen-6-one which is substituted by a methyl group at position 1 and by hydroxy groups at positions 3, 7, and 9. It is the most important mycotoxin produced by the black mould Alternaria species, which are the most common mycoflora infecting small grain cereals worldwide. It has a role as a metabolite, an EC 3.1.1.8 (cholinesterase) inhibitor and a mycotoxin. It is a benzochromenone and a member of phenols."
558,The molecule is an aminopyrimidine that is pyrimidin-4-amine substituted by a methyl group at position 2 and a diphosphooxymethyl group at position 5. It has a role as an Escherichia coli metabolite. It is an aminopyrimidine and an alkyl diphosphate. It is a conjugate acid of a 4-amino-2-methyl-5-diphosphonatooxymethylpyrimidine(3-).,"The molecule is a pyrimidinothiazolopyrimidine that is dihydrothiochrome diphosphate in which the hydrogen at position 9a has been replaced by a 2-hydroxyethyl group. It is a pyrimidinothiazolopyrimidine, an organic diphosphate and a secondary alcohol."
559,"The molecule is a triterpenoid that is ethane in which each carbon has been substituted by a (1R,4aR,6S,8aS)-6-hydroxy-5,5,8a-trimethyl-2-methylenedecahydronaphthalen-1-yl group. It has a role as a plant metabolite. It is a triterpenoid, a secondary alcohol, a diol and an olefinic compound.",The molecule is a triterpenoid of the class of onoceranoid-type terpenoids isolated from the twigs of Lansium domesticum. It has a role as a plant metabolite. It is a hydroxy monocarboxylic acid and a triterpenoid.
560,The molecule is a pyrimidone that is uracil with a methyl group at position 3. It has a role as a metabolite. It is a pyrimidone and a nucleobase analogue. It derives from a uracil.,The molecule is a pyrimidone that is uracil with a methyl group substituent at position 1. It has a role as a metabolite. It is a pyrimidone and a nucleobase analogue. It derives from a uracil.
561,"The molecule is a trihydroxyflavone that is flavone substituted by hydroxy groups at positions 5, 7 and 4', a methoxy group at position 6 and a 1-methylpyrrolidin-2-yl group at position 8. It has a role as a plant metabolite. It is a trihydroxyflavone, a monomethoxyflavone, a member of pyrrolidines and an alkaloid.","The molecule is a piperidine alkaloid that consists of 5,7-dihydroxyflavone attached to a 1-methylpiperindin-2-yl moiety at position 8. It is a flavonoid alkaloid isolated from Buchenavia capitata, and has been shown to exhibit anti-HIV activity. It has a role as a metabolite and an anti-HIV agent. It is a piperidine alkaloid and a dihydroxyflavone."
562,The molecule is a disaccharide derivative consisting of two 3-deoxy-alpha-D-manno-oct-2-ulopyranonosyl units joined via an alpha-(2->4)-linkage with an O-allyl group at the anomeric centre. It has a role as an antigen.,The molecule is a trisaccharide derivative consisting of three 3-deoxy-alpha-D-manno-oct-2-ulopyranonosyl units in a linear sequence with an O-allyl group at the anomeric centre. It has a role as an antigen.
563,"The molecule is a dinitrile that is tert-butylbenzene in which the hydrogen at the para- position is substituted by a 4,4-dicyano-2-methylbuta-1,3-dien-1-yl group (the trans isomer). It is used as a matrix in matrix-assisted laser desorption/ionization (MALDI) mass spectrometry. It has a role as a MALDI matrix material.","The molecule is a quinodimethane that is p-quinodimethane in which the methylidene hydrogens are replaced by cyano groups. It is an alicyclic compound, a nitrile and a quinodimethane. It derives from a p-quinodimethane."
564,"The molecule is a polyketide obtained by hydrolysis of the pyranone ring of monacolin L. It has a role as an Aspergillus metabolite. It is a dihydroxy monocarboxylic acid, a polyketide and a member of hexahydronaphthalenes. It derives from a monacolin L. It is a conjugate acid of a monacolin L carboxylate.","The molecule is a hydroxy monocarboxylic acid anion that is the conjugate base of monacolin L acid, obtained by deprotonation of the carboxy group; major species at pH 7.3. It is a conjugate base of a monacolin L acid."
565,"The molecule is an acyl-CoA(4-) that is the tetracation of lithocholyl-CoA, arising from deprotonation of phosphate and diphosphate functions; major species at pH 7.3. It is an acyl-CoA(4-) and a 3alpha-hydroxy bile acid CoA thioester(4-). It is a conjugate acid of a lithocholyl-CoA.",The molecule is a member of the class of choloyl-CoAs that results from the formal condensation of the thiol group of coenzyme A with the carboxy group of lithocholic acid. It has a role as a human metabolite. It derives from a lithocholic acid. It is a conjugate acid of a lithocholyl-CoA(4-).
566,"The molecule is an alpha,beta-unsaturated monocarboxylic acid, an omega-hydroxy fatty acid, a hydroxy monounsaturated fatty acid, a medium-chain fatty acid and a straight-chain fatty acid. It derives from a trans-2-dodecenoic acid.","The molecule is an (omega-1)-hydroxy fatty acid that is trans-undec-2-enoic acid in which the 10-pro-R hydrogen is replaced by a hydroxy group. It is a medium-chain fatty acid, an (omega-1)-hydroxy fatty acid, an alpha,beta-unsaturated monocarboxylic acid and a hydroxy monounsaturated fatty acid. It derives from a trans-undec-2-enoic acid."
567,"The molecule is a 7-hydroxyflavonol substituted by additional hydroxy groups at positions 5 and 3' and prenyl groups at positions 6, 8 and 4'. Isolated from the roots of Dorstenia psilurus, it exhibits alpha-glucosidase inhibitory activity. It has a role as a metabolite and an EC 3.2.1.20 (alpha-glucosidase) inhibitor.","The molecule is a 7-hydroxyflavonol substituted by additional hydroxy groups at positions 5 and 3', prenyl groups at positions 6 and 8 and a (2S)-2-hydroxy-3-methylbut-3-en-1-yl group at position 4'. Isolated from the roots of Dorstenia psilurus, it exhibits alpha-glucosidase inhibitory activity. It has a role as a metabolite and an EC 3.2.1.20 (alpha-glucosidase) inhibitor. It is a 7-hydroxyflavonol and a tetrahydroxyflavone."
568,The molecule is conjugate acid of 8(R)-HPETE arising from deprotonation of the carboxylic acid function. It is a HPETE cation and an 8-HPETE(1-). It is a conjugate acid of an 8(R)-HPETE. It is an enantiomer of an 8(S)-HPETE(1-).,"The molecule is the (R)-enantiomer of 8-HPETE. It derives from an icosa-5,9,11,14-tetraenoic acid. It is a conjugate acid of an 8(R)-HPETE(1-). It is an enantiomer of an 8(S)-HPETE."
569,The molecule is a chiral mycolic acid analogue comprising 3-hydroxypropanoic acid having a tetracosanyl group at position 2 and a further long-chain alkyl group containing cyclopropyl and hydroxy functions attached at position 3.,The molecule is a chiral mycolic acid analogue comprising 3-hydroxypropanoic acid having a tetracosanyl group at position 2 and a further long-chain alkyl group containing cyclopropyl and hydroxy functions attached at position 3.
570,"The molecule is a triterpenoid saponin with an arborinane-type terpenoid as the aglycone. It has been isolated from the roots of Rubia yunnanensis. It has a role as an antineoplastic agent and a plant metabolite. It is an acetate ester, a diol, a beta-D-glucoside, a pentacyclic triterpenoid, a triterpenoid saponin and a disaccharide derivative.","The molecule is a triterpenoid saponin with an arborinane-type terpenoid as the aglycone. It has been isolated from the roots of Rubia yunnanensis. It has a role as a plant metabolite. It is a beta-D-glucoside, an acetate ester, a diol, a disaccharide derivative, a pentacyclic triterpenoid and a triterpenoid saponin."
571,"The molecule is a member of the class of barbiturates, the structure of which is that of barbituric acid substituted at C-5 by ethyl and sec-pentyl groups. It has a role as a GABAA receptor agonist.","The molecule is a member of the class of barbiturates that is barbituric acid in which the hydrogens at position 5 are substituted by prop-2-en-1-yl and pentan-2-yl groups. It has a role as an anaesthesia adjuvant, a GABA modulator and a sedative. It derives from a barbituric acid. It is a conjugate acid of a secobarbital (1-)."
572,"The molecule is a member of the class of the class of phenylethanolamines that is (1S)-2-(methylamino)-1-phenylethan-1-ol in which the pro-S hydrogen at position 2 is replaced by a methyl group. It has a role as a sympathomimetic agent, an anti-asthmatic drug, a bronchodilator agent, a vasoconstrictor agent, a central nervous system drug, a nasal decongestant, a xenobiotic and a plant metabolite. It is a secondary alcohol, a secondary amino compound and a member of phenylethanolamines. It is a conjugate acid of a pseudoephedrine(1+).","The molecule is an organic cation obtained by protonation of the secondary amino function of (1R,2R)-pseudoephedrine; major species at pH 7.3. It is an enantiomer of a pseudoephedrine(1+)."
573,The molecule is an oligonucleotide comprised of eight thymidine residues connected via 3'->5' phosphodiester linkages. It has a role as an epitope. It contains a thymidine 5'-monophosphate residue.,"The molecule is a pyrimidine 2'-deoxyribonucleoside 3'-monophosphate that is the mono-(5-bromo-4-chloro-indol-3-yl) ester of thymidine 3'-phosphate. It has a role as a chromogenic compound. It is a bromoindole, a chloroindole and a pyrimidine 2'-deoxyribonucleoside 3'-monophosphate. It derives from a thymidine 3'-monophosphate."
574,The molecule is a teicoplanin A2 that has 8-methyldecanoyl as the variable N-acyl group. It has a role as a bacterial metabolite.,The molecule is a teicoplanin A2 that has 9-methyldecanoyl as the variable N-acyl group. It has a role as a bacterial metabolite.
575,"The molecule is the (R)-enantiomer of carnitine. It has a role as an antilipemic drug, a water-soluble vitamin, a vitamin, a nutraceutical, a nootropic agent and a Saccharomyces cerevisiae metabolite. It is a conjugate acid of a (R)-carnitinium. It is an enantiomer of a (S)-carnitine.",The molecule is a carnitinamide and an amino acid amide. It derives from a (R)-carnitine. It is an enantiomer of a (S)-carnitinamide.
576,"The molecule is a member of the class of maleimides that is the N-ethyl derivative of maleimide. It has a role as an EC 2.1.1.122 [(S)-tetrahydroprotoberberine N-methyltransferase] inhibitor, an EC 2.7.1.1 (hexokinase) inhibitor, an EC 1.3.1.8 [acyl-CoA dehydrogenase (NADP(+))] inhibitor and an anticoronaviral agent. It derives from a maleimide.",The molecule is a poly(ethylene glycol) derivative that is methoxypoly(ethylene glycol) in which the terminal hydroxy group has been converted to the corresponding 2-maleimidoethyl ether. Used particularly for the mPEGylation of free thiol groups in cysteine residues of proteins. It has a role as a reagent. It is a poly(ethylene glycol) derivative and a member of maleimides.
577,The molecule is a leukotriene cation that is the conjugate acid of 20-hydroxy-20-oxoleukotriene B4 arising from deprotonation of the carboxylic acid functions; major species at pH 7.3. It is a dicarboxylic acid dication and a leukotriene cation. It is a conjugate acid of a 20-hydroxy-20-oxoleukotriene B4.,"The molecule is a member of the class of leukotrienes that is leukotriene B4 in which the terminal methyl group has undergone formal oxidation to the corresponding carboxylic acid. It has a role as a human blood serum metabolite and a human urinary metabolite. It is a leukotriene, an alpha,omega-dicarboxylic acid and a hydroxy carboxylic acid. It derives from a leukotriene B4. It is a conjugate acid of a 20-hydroxy-20-oxoleukotriene B4(2-)."
578,"The molecule is an aromatic amide obtained by the formal condensation of the carboxy group of 1-(2,5-dimethylphenyl)benzimidazole-5-carboxylic acid with the amino group of 2-chlorobenzylamine. It is a member of benzimidazoles, an aromatic amide, a monocarboxylic acid amide and a member of monochlorobenzenes.","The molecule is a member of the class of benzimidazoles used widely in the treatment of hypertension. It has a role as an antihypertensive agent, an angiotensin receptor antagonist, an EC 3.4.15.1 (peptidyl-dipeptidase A) inhibitor, a xenobiotic and an environmental contaminant. It is a member of biphenyls, a member of benzimidazoles and a carboxybiphenyl."
579,The molecule is an organic cation that is the conjugate acid of phenazopyridine. It is an ammonium ion derivative and an organic cation. It is a conjugate acid of a phenazopyridine.,"The molecule is a diaminopyridine that is 2,6-diaminopyridine substituted at position 3 by a phenylazo group. A local anesthetic that has topical analgesic effect on mucosa lining of the urinary tract. Its use is limited by problems with toxicity (primarily blood disorders) and potential carcinogenicity. It has a role as a local anaesthetic, a non-narcotic analgesic, a carcinogenic agent and an anticoronaviral agent. It is a diaminopyridine and an azo compound. It is a conjugate base of a phenazopyridine(1+)."
580,"The molecule is a bisulfonated derivative of genistein. It derives from a genistein. It is a conjugate acid of a genistein 4',7-disulfate(2-).","The molecule is the conjugate base of genistin 4',6''-disulfate. It derives from a genistein 7-O-beta-D-glucoside. It is a conjugate base of a genistin 4',6''-disulfate."
581,The molecule is an ammonium ion resulting from the protonation of the tertiary amino group of (-)-vincadifformine. The major species at pH 7.3. It is a conjugate acid of a (-)-vincadifformine. It is an enantiomer of a (+)-vincadifformine(1+).,"The molecule is an aspidosperma alkaloid that is (5alpha,12beta,19alpha)-2,3-didehydroaspidospermidine which is substituted at position 3 by a methoxycarbonyl group. A natural product found in several species in the Apocynaceae (dogbane) family, including Alstonia spatulata. It has a role as a plant metabolite and an antiplasmodial drug. It is an Aspidosperma alkaloid, a methyl ester, an organic heteropentacyclic compound, an organonitrogen heterocyclic compound, a tertiary amino compound and a secondary amino compound. It is a conjugate base of a (-)-vincadifformine(1+). It is an enantiomer of a (+)-vincadifformine."
582,"The molecule is an acyl-CoA(4-) that is the tetracation of choloyl-CoA, arising from deprotonation of phosphate and diphosphate functions. It has a role as a human metabolite. It is a steroidal acyl-CoA(4-) and a 3alpha-hydroxy bile acid CoA thioester(4-). It is a conjugate acid of a choloyl-CoA.",The molecule is a steroidal acyl-CoA that results from the formal condensation of the thiol group of coenzyme A with the carboxy group of cholic acid. It derives from a cholic acid. It is a conjugate acid of a choloyl-CoA(4-).
583,"The molecule is a nucleoside that is one of the homologues in the mixture that is tunicamycin, characterised by a 15-methylhexadec-2-enoyl fatty acyl substituent on the amino group of the tunicamine moiety. It has a role as an antimicrobial agent.","The molecule is a nucleoside that is one of the homologues in the mixture that is tunicamycin, characterised by a 14-methylpentadec-2-enoyl fatty acyl substituent on the amino group of the tunicamine moiety. It has a role as an antimicrobial agent."
584,"The molecule is a 1,2-diacyl-sn-glycero-3-phospho-(1'-sn-glycerol)(1-) in which both acyl groups are specified as oleoyl. It is a 1,2-diacyl-sn-glycero-3-phospho-(1'-sn-glycerol)(1-) and a phosphatidylglycerol 36:2(1-). It is a conjugate acid of a 1,2-dioleoyl-sn-glycero-3-phospho-(1'-sn-glycerol).","The molecule is a 1,2-diacyl-sn-glycero-3-phospho-(1'-sn-glycerol) in which both acyl groups are specified as oleoyl. It derives from an oleic acid. It is a conjugate acid of a 1,2-dioleoyl-sn-glycero-3-phospho-(1'-sn-glycerol)(1-)."
585,"The molecule is a monounsaturated fatty acid that is (2E)-non-2-enoic acid in which one of the hydrogens at position 9 is replaced by a hydroxy group. It is an omega-hydroxy fatty acid, a medium-chain fatty acid, a straight-chain fatty acid, an alpha,beta-unsaturated monocarboxylic acid and a hydroxy monounsaturated fatty acid.","The molecule is an omega-hydroxy fatty acid that is trans-2-heptenoic acid in which one of the hydrogens of the terminal methyl group is replaced by a hydroxy group. It is an omega-hydroxy fatty acid, an alpha,beta-unsaturated monocarboxylic acid, a medium-chain fatty acid, a straight-chain fatty acid and a hydroxy monounsaturated fatty acid."
586,The molecule is an acyclic carotene commonly obtained from tomatoes and other red fruits. It has a role as an antioxidant and a plant metabolite. It contains a carotenoid. psi-end group.,"The molecule is a carotenol that is carotenol psi,psi-carotene substituted by a hydroxy group. It derives from a hydride of a lycopene."
587,"The molecule is a benzenetriol that is benzophenone in which one of the phenyl groups is substituted at by hydroxy groups at positions 2, 4, and 6. It is a benzenetriol and a hydroxybenzophenone. It is a conjugate acid of a 2,4,6-trihydroxybenzophenone(1-).","The molecule is a hydroxybenzophenone that is benzophenone which is substituted at the 2- and 4-positions of one of the benzene rings by hydroxy and methoxy groups respectively. It has a role as a dermatologic drug, a protective agent, an ultraviolet filter, a xenobiotic and an environmental contaminant. It is a hydroxybenzophenone and a monomethoxybenzene."
588,"The molecule is a prostaglandin carboxylic acid cation that is the conjugate acid of prostaglandin G3, obtained by deprotonation of the carboxy group; major species at pH 7.3. It is a conjugate acid of a prostaglandin G3.","The molecule is a member of the class of prostaglandins G that is 9,11-epidioxyprosta-5,13,17-trienoic acid carrying an additional hydroperoxy substituent at the 15S-position. It is a prostaglandins G, a peroxol and an olefinic compound. It is a conjugate acid of a prostaglandin G3(1-)."
589,"The molecule is a branched amino oligosaccharide that is a pentadecasaccharide comprising a linear trisaccharide of beta-D-mannose and two N-acetyl-beta-D-glucosamine residues all linked in sequence (1->4), to the mannosyl residue of which are linked an N-acetyl-beta-D-glucosaminyl residue [via a (1->4) linkage], an N-acetyl-alpha-neuraminyl-(2->3)-beta-D-galactosyl-(1->4)-N-acetyl-beta-D-glucosaminyl-(1->2)-[N-acetyl-alpha-neuraminyl-(2->3)-beta-D-galactosyl-(1->4)-N-acetyl-beta-D-glucosaminyl-(1->6)]-alpha-D-mannosyl branched heptasaccharide unit [linked (1->6)], and an N-acetyl-alpha-neuraminyl-(2->3)-beta-D-galactosyl-(1->4)-N-acetyl-beta-D-glucosaminyl-(1->2)-alpha-D-mannosyl linear tetrasaccharide unit [linked (1->3)]. It is a glucosamine oligosaccharide and an amino oligosaccharide.","The molecule is a branched amino oligosaccharide that is a tetradecasaccharide comprising a linear trisaccharide of beta-D-mannose and two N-acetyl-beta-D-glucosamine residues all linked in sequence (1->4), to the mannosyl residue of which are linked an N-acetyl-alpha-neuraminyl-(2->3)-beta-D-galactosyl-(1->3)-N-acetyl-beta-D-glucosaminyl-(1->2)-[N-acetyl-alpha-neuraminyl-(2->3)-beta-D-galactosyl-(1->3)-N-acetyl-beta-D-glucosaminyl-(1->6)]-alpha-D-mannosyl branched heptasaccharide unit [linked (1->6)], and an N-acetyl-alpha-neuraminyl-(2->3)-beta-D-galactosyl-(1->3)-N-acetyl-beta-D-glucosaminyl-(1->2)-alpha-D-mannosyl linear tetrasaccharide unit [linked (1->3)]. It is an amino oligosaccharide and a glucosamine oligosaccharide."
590,"The molecule is a galloyl-beta-D-glucose compound having four galloyl groups in the 1-, 2-, 3- and 6-positions. It is a gallate ester and a galloyl beta-D-glucose.","The molecule is a gallotannin obtained by acylation of the five hydroxy groups of D-glucose by 3,4-dihydroxy-5-[(3,4,5-trihydroxybenzoyl)oxy]benzoic acid (a gallic acid dimer). It has a role as a carcinogenic agent and a metabolite. It is a gallotannin, a D-glucoside and a monosaccharide derivative. It derives from a gallic acid."
591,"The molecule is a beta-D-glucosiduronate that is the conjugate acid of 2-methoxyacetaminophen glucuronide, obtained by deprotonation of the carboxy group; major species at pH 7.3. It has a role as a drug metabolite. It is a conjugate acid of a 2-methoxyacetaminophen glucuronide.","The molecule is a beta-D-glucosiduronic acid having a 6-bromo-3-[(2-methoxyphenyl)carbamoyl]naphthalen-2-yl substituent at the anomeric position. It has a role as a chromogenic compound. It is a beta-D-glucosiduronic acid, an organobromine compound, a naphthalenecarboxamide and an aromatic ether."
592,"The molecule is a dimethoxyflavone that is the 3,6-dimethyl ether derivative of quercetagetin. It has a role as a plant metabolite. It is a tetrahydroxyflavone and a dimethoxyflavone. It derives from a quercetagetin.","The molecule is a flavonoid oxoanion obtained by deprotonation of the 5-hydroxy group of 3',4',5,6-tetrahydroxy-3,7-dimethoxyflavone. It is the major microspecies at pH 7.3 (according to Marvin v 6.2.0.). It is a conjugate base of a 3',4',5,6-tetrahydroxy-3,7-dimethoxyflavone."
593,The molecule is dication of phosphoguanidinoacetic acid having cationic carboxylic acid and phosphoramido groups and a protonated imino group. It is a conjugate acid of a phosphoguanidinoacetic acid.,The molecule is a guanidinoacetate having a phospho group attached to the primary amino part of the guanidine moiety. It is a phosphoramide and a member of guanidinoacetic acids. It is a conjugate acid of a phosphonatoguanidiniumylacetate(2-).
594,"The molecule is a 1,2-diacyl-sn-glycero-3-phospho-(1'-sn-glycerol) in which the 1- and 2-acyl groups are specified as hexadecanoyl (palmitoyl) and octadecanoyl (stearoyl) respectively. It is a conjugate acid of a 1-hexadecanoyl-2-octadecanoyl-sn-glycero-3-phospho-(1'-sn-glycerol)(1-).","The molecule is a 1,2-diacyl-sn-glycero-3-phospho-(1'-sn-glycerol)(1-) in which the 1- and 2-acyl groups are specified as hexadecanoyl (palmitoyl) and octadecanoyl (stearoyl) respectively; major species at pH 7.3. It is a conjugate base of a 1-hexadecanoyl-2-octadecanoyl-sn-glycero-3-phospho-(1'-sn-glycerol)."
595,The molecule is a 1-hexanoyl-2-acyl-sn-glycero-3-phosphocholine in which the acyl group at position 2 is specified as heptanoyl. It is a phosphatidylcholine 13:0 and a 1-hexanoyl-2-acyl-sn-glycero-3-phosphocholine. It derives from a heptanoic acid and a hexanoic acid.,The molecule is a phosphatidylcholine 13:0 in which the acyl groups at positions 1 and 2 are specified as heptanoyl and hexanoyl respectively. It derives from a heptanoic acid and a hexanoic acid.
596,"The molecule is a urea that is the N-carbamoyl derivative of L-glutamic acid. An orphan drug used to treat a deficiency in the enzyme N-acetylglutamate synthase, which leads to acute hyperammonaemia. It has a role as an orphan drug and a carbamylphosphate synthetase I activator. It is a N-acyl-L-glutamic acid and a member of ureas.",The molecule is dianion of N(2)-succinyl-L-citrulline arsing from deprotonation of both carboxylic acid groups. It is a conjugate base of a N(2)-succinyl-L-citrulline.
597,"The molecule is a trehalose phosphate. It has a role as an Escherichia coli metabolite. It derives from an alpha,alpha-trehalose. It is a conjugate acid of an alpha,alpha-trehalose 6-phosphate(2-).","The molecule is dianion of alpha,alpha-trehalose 6-phosphate. It has a role as a Saccharomyces cerevisiae metabolite. It derives from an alpha,alpha-trehalose. It is a conjugate base of an alpha,alpha-trehalose 6-phosphate."
598,"The molecule is the monocarboxylic acid amide resulting from the formal condensation of the aryl amino group of 3-methyl-N-phenyl-1-(2-phenylethyl)piperidin-4-amine with propanoic acid. It has a role as an opioid analgesic, a mu-opioid receptor agonist and a sedative. It is a member of piperidines and a monocarboxylic acid amide.","The molecule is a tertiary amine in which the substituents on nitrogen are benzyl, phenyl and 3-(2-methylpropoxy)-2-(pyrrolidin-1-yl)propyl. It has a role as a vasodilator agent, an anti-arrhythmia drug, an antihypertensive agent and a calcium channel blocker. It is a tertiary amine and a member of pyrrolidines."
599,"The molecule is an ergostanoid that is (5alpha)-ergosta-8,24(28)-diene substituted by a beta-hydroxy group at position 3 and an oxo group at position 7. It has been isolated from Aspergillus ochraceus. It has a role as an Aspergillus metabolite. It is a 3beta-hydroxy steroid, a 7-oxo steroid and an ergostanoid. It derives from a hydride of a 5alpha-ergostane.","The molecule is an ergostanoid that is (5alpha)-ergosta-8,24(28)-diene substituted by hydroxy groups a positions 3 and 11 and an oxo group at position 7 (the 3beta,11alpha stereoisomer). It has been isolated from Aspergillus ochraceus. It has a role as an Aspergillus metabolite. It is a 3beta-hydroxy steroid, an 11alpha-hydroxy steroid, a 7-oxo steroid and an ergostanoid. It derives from a hydride of a 5alpha-ergostane."
600,"The molecule is a pentacyclic triterpenoid with formula C29H40O4, originally isolated from the root bark of Tripterygium regelii. It has a role as a plant metabolite and an apoptosis inducer. It is a pentacyclic triterpenoid, a monocarboxylic acid and a member of benzenediols.","The molecule is a pentacyclic triterpenoid with formula C29H42O4, originally isolated from Tripterygium sp. It has a role as a plant metabolite. It is a pentacyclic triterpenoid, a hydroxy monocarboxylic acid and a member of catechols."
601,"The molecule is a dioxolane that is 1,3-dioxolane substituted by a 1-phenylethyl group at position 2. It has a role as a metabolite. It is a dioxolane, a cyclic acetal and a member of benzenes. It derives from a hydride of a 1,3-dioxolane.","The molecule is a cyclic acetal resulting from the formal condensation of the aldehydic group of p-hydroxybenzaldehyde with the hydroxy groups of 1,2-epoxypropane-1,3-diol. Isolated from Pestalotiopsis mangiferae, an endophytic fungus associated with the mango (Mangifera indica), it shows potent antibacterial and antifungal activity against E. coli, Bacillus subtilis, Klebsiella pneumoniae, Micrococcus luteus, Pseudomonas aeruginosa and Candida albicans. It has a role as an antifungal agent and a fungal metabolite. It is an oxabicycloalkane, a member of phenols, a cyclic acetal and an epoxide."
602,"The molecule is a tetrapeptide composed of L-tryptophan, L-methione, L-aspartic acid and L-phenylalaninamide residues joined in sequence. It has a role as an anxiogenic and a human metabolite. It is a tetrapeptide and a peptidyl amide.","The molecule is an eight-membered oligopeptide consisting of Asp, Tyr, Met, Gly, Trp, Met, As and Phe-NH2 residues joined in sequence. It has a role as a human metabolite, a rat metabolite and a mouse metabolite. It is an oligopeptide and a peptidyl amide."
603,The molecule is a fatty alcohol that is undecane substituted by a hydroxy group at position 1. It has a role as a metabolite. It is a fatty alcohol and a primary alcohol.,The molecule is a fatty alcohol consisting of a hydroxy function at C-1 of an unbranched saturated chain of ten carbon atoms. It has a role as a metabolite and a protic solvent. It is a primary alcohol and a fatty alcohol.
604,"The molecule is a nitro fatty acid that is (9E)-octadec-9-enoic (elaidic) acid substituted by a nitro group at position 9. It has a role as a human metabolite. It is a long-chain fatty acid, a monounsaturated fatty acid and a nitro fatty acid. It derives from an elaidic acid.","The molecule is a nitro fatty acid that is (9E)-octadec-9-enoic (elaidic) acid substituted by a nitro group at position 10. It has a role as a human metabolite. It is a long-chain fatty acid, a nitro fatty acid and a monounsaturated fatty acid. It derives from an elaidic acid."
605,The molecule is a D-hexopyranose 6-phosphate that is the 6-monophospho derivative of 2-deoxy-D-glucopyranose. It is a conjugate acid of a 2-deoxy-D-glucopyranose 6-phosphate(2-).,The molecule is an organophosphate oxoanion resulting from the deprotonation of the phosphate OH groups of 2-deoxy-D-glucopyranose 6-phosphate; major species at pH 7.3. It is a conjugate base of a 2-deoxy-D-glucopyranose 6-phosphate.
606,"The molecule is a monocarboxylic acid amide that results from the formal condensation of the carboxylic acid group of biotin with the N(6)-amino group of L-lysine. It has a role as a mouse metabolite. It is an azabicycloalkane, a thiabicycloalkane, a member of ureas, a monocarboxylic acid amide, a non-proteinogenic L-alpha-amino acid and a L-lysine derivative. It derives from a biotin.",The molecule is an amino acid amide formed by amidation of the carboxy function of biocytin: a fluorogenic reagent for specific C-terminal labelling of peptides and proteins by carboxypeptidase Y catalyzed transpeptidation reactions. It derives from a biocytin.
607,"The molecule is a 1-phosphatidyl-1D-myo-inositol 5-phosphate in which both phosphatidyl acyl groups are specified as octanoyl. It is a 1-phosphatidyl-1D-myo-inositol 5-phosphate and an octanoate ester. It is a conjugate acid of a 1,2-dioctanoyl-sn-glycero-3-phospho-(1'D-myo-inositol-5'-phosphate)(3-).","The molecule is a 1-phosphatidyl-1D-myo-inositol 5-phosphate(3-) arising from deprotonation of the phosphate OH groups of 1,2-dioctanoyl-sn-glycero-3-phospho-(1'D-myo-inositol-5'-phosphate); major species at pH 7.3. It is a conjugate base of a 1,2-dioctanoyl-sn-glycero-3-phospho-(1'-myo-inositol-5'-phosphate)."
608,"The molecule is a dihydroxydocosahexaenoate that is the conjugate acid of (4Z,7Z,10Z,12E,14R,16Z,19Z,21S)-dihydroxydocosahexaenoic acid, obtained by deprotonation of the carboxy group; major species at pH 7.3. It is a conjugate acid of a (4Z,7Z,10Z,12E,14R,16Z,19Z,21S)-dihydroxydocosahexaenoic acid. It is an enantiomer of a (4Z,7Z,10Z,12E,14S,16Z,19Z,21R)-dihydroxydocosahexaenoate.","The molecule is a dihydroxydocosahexaenoic acid that is (4Z,7Z,10Z,12E,16Z,19Z)-docosahexaenoic acid in which the two hydroxy substituents are located at the 14R- and 21S-positions. It has a role as a human xenobiotic metabolite. It is a dihydroxydocosahexaenoic acid and a secondary allylic alcohol. It is a conjugate acid of a (4Z,7Z,10Z,12E,14R,16Z,19Z,21S)-dihydroxydocosahexaenoate. It is an enantiomer of a (4Z,7Z,10Z,12E,14S,16Z,19Z,21R)-dihydroxydocosahexaenoic acid."
609,"The molecule is a sterol 3-beta-D-glucoside resulting from the formal condensation of the hydroxy group of campesterol with beta-D-glucopyranose. Found in cloves, common wheat, and peaches. It is a monosaccharide derivative and a sterol 3-beta-D-glucoside. It derives from a campesterol.","The molecule is a steroid saponin that is sitosterol attached to a beta-D-glucopyranosyl residue at position 3 via a glycosidic linkage. It has bee isolated from Panax japonicus var. major and Breynia fruticosa. It has a role as a plant metabolite. It is a steroid saponin, a beta-D-glucoside and a monosaccharide derivative. It derives from a sitosterol. It derives from a hydride of a stigmastane."
610,"The molecule is a HETE that consists of arachidonic acid bearing an additional hydroxy substituent at position 16. It is a HETE and a secondary allylic alcohol. It derives from an icosa-5,8,11,14-tetraenoic acid. It is a conjugate acid of a 16-HETE(1-).","The molecule is a HETE anion that is the conjugate base of 16-HETE, arising from deprotonation of the carboxy group; major species at pH 7.3. It is a conjugate base of a 16-HETE."
611,The molecule is a heparan composed of a backbone of repeating alpha-L-iduronosyl-(1->4)-alpha-D-glucosamine units joined by (1->4)-linkages. It derives from a L-idopyranuronic acid. It is a tautomer of a heparosan L-iduronic acid cation.,The molecule is a zwitterion derived from heparosan L-iduronic acid. It is the major microspecies at pH 7.3 (according to Marvin v 6.2.0.). It is a tautomer of a heparosan L-iduronic acid.
612,"The molecule is an hydroperoxy(hydroxy)icosatetraenoate that is the conjugate acid of (5S,6R)-dihydroxy-(15S)-hydroperoxy-(7E,9E,11Z,13E)-icosatetraenoic acid; major species at pH 7.3. It is a conjugate acid of a (5S,6R)-dihydroxy-(15S)-hydroperoxy-(7E,9E,11Z,13E)-icosatetraenoic acid.","The molecule is a hydroperoxy(hydroxy)icosatetraenoic acid that is (7E,9E,11Z,13E)-icosatetraenoic acid carrying 2 hydroxy substituents at positions 5S and 6R as well as a hydroperoxy substituent at position 15S. It is a secondary allylic alcohol, a diol and a hydroperoxy(hydroxy)icosatetraenoic acid. It is a conjugate acid of a (5S,6R)-dihydroxy-(15S)-hydroperoxy-(7E,9E,11Z,13E)-icosatetraenoate."
613,"The molecule is a bianthracene homodimer composed of two nataloe-emodin moieties linked by an aryl-aryl bond. It is a secondary metabolite isolated from the fungal tomato pathogen Cladosporium fulvum. It has a role as a biological pigment and a fungal metabolite. It is a trihydroxyanthraquinone, a polyphenol and a member of bianthracenes. It derives from a nataloe-emodin. It is a conjugate acid of a cladofulvin(2-).","The molecule is a phenolate anion that is the dianion of cladofulvin, obtained from the deprotonation of the 6 and 7'-hydroxy groups. Major species at pH 7.3. It is a conjugate base of a cladofulvin."
614,The molecule is a glycophytoceramide having an alpha-D-galactopyranosyl residue at the O-1 position and a 10-phenyldecanoyl group attached to the nitrogen. It derives from an alpha-D-galactose.,The molecule is a glycophytoceramide having an alpha-D-galactopyranosyl residue at the O-1 position and an 11-phenylundecanoyl group attached to the nitrogen. It derives from an alpha-D-galactose.
615,The molecule is a polyunsaturated oxo fatty acid cation that is the conjugate acid of 15-oxo-EDE. It is an organic molecular entity and an oxo fatty acid cation. It is a conjugate acid of a 15-oxoEDE.,"The molecule is an oxoeicosadienoic acid that consists of 11Z,13E-oxoeicosadienoic acid with the oxo substituent located at position 15. It has a role as a metabolite. It is an OxoEDE and an enone. It derives from a 15-HEDE. It is a conjugate acid of a 15-oxo-EDE(1-)."
616,"The molecule is an acyl-CoA oxocation that is the pentacation of tetradecanedioyl-CoA, arising from deprotonation of the phosphate, diphosphate and carboxylic acid functions; major species at pH 7.3. It is a conjugate acid of a tetradecanedioyl-CoA.",The molecule is an acyl-CoA resulting from the formal condensation of the thiol group of coenzyme A with one of the two carboxy groups of tetradecanedioic acid. It derives from a tetradecanedioic acid. It is a conjugate acid of a tetradecanedioyl-CoA(5-).
617,"The molecule is a carbohydrate acid derivative cation that is HP_dp02_0008 [alpha-Delta4,5-UA(2S)-(1->4)-alpha-D-GlcpNS] in which the carboxy, sulfamic acid, and sulfooxy groups have undergone deprotonation. It is an organic sulfamate oxocation, an organosulfate oxocation and a carbohydrate acid derivative cation. It is a conjugate acid of a HP_dp02_0008.","The molecule is an unsaturated heparin disaccharide that is 2-deoxy-2-(sulfoamino)-alpha-D-glucopyranose in which the hydroxy group at position 4 has been glycosylated by a 4-deoxy-2-O-sulfo-alpha-L-threo-hex-4-enopyranosiduronic acid moiety. Sequence: DUA2S-GlcNS. It is an oligosaccharide sulfate, an unsaturated heparin disaccharide and a member of sulfamic acids. It is a conjugate acid of a HP_dp02_0008(3-)."
618,"The molecule is a pyridopyrimidine that is used (as its dimethyl sulfoxide addition compound) for the treatment of patients with unresectable or metastatic melanoma with BRAF V600E or V600K mutations, and who have not received prior BRAF inhibitor treatment. It has a role as an EC 2.7.11.24 (mitogen-activated protein kinase) inhibitor, an antineoplastic agent and an anticoronaviral agent. It is a pyridopyrimidine, an organofluorine compound, an organoiodine compound, a member of acetamides, a ring assembly, a member of cyclopropanes and an aromatic amine.","The molecule is an addition compound obtained by combining equimolar amounts of trametinib and dimethyl sulfoxide. Used for the treatment of patients with unresectable or metastatic melanoma with BRAF V600E or V600K mutations, and who have not received prior BRAF inhibitor treatment. It has a role as an antineoplastic agent and an EC 2.7.11.24 (mitogen-activated protein kinase) inhibitor. It contains a dimethyl sulfoxide and a trametinib."
619,"The molecule is an oxindole that is 5-amino-oxindole in which the 5-amino group has undergone formal condensation with the carboxy group of 3-(piperidin-1-yl)propanoic acid to give the corresponding carboxamide and in which the hydrogens at position 3 have been replaced by a (5-methoxy-1H-indol-3-yl)methylene group (Z configuration). It is an inhibitor of extracellular signal-regulated kinase (ERK) dimerisation. It has a role as an ERK dimerisation inhibitor and an antineoplastic agent. It is a member of piperidines, a member of oxindoles, an enamide and a secondary carboxamide.","The molecule is a member of the class of oxindoles that is 3-methyleneoxindole in which one of the hydrogens of the methylene group has been replaced by a p-(dimethylamino)phenyl group. SU 4312 is a vascular endothelial growth factor (VEGF) receptor protein tyrosine kinase 1/2 and platelet derived growth factor (PDGF) receptor inhibitor. It also inhibits the neuronal nitric oxide synthase (NOS) and exhibits neuroprotection against NO-mediated neurotoxicity. It has a role as an angiogenesis inhibitor, an antineoplastic agent and a vascular endothelial growth factor receptor antagonist. It is a member of oxindoles, a tertiary amino compound and a substituted aniline."
620,"The molecule is an alpha,omega-dicarboxylic acid that is hexanedioic acid containing a double bond between positions 2 and 3, an oxo group at position 4, and two chlorine atoms (at positions 2 and 5). It is an oxo dicarboxylic acid, an alpha,omega-dicarboxylic acid and an organochlorine compound. It derives from a 4-oxohex-2-enedioic acid. It is a conjugate acid of a 2,5-dichloro-4-oxohex-2-enedioate(2-).","The molecule is an oxo dicarboxylate obtained by deprotonation of both carboxy groups of 2,5-dichloro-4-oxohex-2-enedioic acid. It derives from a 4-oxohex-2-enedioate. It is a conjugate base of a 2,5-dichloro-4-oxohex-2-enedioic acid."
621,"The molecule is a steroid saponin that is 4-methylergosta-7,24(28)-dien-21-oic acid attached to an acetyloxy group at position 2, and a alpha-L-quinovopyranosyloxy group at position 3 (the 2alpha,3beta,4alpha,5alpha stereoisomer). It has been isolated from the roots of Breynia fruticosa. It has a role as a plant metabolite. It is a steroid acid, a steroid saponin, a steroid ester, a deoxyglucose derivative, a monosaccharide derivative, an acetate ester and a monocarboxylic acid.","The molecule is a steroid saponin that is ergosta-7,24(28)-diene substituted by a hydroxy group at position 2, a methyl group at position 4, a carboxy group at position 21 and a alpha-L-quinovopyranosyloxy group at position 3 (the 2alpha,3beta,4alpha,5alpha stereoisomer). It has been isolated from the roots of Breynia fruticosa. It has a role as a plant metabolite. It is a steroid acid, a steroid saponin, a deoxyglucose derivative, a monosaccharide derivative and a monocarboxylic acid."
622,"The molecule is an enamide resulting from the formal condensation of the carboxy group of (Z)-11-methyldodec-2-enoic acid with the amino group of cyclopropylamine. It is an enamide, a fatty amide and a secondary carboxamide. It derives from a cyclopropylamine.",The molecule is a hydroxamic acid resulting from the formal condensation of the carboxy group of (Z)-11-methyldodec-2-enoic acid with the nitrogen of hydroxylamine.
623,"The molecule is a tetrapyrrole fundamental parent that is obtained by formal hydrogenation across the 2,3-double bond of porphyrin. It is a tetrapyrrole fundamental parent and a member of chlorins.","The molecule is a member of the class of tripyrroles that is a red-coloured pigment with antibiotic properties produced by Serratia marcescens. It has a role as an antimicrobial agent, a biological pigment, a bacterial metabolite, an apoptosis inducer and an antineoplastic agent. It is a tripyrrole, an aromatic ether and a ring assembly."
624,"The molecule is a cyclohexenecarboxylic acid that is 1-cyclohexene-1-carboxylic acid carrying three hydroxy substituents at positions 3, 4 and 5. It has a role as a bacterial metabolite. It is an alpha,beta-unsaturated monocarboxylic acid, a cyclohexenecarboxylic acid and a hydroxy monocarboxylic acid.",The molecule is the conjugate base of trans-4-hydroxycyclohexanecarboxylic acid; major species at pH 7.3. It derives from a cyclohexanecarboxylate. It is a conjugate base of a trans-4-hydroxycyclohexanecarboxylic acid.
625,The molecule is an organic sulfamate oxocation that is the conjugate acid of (3Z)-dec-3-en-1-ylsulfamic acid. It has been isolated from Daphnia pulex and has been shown to cause morphological changes in the green alga Scenedesmus gutwinskii. It has a role as a kairomone and a Daphnia pulex metabolite. It is a conjugate acid of a (3Z)-dec-3-en-1-ylsulfamic acid.,The molecule is a member of the class of sulfamic acids that is sulfamic acid in which one of the amino hydrogens has been replaced by a (3Z)-dec-3-en-1-yl group. It has a role as a kairomone and a Daphnia pulex metabolite. It is a conjugate acid of a (3Z)-dec-3-en-1-ylsulfamate.
626,"The molecule is a dibenzooxepine that is dibenzo[b,e]oxepin-11(6H)-one substituted by hydroxy groups at positions 1, 6 and 10, a methyl group at position 8, a prenyl group at position 4 and a prenyloxy group at position 7. Isolated from Aspergillus, it exhibits antibacterial activity. It has a role as an antibacterial agent and an Aspergillus metabolite. It is a dibenzooxepine, a cyclic ketone, a polyphenol and a lactol.","The molecule is an organic heterotetracyclic compound that is 1,12a-dihydrochromeno[4,5-bc][1]benzoxepin-7(2H)-one substituted by a hydroxy group at position 8, a 2-hydroxypropan-2-yl group at position 1, a methyl group at position 4 and a prenyl group at position 9. Isolated from Aspergillus, it exhibits inhibitory activity against hepatitis C protease. It has a role as a hepatitis C protease inhibitor and an Aspergillus metabolite. It is an organic heterotetracyclic compound, a cyclic ketone, a polyphenol, a cyclic ether and a tertiary alcohol."
627,"The molecule is a member of the class of barbiturates, the structure of which is that of barbituric acid substituted at C-5 by ethyl and sec-pentyl groups. It has a role as a GABAA receptor agonist.","The molecule is a member of the class of barbiturates, the structure of which is that of barbituric acid substituted at C-5 by two ethyl groups. Formerly used as a hypnotic (sleeping aid). It has a role as a drug allergen."
628,The molecule is an alkylglycerol that is glycerol in which the hydrogen of one of the primary hydroxy groups has been replaced by a dodecyl group. It is an alkylglycerol and a glycol. It derives from a dodecan-1-ol.,The molecule is a glycerol ether in which a single 2-methylphenyl group is attached at position 1 of glycerol via an ether linkage. It is an aromatic ether and a glycerol ether. It derives from an o-cresol.
629,The molecule is a 9-ribosylzeatin having trans-zeatin as the nucleobase. It has a role as a plant metabolite and a cytokinin. It is a nucleoside analogue and a 9-ribosylzeatin. It derives from an adenosine.,The molecule is an N-glycosylzeatin that is zeatin in which the hydrogen attached to the nitrogen at position 9 of the adenine moiety is replaced by a beta-D-ribofuranosyl group. It has a role as a cytokinin. It is a N-glycosylzeatin and a member of adenosines. It derives from a N-ribosyl-N(6)-isopentenyladenine.
630,"The molecule is a cyclodepsipeptide isolated from Jaspis splendens and has been shown to exhibit antineoplastic activity. It has a role as an antineoplastic agent, an apoptosis inducer, an animal metabolite and a marine metabolite. It is a cyclodepsipeptide and a member of phenols.","The molecule is a cyclodepsipeptide isolated from Jaspis splendens. A derivative of jaspamide, it exhibits anti-tumour activity. It has a role as an antineoplastic agent, an animal metabolite and a marine metabolite. It is a cyclodepsipeptide, an organobromine compound and a macrocycle."
631,"The molecule is a phenylalanine derivative resulting from the formal condensation of the amino group of L-phenylalanine with the carboxy group of (3R)-8-hydroxy-3-methyl-1-oxo-3,4-dihydro-1H-2-benzopyran-7-carboxylic acid. Ochratoxin B differs from the more naturally abundant ochratoxin A in the absence of the dihydroisocoumarin chlorine atom. It has cytotoxic effects on kidney and liver cells in vitro but only minor effects in vivo, due to its rapid metabolism and excretion. It inhibits cell proliferation of human liver HepG2 cells at doses as low as 1 mug/ ml but lacks the genotoxic activity of ochratoxin A, even at higher concentrations. It has a role as an Aspergillus metabolite, a Penicillium metabolite, a mycotoxin and a calcium channel blocker. It is a phenylalanine derivative, a N-acyl-L-phenylalanine and a member of isochromanes.","The molecule is a phenylalanine derivative resulting from the formal condensation of the amino group of L-phenylalanine with the carboxy group of (3R)-5-chloro-8-hydroxy-3-methyl-1-oxo-3,4-dihydro-1H-2-benzopyran-7-carboxylic acid (ochratoxin alpha). It is among the most widely occurring food-contaminating mycotoxins, produced by Aspergillus ochraceus, Aspergillus carbonarius and Penicillium verrucosum. It has a role as a calcium channel blocker, a mycotoxin, a nephrotoxin, a carcinogenic agent, a teratogenic agent, an Aspergillus metabolite and a Penicillium metabolite. It is a phenylalanine derivative, an organochlorine compound, a member of isochromanes, a monocarboxylic acid amide and a N-acyl-L-phenylalanine. It derives from an ochratoxin alpha."
632,"The molecule is an amino tetrasaccharide consisting of alpha-fucosyl, N-acetyl-beta-galactosaminyl, N-acetyl-beta-glucosaminyl and alpha-galactose residues joined in a linear sequence. It has a role as an epitope.",The molecule is a branched amino pentasaccharide consisting of an alpha-D-Gal residue at the reducing end having an alpha-L-Fuc-(1->3)-beta-D-GalNAc-(1->4)-[alpha-L-Fuc-(1->3)]-beta-D-GlcNAc moiety attached at the 3-position. It has a role as an epitope.
633,The molecule is an aldonolactone phosphate that is the 6-phosphate ester of L-ascorbic acid. It derives from a L-ascorbic acid. It is a conjugate acid of a L-ascorbate 6-phosphate(3-).,The molecule is an organophosphate oxoanion that is the trianion formed from L-ascorbic acid 6-phosphate by deprotonation of the 3-hydroxy group and of both hydroxy groups of the phosphate function; principal species at pH 7.3. It is a carbohydrate acid derivative anion and an organophosphate oxoanion. It is a conjugate base of a L-ascorbic acid 6-phosphate.
634,"The molecule is a member of the juvenile hormone family of compounds obtained by formal hydrolysis of the methyl ester group of juvenile hormone I. It is an epoxy fatty acid, a juvenile hormone, an olefinic fatty acid, a polyunsaturated fatty acid and a branched-chain fatty acid. It is a conjugate acid of a juvenile hormone I carboxylate.","The molecule is a C16 polyunsaturated fatty acid that is the (10R,11S)-epoxy derivative of trideca-2,6-dienoic acid. It is a long-chain fatty acid, a polyunsaturated fatty acid, an epoxy fatty acid and an alpha,beta-unsaturated monocarboxylic acid. It derives from a trideca-2,6-dienoic acid. It is a conjugate acid of a (2E,6E,10R,11S)-10,11-epoxy-3,7,11-trimethyltrideca-2,6-dienoate."
635,The molecule is a C20 dihydroceramide in which the ceramide N-acyl group is specified as tetradecanoyl (myristoyl). It is a C20 dihydroceramide and a Cer(d34:0).,"The molecule is a dihydroceramide in which the ceramide N-acyl group is specified as hexadecanoyl (palmitoyl). It has a role as a mouse metabolite. It is a N-acylsphinganine, a Cer(d34:0) and a N-palmitoyl-sphingoid base. It derives from a hexadecanoic acid."
636,"The molecule is an acetate ester that is phenylacetate substituted by an acetyl group at position 4 and a methoxy group at position 2 respectively. It is a member of acetophenones, a monomethoxybenzene and a member of phenyl acetates.",The molecule is a methyl ketone that is acetophenone substituted by an acetoxy group at position 4. It is a member of acetophenones and a member of phenyl acetates. It derives from an acetophenone.
637,The molecule is a chlorophenylmethane that is methane in which two of the hydrogens have been replaced by p-chlorophenyl groups. It is a member of monochlorobenzenes and a chlorophenylmethane. It derives from a hydride of a diphenylmethane.,The molecule is a dichlorobiphenyl carrying chloro groups at positions 4 and 4' respectively. It is a dichlorobiphenyl and a member of monochlorobenzenes.
638,"The molecule is an amido disaccharide fragment which mimicks the terminus of the O-polysaccharide of Vibrio cholerae O:1, serotype Ogawa (PDB entry: 1F4Y). It has a role as an epitope. It is a methyl glycoside and an amino disaccharide. It derives from an alpha-D-mannose.","The molecule is an N-acyl-hexosamine that is the methyl alpha-glycoside of the terminal moiety, and presumed antigenic determinant, of the O-specific polysaccharide of Vibrio cholerae O:1, serotype Ogawa. It has a role as an epitope. It is a N-acyl-hexosamine and a methyl mannoside. It derives from an alpha-D-mannose."
639,The molecule is an amino acid cation obtained by transfer of a proton from the carboxy to the amino group of N(5)-acetylornithine; major species at pH 7.3. It is a tautomer of a N(5)-acetylornithine.,"The molecule is a member of the class of beta-amino acids that is the N(6)-acetyl derivative of 3,6-diaminohexanoic acid. It is a beta-amino acid and a member of acetamides. It derives from a hexanoic acid. It is a conjugate acid of a 6-acetamido-3-aminohexanoate. It is a tautomer of a 6-acetamido-3-aminohexanoic acid zwitterion."
640,"The molecule is a 9,10-epoxy-18-hydroxyoctadecanoic acid in which the chiral centres at positions 9 and 10 have S- and R-configuration respectively. It is a conjugate acid of a (9S,10R)-9,10-epoxy-18-hydroxyoctadecanoate. It is an enantiomer of a (9R,10S)-9,10-epoxy-18-hydroxyoctadecanoic acid.","The molecule is a 9,10-epoxy-18-hydroxyoctadecanoate that is the conjugate base of (9S,10R)-9,10-epoxy-18-hydroxyoctadecanoic acid arising from deprotonation of the carboxylic acid function; major species at pH 7.3. It is a conjugate base of a (9S,10R)-9,10-epoxy-18-hydroxyoctadecanoic acid. It is an enantiomer of a (9R,10S)-9,10-epoxy-18-hydroxyoctadecanoate."
641,"The molecule is a pentacyclic triterpenoid of the class of arborinane-type terpenoids isolated from the roots of Rubia yunnanensis. It has a role as an antineoplastic agent, an antimicrobial agent and a plant metabolite. It is a pentacyclic triterpenoid, an acetate ester and a triol.","The molecule is a pentacyclic triterpenoid that is rubiarbonol A in which the hydroxy group at position 7 is replaced by an acetyloxy group. It has been isolated from the roots of Rubia yunnanensis. It has a role as a plant metabolite. It is a pentacyclic triterpenoid, a triol and an acetate ester. It derives from a rubiarbonol A."
642,The molecule is an alkylamine having isobutyl as the alkyl group. It has been isolated from Sambucus nigra (Elderberry). It has a role as a plant metabolite. It is a conjugate acid of a 2-methylpropanaminium.,The molecule is a primary aliphatic ammonium ion that is the conjugate acid of 2-methylpropanamine. It is a conjugate acid of a 2-methylpropanamine.
643,The molecule is a hydroperoxy fatty acid that is alpha-linolenic acid having a single hydroperoxy substituent located at the 2R-position. It is a hydroperoxyoctadecatrienoic acid and a (2R)-hydroperoxy fatty acid. It derives from an alpha-linolenic acid. It is a conjugate acid of a (R)-2-hydroperoxy-alpha-linolenate.,"The molecule is a hydroperoxy fatty acid anion that is the conjugate base of (R)-2-hydroperoxy-alpha-linolenic acid, obtained by deprotonation of the carboxy group; major species at pH 7.3. It is a long-chain fatty acid anion, a polyunsaturated fatty acid anion, a hydroperoxyoctadecatrienoate, a hydroperoxy polyunsaturated fatty acid anion and a (2R)-2-hydroperoxy fatty acid anion. It derives from an alpha-linolenate. It is a conjugate base of a (R)-2-hydroperoxy-alpha-linolenic acid."
644,The molecule is a nucleotide-sugar oxocation that is the trication of UDP-N-acetylmuramoyl-L-alanyl-gamma-D-glutamyl-N(6)-(L-alanyl)-L-lysyl-D-alanyl-D-alanine having cationic diphosphate and carboxy groups and a cationic amino group. It is a peptide cation and a nucleotide-sugar oxocation. It is a conjugate acid of an UDP-N-acetylmuramoyl-L-alanyl-D-glutamyl-N(6)-(L-alanyl)-L-lysyl-D-alanyl-D-alanine.,The molecule is trianion of UDP-N-acetylmuramoyl-L-alanyl-D-glutamyl-N(6)-(L-alanyl)-L-lysyl-D-alanyl-D-alanine having anionic diphosphate and carboxy groups and a cationic amino group. It is a peptide anion and a nucleotide-sugar oxoanion.
645,The molecule is an organic cation obtained by protonation of the five amino groups of N(4)-aminopropylspermine. It has a role as a bacterial metabolite. It is an ammonium ion derivative and an organic cation. It is a conjugate acid of a N(4)-aminopropylspermine.,"The molecule is a polyazaalkane that is spermine in which the amino hydrogen at postion 4 is replaced by a 3-aminopropyl group It has a role as a bacterial metabolite. It is a polyazaalkane, a primary amino compound and a tertiary amino compound. It derives from a spermine. It is a conjugate acid of a N(4)-aminopropylspermine(5+)."
646,"The molecule is an organic sodium salt that is the monosodium salt of avibactam. Used in combination with ceftazidime pentahydrate for the treatment of complicated urinary tract infections including pyelonephritis. It has a role as an EC 3.5.2.6 (beta-lactamase) inhibitor, an antibacterial drug and an antimicrobial agent. It contains an avibactam(1-).","The molecule is an organosulfate oxoanion that is the conjugate base of avibactam, obtained by deprotonation of the sulfo group. It is a conjugate base of an avibactam."
647,The molecule is a ceramide obtained by formal condensation of the carboxy group of hexacosanoic acid with the amino group of 14-methylhexadecasphinganine. It is a metabolite of the nematode Caenorhabditis elegans. It has a role as a Caenorhabditis elegans metabolite. It is a ceramide and a N-(very-long-chain fatty acyl)-sphingoid base. It derives from a hexacosanoic acid.,The molecule is a dihydroceramide obtained by formal condensation of the carboxy group of pentacosanoic acid with the amino group of 14-methylhexadecasphinganine. It is a metabolite of the nematode Caenorhabditis elegans. It has a role as a Caenorhabditis elegans metabolite. It derives from a pentacosanoic acid.
648,"The molecule is an organic sodium salt resulting from the replacement of the proton from the carboxy group of (3S,5R)-fluvastatin by a sodium ion. It is an organic sodium salt and a statin (synthetic). It contains a (3S,5R)-fluvastatin(1-). It is an enantiomer of a (3R,5S)-fluvastatin sodium.","The molecule is an organic sodium salt resulting from the replacement of the proton from the carboxy group of (3R,5S)-fluvastatin by a sodium ion. It is an organic sodium salt and a statin (synthetic). It contains a (3R,5S)-fluvastatin(1-). It is an enantiomer of a (3S,5R)-fluvastatin sodium."
649,"The molecule is an acyl-CoA(4-) oxocation arising from deprotonation of the phosphate and diphosphate OH groups of 3-oxochola-4,22-dien-24-oyl-CoA; major species at pH 7.3. It is a conjugate acid of a 3-oxochola-4,22-dien-24-oyl-CoA.","The molecule is a steroidal acyl-CoA that results from the formal condensation of the thiol group of coenzyme A with the carboxy group of 3-oxochola-4,22-dien-24-oic acid. It is a conjugate acid of a 3-oxochola-4,22-dien-24-oyl-CoA(4-)."
650,"The molecule is an organic cation that is the conjugate acid of 3-hydroxyquinine, formed via protonation of the tertiary amino group; major species at pH 7.3. It is an organic cation and an ammonium ion derivative. It is a conjugate acid of a 3-hydroxyquinine.",The molecule is a cinchona alkaloid. It derives from a quinine and a quinine(1+). It is a conjugate base of a 3-hydroxyquininium.
651,The molecule is an L-alanine derivative consisting of an N-acetyl-D-muramoyl group attached to L-alanine via an amide linkage. It is a glyco-amino acid and a L-alanine derivative. It is a conjugate acid of a N-acetyl-D-muramoyl-L-alaninate.,The molecule is the carbohydrate acid derivative anion formed by loss of a proton from the carboxy group of N-acetyl-D-muramoyl-L-alanine; principal microspecies at pH 7.3. It is a hydroxy monocarboxylic acid anion and a carbohydrate acid derivative anion. It is a conjugate base of a N-acetyl-D-muramoyl-L-alanine.
652,The molecule is an organic cation obtained by protonation of GGTI-2133 free base. It is an ammonium ion derivative and an organic cation. It is a conjugate acid of a GGTI-2133 free base.,"The molecule is an N-acyl-L-amino acid obtained by condensation of the carboxy group of 4-{[(imidazol-4-yl)methyl]amino}-2-(naphthalen-1-yl)benzoic acid with the amino group of L-leucine. An inhibitor of geranylgeranyltransferase type I. It has a role as an EC 2.5.1.59 (protein geranylgeranyltransferase type I) inhibitor. It is a L-leucine derivative, a N-acyl-L-amino acid, a member of naphthalenes, a biaryl, a member of imidazoles, a member of benzamides, a substituted aniline and a secondary amino compound. It is a conjugate base of a GGTI-2133 free base(1+)."
653,"The molecule is an organic cation that is the conjugate acid of 4-hydroxycoumarin, obtained by deprotonation of the 4-hydroxy group. It is the major microspecies at pH 7.3 (according to Marvin v 6.2.0.). It is a conjugate acid of a 4-hydroxycoumarin.",The molecule is a hydroxycoumarin that is coumarin in which the hydrogen at position 4 is replaced by a hydroxy group. It is a conjugate acid of a 4-hydroxycoumarin(1-).
654,The molecule is a 3beta-sterol having a 5alpha-ergostane skeleton with a methylidene group at C-24 and double bonds at the C-8 and C-24(28) positions. It has a role as a Saccharomyces cerevisiae metabolite. It derives from a hydride of a 5alpha-ergostane.,"The molecule is a 3beta-sterol that is 5alpha-cholestane-3beta-ol having double bonds at the 8,9- and 14,15- positions. It derives from a hydride of a 5alpha-cholestane."
655,The molecule is a fluorohydrocarbon that is fluoroform in which the hydrogen is substituted by a phenyl group. It has a role as a solvent and an environmental contaminant. It is a fluorohydrocarbon and a member of (trifluoromethyl)benzenes. It derives from a fluoroform.,The molecule is a member of the class of (trifluoromethyl)benzenes that is p-cresol in which the methyl group is perfluorinated. It is a metabolite of the drug fluoxetine. It has a role as a marine xenobiotic metabolite and a drug metabolite. It is a member of phenols and a member of (trifluoromethyl)benzenes. It derives from a (trifluoromethyl)benzene and a p-cresol.
656,"The molecule is the conjugate acid of 1,4,5,6-tetrahydro-6-oxonicotinic acid; major species at pH 7.3. It is a conjugate acid of a 1,4,5,6-tetrahydro-6-oxonicotinic acid.","The molecule is a 4-oxo monocarboxylic acid and an alpha,beta-unsaturated monocarboxylic acid. It derives from a nicotinic acid. It is a conjugate acid of a 1,4,5,6-tetrahydro-6-oxonicotinate."
657,"The molecule is a member of the class of benzaldehydes carrying methoxy and hydroxy substituents at positions 3 and 4 respectively. It has a role as a plant metabolite, a flavouring agent, an antioxidant and an anticonvulsant. It is a member of phenols, a monomethoxybenzene and a member of benzaldehydes.","The molecule is a hydroxybenzaldehyde that is benzaldehyde substituted with a hydroxy group at position C-4. It has a role as a plant metabolite, a mouse metabolite and an EC 1.14.17.1 (dopamine beta-monooxygenase) inhibitor."
658,"The molecule is a cholestanoid that is cholest-4-en-3-one which has been substituted by hydroxy groups at the 7alpha, 12alpha, and 26 positions. It is an intermediate in bile acid metabolism. It has a role as a bile acid metabolite. It is a 7alpha-hydroxy steroid, a 12alpha-hydroxy steroid, a 26-hydroxy steroid, a 3-oxo steroid, a cholestanoid and a C27-steroid.","The molecule is a 7alpha-hydroxy steroid, a 12alpha-hydroxy steroid, a 24-hydroxy steroid and a 3-oxo-Delta(4) steroid. It has a role as a bile acid metabolite."
659,"The molecule is a carbohydrate acid derivative cation that is the conjugate acid of cytosylglucuronic acid, obtained by deprotonation of the carboxy group. It has a role as a bacterial metabolite. It is a conjugate acid of a cytosylglucuronic acid.","The molecule is an N-glycosyl compound that is cytosine in which the proton at position 1 is replaced by a beta-D-glucuronosyl residue. It has a role as a bacterial metabolite. It is a N-glycosyl compound, a nucleobase-containing molecular entity, a carbohydrate acid derivative and a monosaccharide derivative. It derives from a cytosine and a beta-D-glucuronic acid. It is a conjugate acid of a cytosylglucuronate."
660,"The molecule is a saturated organic heteromonocyclic parent that is cyclopentadecane in which the carbon atoms at positions 1, 4, 7, 10 and 13 have been replaced by oxygen atoms to give a crown ether. It is a crown ether and a saturated organic heteromonocyclic parent.",The molecule is the hydroxypolyether that is tetratriacontaethylene glycol in which one of the hydroxy groups is substituted by methoxy. It derives from a tetratriacontaethylene glycol.
661,"The molecule is an organic tricyclic compound that is 1H-phenalen-1-one which is substituted by hydroxy groups at positions 3,4,7, and 9, by a methoxy group at position 2, and by a methyl group at position 6. It is a collagenase inhibitor produced by Aspergillus niger. It has a role as an EC 3.4.24.3 (microbial collagenase) inhibitor and an Aspergillus metabolite. It is an organic tricyclic compound, an enone and a member of phenols. It derives from a hydride of a phenalene.","The molecule is a carbotricyclic compound that is funalenone in which the methoxy group at position 2 has been demethylated to the corresponding hydroxy derivative. It is a carbotricyclic compound, a member of phenols and an enone. It is a conjugate acid of a 2,3,4,7,9-pentahydroxy-6-methyl-1H-phenalen-1-one(1-). It derives from a hydride of a phenalene."
662,The molecule is a multi-methyl-branched fatty acyl-CoA(4-) obtained by deprotonation of phosphate and diphosphate functions of (2S)-pristanoyl-CoA; major species at pH 7.3. It is a conjugate acid of a (2S)-pristanoyl-CoA.,The molecule is a multi-methyl-branched fatty acyl-CoA(4-) obtained by deprotonation of phosphate and diphosphate functions of (2R)-pristanoyl-CoA; major species at pH 7.3 It is a conjugate base of a (2R)-pristanoyl-CoA.
663,"The molecule is a member of morpholines, an anthracycline antibiotic, a primary alpha-hydroxy ketone and a tertiary alpha-hydroxy ketone. It derives from a doxorubicin.","The molecule is a member of morpholines, a nitrile, a primary alpha-hydroxy ketone and a tertiary alpha-hydroxy ketone. It has a role as an antineoplastic agent. It derives from a doxorubicin."
664,The molecule is a fatty acid-taurine conjugate derived from nervonic acid. It derives from a (15Z)-tetracosenoic acid. It is a conjugate acid of a N-nervonoyltaurine(1-).,The molecule is a fatty acid-taurine conjugate obtained by deprotonation of the sulfonate group of N-nervonoyltaurine; major species at pH 7.3. It is a conjugate base of a N-nervonoyltaurine.
665,"The molecule is the conjugate acid of 7,8-dihydroxykynurenic acid; major species at pH 7.3. It is a conjugate acid of a 7,8-dihydroxykynurenic acid.","The molecule is a hydroxyquinoline that is kynurenic acid in which the hydrogens at positions 7 and 8 are replaced by hydroxy groups. It is a quinolinemonocarboxylic acid and a hydroxyquinoline. It derives from a kynurenic acid. It is a conjugate acid of a 7,8-dihydroxykynurenate."
666,"The molecule is a linear amino trisaccharide comprising an N,9-O-diacetyl-alpha-neuraminyl residue (2->6)-linked to a beta-D-galactosyl residue, which is in turn linked (1->4) to N-acetyl-beta-D-glucosamine. It is an amino trisaccharide and a glucosamine oligosaccharide.",The molecule is an amino trisaccharide consisting of a 9-deoxy-9-acetamido-N-acetyl-alpha-neuraminyl residue attached to the galactose residue of N-acetyllactosamine via an alpha-(2->6)-linkage. It has a role as an epitope. It is an amino trisaccharide and a glucosamine oligosaccharide.
667,"The molecule is a cyclosporin A derivative that is cyclosporin A metabolite M17 in which the hydroxy group at position 3 of residue 1 [(2S,3R,4R,6E)-3,8-dihydroxy-4-methyl-2-(methylamino)oct-6-enamide] has undergone addition to the double bond at position 6 to afford the corresponding dioxolane ring. It has a role as a drug metabolite. It is a cyclosporin A derivative and a member of oxolanes. It derives from a cyclosporin A metabolite M17.","The molecule is a cyclosporin A derivative that is cyclosporin A metabolite M18 in which the 2-hydroxyethyl substituent of the dioxolane ring has been oxidised to give the corresponding aldehyde. It has a role as a drug metabolite. It is a cyclosporin A derivative, a member of oxolanes and an aldehyde. It derives from a cyclosporin A metabolite M18."
668,The molecule is a dipeptide formed L-leucine and L-valine residues. It has a role as a metabolite. It derives from a L-leucine and a L-valine.,The molecule is a dipeptide formed from two L-valine residues. It has a role as a Mycoplasma genitalium metabolite. It derives from a L-valine.
669,"The molecule is a pyranone that is (2S)-2-methyl-4-oxo-4-{[(4-oxo-4H-pyran-3-yl)carbonyl]amino}butanoic acid substituted by a benzyl group at position 6. It has been isolated from Aspergillus niger. It has a role as an Aspergillus metabolite. It is a dicarboximide, a monocarboxylic acid and a member of 4-pyranones.",The molecule is a monocarboxylic acid amide that is 4H-pyran-3-carboxamide substituted by an oxo group at position 4 and a benzyl group at position 6. It has been isolated from Aspergillus niger and Aspergillus carbonarius. It has a role as an antineoplastic agent and an Aspergillus metabolite. It is a monocarboxylic acid amide and a member of 4-pyranones.
670,"The molecule is the L-enantiomer of isoleucinate. It has a role as an Escherichia coli metabolite, a Saccharomyces cerevisiae metabolite and a plant metabolite. It is an isoleucinate and a L-alpha-amino acid cation. It is a conjugate acid of a L-isoleucine. It is an enantiomer of a D-isoleucinate.","The molecule is the L-enantiomer of isoleucine. It has a role as a Saccharomyces cerevisiae metabolite, an Escherichia coli metabolite, a plant metabolite, a human metabolite, an algal metabolite and a mouse metabolite. It is an aspartate family amino acid, a proteinogenic amino acid, an isoleucine and a L-alpha-amino acid. It is a conjugate base of a L-isoleucinium. It is a conjugate acid of a L-isoleucinate. It is an enantiomer of a D-isoleucine. It is a tautomer of a L-isoleucine zwitterion."
671,"The molecule is a tricarboxylic acid trication resulting from the deprotonation of all three carboxy groups of (2S,3R)-3-hydroxybutane-1,2,3-tricarboxylic acid. It has a role as a human metabolite and a Saccharomyces cerevisiae metabolite. It is a tricarboxylic acid trication and a 3-hydroxybutane-1,2,3-tricarboxylate. It is a conjugate acid of a (2S,3R)-3-hydroxybutane-1,2,3-tricarboxylic acid.","The molecule is a 3-hydroxybutane-1,2,3-tricarboxylic acid which has (2S,3R) configuration. It has a role as an Escherichia coli metabolite. It is a conjugate acid of a (2S,3R)-3-hydroxybutane-1,2,3-tricarboxylate."
672,The molecule is a branched amino hexasaccharide consisting of a D-glucose residue which carries an N-acetyl-beta-D-glucosaminyl-(1->3)-alpha-D-galactosyl-(1->4)-beta-D-glucosyl unit linked (1->6) and an N-acetyl-alpha-neuraminyl-(2->3)-beta-D-galactosyl unit linked (1->4).,The molecule is a branched amino hexasaccharide consisting of a D-glucosyl residue beta-linked to a 3-aminopropyl group and which carries an N-acetyl-beta-D-glucosaminyl-(1->3)-alpha-D-galactosyl-(1->4)-beta-D-glucosyl unit linked (1->6) and an N-acetyl-alpha-neuraminyl-(2->3)-beta-D-galactosyl unit linked (1->4). Its conjugation to the carrier protein CRM197 elicits an immune response to type III Group B Streptococcus (GBSIII) indicating that it may suffice as a synthetic vaccine antigen. It is an amino hexasaccharide and a glycoside. It derives from a beta-D-GlcpNAc-(1->3)-beta-D-Galp-(1->4)-beta-D-Glcp-(1->6)-[alpha-Neup5Ac-(2->3)-beta-D-Galp-(1->4)]-beta-D-GlcpNAc.
673,"The molecule is an organic heteropentacyclic compound that is (5R)-5-ethyl-5-hydroxy-8-(quinolin-3-ylmethyl)-1,4,5,8-tetrahydrooxepino[3,4-c]pyridine-3,9-dione in which position 7 of the oxepinopyridine group has been joined to position 2 of the quinoline ring by a single bond. A semisynthetic analogue of camptothecin, it is an inhibitor of topoisomerase I. It has a role as an EC 5.99.1.2 (DNA topoisomerase) inhibitor and an antineoplastic agent. It is an organic heteropentacyclic compound, an epsilon-lactone, an organonitrogen heterocyclic compound and a tertiary alcohol.","The molecule is an organic heteropentacyclic compound that is (5R)-8-[(6,7-difluoroquinolin-3-yl)methyl]-5-ethyl-5-hydroxy-1,4,5,8-tetrahydrooxepino[3,4-c]pyridine-3,9-dione in which position 7 of the oxepinopyridine moiety is joined to position 3 of the difluoroquinoine ring by a single bond. An E-ring modified camptothecin analogue that has greater lactone stability in plasma compared with other topoisomerase I inhibitors. It has a role as an EC 5.99.1.2 (DNA topoisomerase) inhibitor and an antineoplastic agent. It is an organic heteropentacyclic compound, an organofluorine compound, a tertiary alcohol, an epsilon-lactone and an organonitrogen heterocyclic compound. It derives from a (R)-homocamptothecin."
674,The molecule is a UDP-N-acetyl-D-mannosaminouronate in which the anomeric centre of the pyranose fragment has alpha-configuration. It is a conjugate acid of an UDP-N-acetyl-alpha-D-mannosaminouronate(3-).,The molecule is a nucleotide-sugar oxoanion arising from deprotonation of the carboxy and diphosphate OH groups of UDP-N-acetyl-beta-D-mannosaminouronic acid; major species at pH 7.3. It is a nucleotide-sugar oxoanion and a carbohydrate acid derivative anion. It is a conjugate base of an UDP-N-acetyl-beta-D-mannosaminouronic acid.
675,The molecule is a beta-D-glucoside that is the 2-aminoethyl glycoside of a disaccharide consisting of beta-D-glucosyl and beta-D-glucuronosyl residues linked (1->4). It is a beta-D-glucoside and a disaccharide derivative.,The molecule is a beta-D-glucoside that is the 2-aminoethyl glycoside of a disaccharide consisting of beta-D-glucuronosyl and beta-D-glucosyl residues linked (1->4). It is a beta-D-glucoside and a disaccharide derivative.
676,The molecule is an N-{1-[(naphthalen-2-yl)amino]-1-oxo-3-phenylpropan-2-yl}benzamide that is the amide obtained by formal condensation of the carboxy group of N-benzoyl-L-phenylalanine with the amino group of 2-aminonaphthalene. It has a role as a chromogenic compound. It is a N-{1-[(naphthalen-2-yl)amino]-1-oxo-3-phenylpropan-2-yl}benzamide and a L-phenylalanine derivative. It is an enantiomer of a N-benzoyl-D-phenylalanine 2-naphthylamide.,The molecule is an N-(2-naphthyl)carboxamide obtained by formal condensation of the carboxy group of N-benzoyl-L-leucine with the amino group of 2-naphthylamine. It has a role as a chromogenic compound. It is a N-(2-naphthyl)carboxamide and a L-phenylalanine derivative.
677,The molecule is an N-acyl-1-O-beta-D-glucosyl-15-methylhexadecasphing-4-enine in which the acyl group has 25 carbons and 0 double bonds. It derives from a 15-methylhexadecasphing-4-enine.,The molecule is an N-acyl-1-O-beta-D-glucosyl-15-methylhexadecasphing-4-enine in which the acyl group has 24 carbons and 0 double bonds. It derives from a 15-methylhexadecasphing-4-enine.
678,"The molecule is a lignan with a dibenzocyclooctadiene skeleton isolated from Kadsura ananosma. It has a role as a metabolite and a plant metabolite. It is an aromatic ether, a secondary alcohol, an acetate ester, a lignan, an organic heterotetracyclic compound and an oxacycle.","The molecule is a lignan with a dibenzocyclooctadiene skeleton isolated from Kadsura ananosma. It has a role as a metabolite and a plant metabolite. It is an acetate ester, an aromatic ether, a lignan, an organic heterotetracyclic compound, an oxacycle and a secondary alcohol."
679,The molecule is a member of the class of furans that is furan substituted by an octyl group at position 2. It has a role as a metabolite. It derives from a hydride of a furan.,The molecule is a member of the class of furans that is furan substituted by a 2-ethoxy-1-methoxyethyl group at position 2. It has a role as a metabolite.
680,The molecule is lipid IVA glycosylated with two 3-deoxy-D-manno-octulosonic acid (KDO) residues. It has a role as an Escherichia coli metabolite. It is a conjugate acid of a (KDO)2-lipid IVA(6-).,The molecule is (KDO)2-lipid IVA deprotonated at both phosphono groups and at the uronic acid carboxy groups. It is the major species at pH 7.3. It is a conjugate base of a (KDO)2-lipid IVA.
681,"The molecule is a member of coumarins. It derives from a coumarin. It is a conjugate acid of a 6,8-difluoro-4-methylumbelliferyl phosphate (2-).","The molecule is major microspecies at pH 7.3 It derives from a coumarin. It is a conjugate base of a 6,8-difluoro-4-methylumbelliferyl phosphate."
682,"The molecule is a ceramide obtained by formal condensation of the carboxy group of tetracosanoic acid with the amino group of 14-methylhexadecasphingosine. It is a metabolite of the nematode Caenorhabditis elegans. It has a role as a Caenorhabditis elegans metabolite. It is a ceramide, a Cer(d41:1) and a N-(very-long-chain fatty acyl)-sphingoid base. It derives from a 14-methylhexadecasphingosine and a tetracosanoic acid.","The molecule is a ceramide obtained by formal condensation of the carboxy group of hexacosanoic acid with the amino group of 14-methylhexadecasphingosine. It is a metabolite of the nematode Caenorhabditis elegans. It has a role as a Caenorhabditis elegans metabolite. It is a ceramide, a Cer(d43:1) and a N-(very-long-chain fatty acyl)-sphingoid base. It derives from a 14-methylhexadecasphingosine and a hexacosanoic acid."
683,"The molecule is a tripeptide composed of L-glutamine, L-lysine, and L-arginine units joined in sequence by peptide linkages. It has a role as a metabolite.","The molecule is a tripeptide resulting from the formal condensation of the carboxy group of N(5)-[amino(sulfoamino)phosphoryl]-L-ornithine with the N-terminal amino group of L-alanyl-L-arginine. A toxin produced by cultured Pseudomonas syringae, the causal agent of halo blight disease in bean plants. It has a role as a bacterial metabolite, an antineoplastic agent and an EC 2.1.3.3 (ornithine carbamoyltransferase) inhibitor. It is a tripeptide and a member of guanidines. It derives from a sulfamic acid."
684,The molecule is an ammonium betaine in which the the ammonium nitrogen is substituted by two amino groups and a lauramidopropyl group. It is the major (>50%) component of cocamidopropyl betaine. It has a role as a surfactant.,"The molecule is an ammonium betaine that is beta-alaninate in which one of the amino hydrogens is replaced by a trimethylamino group. A clinically used cardioprotective drug that is used for treatment of heart failure, myocardial infarction, arrhythmia, atherosclerosis and diabetes. It has a role as a cardioprotective agent, a neuroprotective agent and an EC 1.14.11.1 (gamma-butyrobetaine dioxygenase) inhibitor."
685,"The molecule is an oxime O-ether consisting of progesterone having an O-(carboxymethyl)oxime group at the 3-position. It is an oxime O-ether, a 20-oxo steroid and a monocarboxylic acid. It derives from a progesterone.","The molecule is an oxime O-ether consisting of progesterone having an O-(carboxymethyl)oxime group at the 3-position and a hydroxy group at the 17alpha-position. It is a monocarboxylic acid, a 20-oxo steroid, an oxime O-ether, a 17alpha-hydroxy steroid and a tertiary alpha-hydroxy ketone. It derives from a progesterone 3-O-(carboxymethyl)oxime."
686,The molecule is a disaccharide derivative consisting of two 3-deoxy-alpha-D-manno-oct-2-ulopyranonosyl units joined via an alpha-(2->4)-linkage with an O-allyl group at the anomeric centre. It has a role as an antigen.,The molecule is a disaccharide derivative consisting of two 3-deoxy-alpha-D-manno-oct-2-ulopyranonosyl units joined via an alpha-(2->8)-linkage with an O-allyl group at the anomeric centre. It has a role as an antigen.
687,"The molecule is a diterpene lactone isolated from the whole plants of Ajuga ciliata. It has a role as a plant metabolite. It is an acetate ester, a butenolide, a diterpene lactone, an enoate ester and a spiro-epoxide.","The molecule is a diterpene lactone isolated from the whole plants of Ajuga ciliata. It has a role as a plant metabolite. It is an acetate ester, a butenolide, a diterpene lactone, an enoate ester and a spiro-epoxide."
688,"The molecule is an ergot alkaloid that is ergoline substituted by a 2-methylbut-3-en-2-yl group at position 2 and methyl groups at positions 6 and 8 (the 8beta stereoisomer). It is isolated from an endophytic fungus, Aspergillus fumigatus, and exhibits potent cytotoxicity against human leukemia cells (K562). It has a role as an antineoplastic agent and an Aspergillus metabolite. It derives from a fumigaclavine C. It derives from a hydride of an ergoline.","The molecule is an alkaloid that is the 6,8beta-dimethyl derivative of ergoline. It is a conjugate base of a festuclavine(1+). It derives from a hydride of an ergoline."
689,"The molecule is an azaspiro compound that is 1,3,8-triazaspiro[4.5]decane which is substituted at positions 1, 4, and 8 by phenyl, oxo, and 4-(p-fluorophenyl)-4-oxobutyl groups, respectively. It has a role as a dopaminergic antagonist, a serotonergic antagonist, an alpha-adrenergic antagonist, an antipsychotic agent and a psychotropic drug. It is an organofluorine compound, an azaspiro compound, a member of piperidines, a tertiary amino compound and an aromatic ketone.","The molecule is an azaspiro compound that consists of 1,3,8-triazaspiro[4.5]decan-4-one having a phenyl group attached to N-1 and a 3-(4-fluorophenoxy)propyl attached to N-8. Selective 5-HT antagonist, which binds to 5-HT2 sites as potently as spiperone but has lower affinity for 5-HT2C receptors. Also a high affinity D2 receptor antagonist (Ki = 3 nM). Lacks the disruptive effect of spiperone on animal behaviour. It has a role as a dopaminergic antagonist and a serotonergic antagonist. It is an azaspiro compound, an organofluorine compound, an aromatic ether, a tertiary amino compound and a member of piperidines."
690,"The molecule is the 5,10-methenyl derivative of tetrahydrofolic acid arising from enzymatic cyclisation of 5-formyltetrahydrofolic acid. It has a role as an Escherichia coli metabolite and a mouse metabolite. It derives from a (6R)-5,10-methylenetetrahydrofolic acid. It is a conjugate acid of a (6R)-5,10-methenyltetrahydrofolate.","The molecule is a dicarboxylic acid anion arising from deprotonation of both carboxylic acid functions of (6R)-5,10-methenyltetrahydrofolic acid. It has a role as a human metabolite and a Saccharomyces cerevisiae metabolite. It is a dicarboxylic acid anion and a tetrahydrofolate. It is a conjugate base of a (6R)-5,10-methenyltetrahydrofolic acid."
691,"The molecule is a linear trisaccharide comprising two L-glycero-alpha-D-manno-heptose residues and a 3-deoxy-alpha-D-manno-oct-2-ulosonic acid (2-keto-3-deoxy-alpha-D-mannooctanoic acid, alpha-Kdo) residue in a (1->3), (1->5) sequence.","The molecule is a linear tetrasaccharide comprising three L-glycero-alpha-D-manno-heptose residues and a 3-deoxy-alpha-D-manno-oct-2-ulosonic acid (2-keto-3-deoxy-alpha-D-mannooctanoic acid, alpha-Kdo) residue in a (1->7), (1->3), (1->5) sequence."
692,"The molecule is a compound of iron and sulfate in which the ratio of iron(2+) to sulfate ions is 1:1. Various hydrates occur naturally - most commonly the heptahydrate, which loses water to form the tetrahydrate at 57℃ and the monohydrate at 65℃. It has a role as a reducing agent. It is a metal sulfate and an iron molecular entity. It contains an iron(2+).","The molecule is a hydrate that is the monohydrate form of iron(2+) sulfate. It is obtained from the heptahydrate by heating above 65℃. It is used as a source of iron in the treatment of iron-deficiency anaemia (generally in solid-dosage treatments; for liquid-dosage treatments, the heptahydrate is normally used). It has a role as a nutraceutical, an anti-anaemic agent and a reducing agent. It is a hydrate and an iron molecular entity. It contains an iron(2+) sulfate (anhydrous)."
693,"The molecule is a beta-D-glucoside in which a beta-D-glucopyranosyl residue is attached at position 4' of 2',4,4',6'-tetrahydroxychalcone via a glycosidic linkage. It derives from a 2',4,4',6'-tetrahydroxychalcone. It is a conjugate acid of a 2',4,4',6'-tetrahydroxychalcone 4'-O-beta-D-glucoside(1-).","The molecule is a monosaccharide derivative that is trans-chalcone substituted by hydroxy groups at positions 4, 4' and 6 and a beta-D-glucopyranosyloxy group at position 2' respectively. It has a role as a plant metabolite and an antioxidant. It is a member of chalcones, a member of resorcinols, a beta-D-glucoside and a monosaccharide derivative. It derives from a trans-chalcone."
694,"The molecule is an azaphilone that is 9,9a-dihydro-6H-furo[2,3-h]isochromene-6,8(6aH)-dione substituted by a chloro group at position 5, a 3-hydroxy-2-methylbutanoyl group at position 9, a methyl group at position 6a and a 3-methylpent-1-en-1yl group at position 3. It has been isolated from Chaetomium globosum. It has a role as a Chaetomium metabolite. It is a beta-hydroxy ketone, a gamma-lactone, an azaphilone, an enone, an organic heterotricyclic compound, an organochlorine compound and a secondary alcohol.","The molecule is an azaphilone that is the 12beta-hydroxy derivative of chaetoviridin C. It has been isolated from Chaetomium globosum. It is a beta-hydroxy ketone, a gamma-lactone, an azaphilone, an enone, an organic heterotricyclic compound, an organochlorine compound and a secondary alcohol. It derives from a chaetoviridin C."
695,The molecule is a 1-(phosphoribosyl)imidazole having the phospho group at the 5'-position and a carboxyamino group at the 5-position on the imidazole ring. It has a role as an Escherichia coli metabolite. It derives from a carbamic acid. It is a conjugate acid of a 5-carboxylatoamino-1-(5-O-phosphonato-D-ribosyl)imidazole(3-).,The molecule is trianion of 5-carboxyamino-1-(5-phospho-D-ribosyl)imidazole arising from deprotonation of phosphate and carbamic acid functions. It is a conjugate base of a 5-carboxyamino-1-(5-phospho-D-ribosyl)imidazole.
696,The molecule is a metal sulfate in which the metal component is manganese in the +2 oxidation state. It has a role as a nutraceutical. It is a metal sulfate and a manganese molecular entity. It contains a manganese(2+).,"The molecule is a metal sulfate with formula BaO4S. Virtually insoluble in water at room temperature, it is mostly used as a component in oil well drilling fluid it occurs naturally as the mineral barite. It has a role as a radioopaque medium. It is a barium salt and a metal sulfate."
697,The molecule is a 2-oxo monocarboxylic acid that is the 2-keto derivative of propionic acid. It is a metabolite obtained during glycolysis. It has a role as a fundamental metabolite and a cofactor. It derives from a propionic acid. It is a conjugate acid of a pyruvate.,"The molecule is a 2-oxo monocarboxylic acid anion that is the conjugate base of pyruvic acid, arising from deprotonation of the carboxy group. It has a role as a fundamental metabolite and a cofactor. It derives from a propionate. It is a conjugate base of a pyruvic acid."
698,"The molecule is a oxo fatty acid that is the 2-oxo derivative of palmitic (hexadecanoic) acid. It is an oxo fatty acid, a long-chain fatty acid and a straight-chain fatty acid. It derives from a hexadecanoic acid.",The molecule is a 2-oxo monocarboxylic acid anion resulting from the removal of the proton from the carboxy group of 2-oxooctadecanoic acid (stearic acid). The major species at pH 7.3. It derives from an octadecanoate. It is a conjugate base of a 2-oxooctadecanoic acid.
699,"The molecule is a tetrahydroxyflavanone that is (2S)-flavanone substituted by hydroxy groups at positions 5, 7, 4' and 5', a geranyl group at position 3' and a prenyl group at position 6. Isolated from Schizolaena hystrix, it exhibits cytotoxicity against ovarian cancer cell line. It has a role as a metabolite and an antineoplastic agent. It is a tetrahydroxyflavanone and a member of 4'-hydroxyflavanones.","The molecule is a trihydroxyflavanone that is (2S)-flavanone substituted by hydroxy groups at positions 5, 7 and 4', a geranyl group at position 3' and a prenyl group at position 6. Isolated from Schizolaena hystrix, it exhibits cytotoxicity against ovarian cancer cell line. It has a role as a metabolite and an antineoplastic agent. It is a trihydroxyflavanone and a member of 4'-hydroxyflavanones."
700,"The molecule is a 2-oxo monocarboxylic acid cation that is the conjugate acid of 3,5-dihydroxyphenylglyoxylic acid, obtained by deprotonation of the carboxy group.","The molecule is a 2-oxo monocarboxylic acid that is glyoxylic acid in which the aldehyde hydrogen is substituted by a 3,5-dihydroxyphenyl group. It is a 2-oxo monocarboxylic acid and a member of resorcinols. It derives from a glyoxylic acid."
701,"The molecule is an alkane that is dodecane substituted by methyl groups at positions 2, 7 and 10. It has a role as a human metabolite. It derives from a hydride of a dodecane.","The molecule is a sesquiterpene that is dodecane substituted by methyl groups at positions 2, 6 and 10. It has a role as a plant metabolite. It is a sesquiterpene and an alkane."
702,The molecule is an L-alpha-amino acid cation that is the conjugate acid of L-arginine; obtained by deprotonation of the carboxy group. It is an argininate and a L-alpha-amino acid cation. It is a conjugate acid of a L-arginine. It is an enantiomer of a D-argininate.,"The molecule is a L-alanine derivative in which one of the methyl hydrogens of L-alanine has been replaced by a guanidino group. It has a role as a Brassica napus metabolite. It is a L-alanine derivative, a non-proteinogenic L-alpha-amino acid and a member of guanidines."
703,"The molecule is a 2-oxo monocarboxylic acid cation that is the conjugate acid of 2-oxopentanoic acid, obtained by deprotonation of the carboxy group. It is a 2-oxo monocarboxylic acid cation and a member of oxopentanoates. It derives from a valerate. It is a conjugate acid of a 2-oxopentanoic acid.",The molecule is an oxopentanoic acid carrying an oxo group at position 2. It has a role as a human metabolite. It is a 2-oxo monocarboxylic acid and an oxopentanoic acid. It is a conjugate acid of a 2-oxopentanoate.
704,"The molecule is a 3',5'-cyclic purine nucleotide that is 3',5'-cyclic AMP in which the hydrogen at position 2 on the purine fragment is replaced by a 6-aminohexylamino group. It is a 3',5'-cyclic purine nucleotide, an adenyl ribonucleotide, a primary amino compound and a secondary amino compound. It derives from a 3',5'-cyclic AMP.","The molecule is a 3',5'-cyclic purine nucleotide that is 3',5'-cyclic AMP in which the hydrogen at position 2 on the purine fragment is replaced by a 6-aminohexylamino group It is a 3',5'-cyclic purine nucleotide, an adenyl ribonucleotide, a secondary amino compound and a primary amino compound. It derives from a 3',5'-cyclic AMP."
705,The molecule is a tripeptide consisting of AcTyrGlyGly with a (4-trimethylammoniophenyl)diazenyl group at the 3-position on the tyrosine phenyl ring. It is a tripeptide and a monoazo compound.,The molecule is a tripeptide consisting of AcTyrGlyGly with a (p-carboxyphenyl)diazenyl substituent at the 3-position on the tyrosine phenyl ring. It is a tripeptide and a monoazo compound.
706,"The molecule is a hydroxy monocarboxylic acid cation that is the conjugate acid of monacolin J acid, obtained by deprotonation of the carboxy group; major species at pH 7.3. It is a conjugate acid of a monacolin J acid.","The molecule is a 3-hydroxy carboxylic acid that is (3R,5R)-3,5-dihydroxyheptanoic acid in which one of the methyl hydrogens is substituted by a (1S,2S,6S,8S,8aR)-6,8-dihydroxy-2-methyl-1,2,6,7,8,8a-hexahydronaphthalen-1-yl group. It is a 3-hydroxy carboxylic acid, a member of hexahydronaphthalenes and a secondary allylic alcohol."
707,"The molecule is a diterpenoid of the class of daphnane-type terpenes. It is isolated from Trigonostemon reidioides and has been shown to exhibit insecticidal activity. It has a role as a metabolite and an insecticide. It is a diterpenoid, an ortho ester, an epoxide and a terpene lactone.","The molecule is a daphnane-type orthoester diterpene with potential cholesterol-lowering activity, found exclusively in plants of the family Thymelaeaceae. It is a diterpene alkaloid, an ortho ester, an epoxide and a tertiary alpha-hydroxy ketone. It derives from a daphnane."
708,"The molecule is a triol that is butane carrying three hydroxy substituents at position 1, 2 and 4. It has a role as a bacterial xenobiotic metabolite and an Escherichia coli metabolite. It derives from a hydride of a butane.","The molecule is a thiol that is glycerol in which one of the primary hydroxy groups is replaced by a thiol group. It has a role as a vulnerary and a reducing agent. It is a thiol and a member of propane-1,2-diols."
709,The molecule is a dicarboxylic acid that is ibuprofen in which one of the methyl groups in the isobutyl portion has been converted to the corresponding carboxylic acid. It has a role as a drug metabolite. It derives from an ibuprofen. It is a conjugate acid of a carboxyibuprofen cation and a carboxyibuprofen(2-).,The molecule is a dicarboxylic acid dianion obtained by deprotonation of both carboxy groups of carboxyibuprofen. It has a role as a drug metabolite. It is a conjugate base of a carboxyibuprofen.
710,"The molecule is an olefinic compound that is 2,3-dimethylbuta-1,3-diene substituted by a 4-hydroxyphenyl and a 1,3-benzodioxol-5-yl group. It has been isolated from Terminalia sericea. It has a role as an antibacterial agent and a plant metabolite. It is a member of benzodioxoles, a member of phenols and an olefinic compound.","The molecule is a lignan that consists of buta-1,3-diene substituted by a 2,4-dihydroxybenzyl group at position 2 and a 1,3-benzodioxol-5-ylmethyl group at position 3. It is isolated from the ground stems of Anogeissus acuminata and exhibits anti-HIV activity by inhibiting HIV-1 reverse transcriptase enzyme. It has a role as a metabolite and a HIV-1 reverse transcriptase inhibitor. It is a lignan, a member of benzodioxoles and a member of resorcinols."
711,The molecule is dicationic form of L-cystathionine arising from transfer of two protons from the carboxy to the amino groups; major species at pH 7.3. It is a tautomer of a L-cystathionine.,The molecule is a thiolactone arising from formal condensation of the mercapto (sulfanyl) and carboxylic acid groups of L-homocysteine. It has a role as a human metabolite. It is a thiolactone and a member of tetrahydrothiophenes. It derives from a L-homocysteine.
712,"The molecule is a branched amino octasaccharide consisting of a pentasaccharide chain of N-acetyl-beta-D-glucosamine, alpha-D-mannose, beta-D-mannose and two further N-acetyl-beta-D-glucosamine residues linked sequentially (1->2), (1->3), (1->4) and (1->4), to the beta-D-mannose residue of which is also linked (1->6) an N-acetyl-beta-D-glucosaminyl-(1->2)-[N-acetyl-beta-D-glucosaminyl-(1->6)]-alpha-D-mannosyl trisaccharide unit. It is an amino octasaccharide and a glucosamine oligosaccharide.","The molecule is a branched amino oligosaccharide that is an undecasaccharide derivative consisting of a linear trisaccharide of beta-D-mannose, N-acetyl-beta-D-glucosamine and N-acetyl-D-glucosamine residues all linked in sequence (1->4), to the mannosyl residue of which are linked an N-acetyl-beta-D-glucosaminyl residue [via a (1->4) linkage], an N-acetyl-beta-D-glucosaminyl-(1->2)-[N-acetyl-beta-D-glucosaminyl-(1->4)]-alpha-D-mannosyl branched trisaccharide unit [linked (1->3)], and an N-acetyl-beta-D-glucosaminyl-(1->2)-[N-acetyl-beta-D-glucosaminyl-(1->6)]-alpha-D-mannosyl branched trisaccharide unit [linked (1->6)], while to the N-acetyl-D-glucosamine residue at the reducing end is linked (1->6) an alpha-L-fucose residue. It is an amino oligosaccharide and a glucosamine oligosaccharide."
713,"The molecule is a glycophytoceramide having a 4-O-[3-(3,4-dichlorophenyl)propyl]-alpha-D-galactosyl residue at the O-1 position and a hexacosanoyl group attached to the nitrogen. One of a series of an extensive set of 4""-O-alkylated alpha-GalCer analogues evaluated (PMID:30556652) as invariant natural killer T-cell (iNKT) antigens. It derives from an alpha-D-galactose.","The molecule is a glycophytoceramide having a 4-O-(3,4-dichlorobenzyl)-alpha-D-galactosyl residue at the O-1 position and a hexacosanoyl group attached to the nitrogen. One of a series of an extensive set of 4""-O-alkylated alpha-GalCer analogues evaluated (PMID:30556652) as invariant natural killer T-cell (iNKT) antigens. It derives from an alpha-D-galactose."
714,"The molecule is a homodetic cyclic decapeptide consisting of D-Phe, L-Pro, L-Phe, D-Phe, L-Asn, L-Gln, L-Tyr, L-Val, L-Orn, and L-Leu residues coupled in sequence and cyclised head-to-tail. It has a role as an antibacterial agent and a bacterial metabolite. It is a homodetic cyclic peptide, a peptide antibiotic and a macrocycle.","The molecule is a member of the class of 2,5-diketopiperazines that is piperazine-2,5-dione in which one hydrogen at position 3 and one hydrogen at position 6 are replaced by benzyl and isobutyl groups (the 3S,6S-diastereomer). It has a role as a metabolite."
715,"The molecule is a cinnamate ester obtained by formal condensation of the carboxy group of ferulic acid with one of the hydroxy groups of tartaric acid. It is an aromatic ether, a cinnamate ester, a dicarboxylic acid, a member of phenols and a tetraric acid derivative. It derives from a 2,3-dihydroxybutanedioic acid.","The molecule is a carboxylic ester obtained by formal condensation of the carboxy group of 4-coumaric acid with the hydroxy group of malic acid. It has a role as a human urinary metabolite. It is a dicarboxylic acid, a carboxylic ester and a member of phenols. It derives from a 4-coumaric acid and a malic acid."
716,"The molecule is a 2'-deoxyribonucleoside 5'-triphosphate(4-) that is the tetracation of 2'-deoxyadenosine 5'-triphosphate(dATP), arising from deprotonation of the four triphosphate OH groups; major species at pH 7.3. It has a role as a human metabolite and a Saccharomyces cerevisiae metabolite. It is a conjugate acid of a dATP(3-).","The molecule is a 2'-deoxyribonucleoside triphosphate oxoanion that is the trianion of 2'-deoxyadenosine 5'-triphosphate, arising from deprotonation of three of the four triphosphate OH groups; major species at pH 7.3. It is a conjugate base of a dATP. It is a conjugate acid of a dATP(4-)."
717,"The molecule is a monocarboxylic acid that is propanoic acid in which one of the hydrogens at position 3 has been replaced by a 4-hydroxy-3-methoxyphenyl group. It has a role as a human xenobiotic metabolite, a plant metabolite, a mouse metabolite and an antioxidant. It is a monocarboxylic acid, a phenylpropanoid and a member of guaiacols. It derives from a propionic acid. It is a conjugate acid of a dihydroferulate.","The molecule is a monocarboxylic acid anion that is the conjugate base of dihydroferulic acid, obtained by deprotonation of the carboxy group; major species at pH 7.3. It has a role as an antioxidant, a human xenobiotic metabolite, a mouse metabolite and a plant metabolite. It is a conjugate base of a dihydroferulic acid."
718,The molecule is an (omega-1)-hydroxy fatty acid that is heptadecanoic acid in which the 16-pro-R hydrogen is replaced by a hydroxy group. It is an (omega-1)-hydroxy fatty acid and a long-chain fatty acid. It derives from a heptadecanoic acid.,The molecule is an (omega-1)-hydroxy fatty acid that is octadecanoic acid (stearic acid) in which the 17-pro-R hydrogen is replaced by a hydroxy group. It is an (omega-1)-hydroxy fatty acid and a hydroxyoctadecanoic acid.
719,The molecule is an cationic phospholipid obtained by deprotonation of the phosphate OH group of any N-hexadecanoyl-1-[(1Z)-octadecenoyl]-2-oleoyl-sn-glycero-3-phosphoethanolamine; major species at pH 7.3. It is an cationic phospholipid and a N-acyl-1-[(1Z)-alkenyl]-2-acyl-sn-glycero-3-phosphoethanolamine(1-). It is a conjugate acid of a N-hexadecanoyl-1-[(1Z)-octadecenoyl]-2-oleoyl-sn-glycero-3-phosphoethanolamine.,The molecule is a glycerophosphoethanolamine obtained by formal condensation of the carboxy group of hexadecanoic acid with the amino group of 1-[(1Z)-octadecenoyl]-2-oleoyl-sn-glycero-3-phosphoethanolamine. It is a conjugate acid of a N-hexadecanoyl-1-[(1Z)-octadecenoyl]-2-oleoyl-sn-glycero-3-phosphoethanolamine(1-).
720,"The molecule is an acyl-CoA oxocation that is the pentacation of 3-oxodecanedioyl-CoA, arising from deprotonation of the phosphate, diphosphate and carboxylic acid functions; major species at pH 7.3. It is a conjugate acid of a 3-oxodecanedioyl-CoA.",The molecule is an acyl-CoA resulting from the formal condensation of the thiol group of coenzyme A with the 1-carboxy group of 3-oxodecanedioic acid. It is a conjugate acid of a 3-oxodecanedioyl-CoA(5-).
721,"The molecule is a member of the class of aminopyrimidines that is N-phenylpyrimidin-2-amine carrying additional methyl and 1-propynyl substituents at positions 4 and 6 respectively. A fungicide used to control a wide range of diseases including grey mould on strawberries, tomatoes and cucumabers, and scab on apples and pears. It has a role as an aryl hydrocarbon receptor agonist, a hepatotoxic agent and an antifungal agrochemical. It is an aminopyrimidine, a secondary amino compound, an acetylenic compound and an anilinopyrimidine fungicide.","The molecule is a member of the class of aminopyrimidines that is N-phenylpyrimidin-2-amine carrying two additional methyl substituents at positions 4 and 6. A fungicide used to control grey mould on fruit, vegetables and ornamentals as well as leaf scab on pome fruit. Also commonly employed to control Botrytis cinerea throughout the winemaking process in grapes, must, fermenting must and wine. It has a role as an aryl hydrocarbon receptor agonist, an environmental contaminant, a xenobiotic and an antifungal agrochemical. It is an aminopyrimidine, a secondary amino compound and an anilinopyrimidine fungicide."
722,"The molecule is a substituted aniline that is N,N-dipropylaniline substituted by a nitro groups at positions 2 and 6 and a trifluoromethyl group at position 4. It is an agrochemical used as a pre-emergence herbicide. It has a role as an environmental contaminant, a xenobiotic, a herbicide and an agrochemical. It is a C-nitro compound, a member of (trifluoromethyl)benzenes and a substituted aniline.","The molecule is a tertiany amino compound that is 2,6-dinitro-4-(trifluoromethyl)aniline in which the hydrogens attached to the aniline nitrogen have been replaced by one ethyl and one butyl group. It is used as a pre-emergence herbicide used for the control of grass and other weeds in a range of food and non-food crops. It has a role as a herbicide and an agrochemical. It is a tertiary amino compound, a C-nitro compound, an organofluorine compound and a substituted aniline."
723,The molecule is a member of the class of phosphonic acids that is phosphonic acid substituted by an aminomethyl group. It is a metabolite of the herbicide glyphosate. It is a one-carbon compound and a member of phosphonic acids. It derives from a phosphonic acid. It is a conjugate acid of an (aminomethyl)phosphonate(1-).,"The molecule is an organophosphate oxoanion that is the conjugate base of aminomethylphosphonic acid, obtained by deprotonation of the phosphonic acid group and protonation of the amino group; major species at pH 7.3. It is a conjugate base of an (aminomethyl)phosphonic acid."
724,The molecule is a 3-methoxy-4-hydroxy-5-all-trans-polyprenylbenzoic acid in which the polyprenyl component is specified as heptaprenyl. It is a conjugate acid of a 3-methoxy-4-hydroxy-5-all-trans-heptaprenylbenzoate.,The molecule is a 3-methoxy-4-hydroxy-5-all-trans-polyprenylbenzoate in which the polyprenyl component is specified as heptaprenyl. It is a conjugate base of a 3-methoxy-4-hydroxy-5-all-trans-heptaprenylbenzoic acid.
725,"The molecule is a member of the class of imidazolines that is 2-aminomethyl-2-imidazoline in which the exocyclic amino hydrogens are replaced by benzyl and phenyl groups. Antazoline is only found in individuals that have taken the drug. It has a role as a H1-receptor antagonist, a cholinergic antagonist and a xenobiotic. It is a tertiary amino compound, an aromatic amine and a member of imidazolines.","The molecule is a member of the class of imidazoles that is 4,5-dihydro-1H-imidazole substituted by a benzyl group. It has a role as an alpha-adrenergic antagonist, an antihypertensive agent and a vasodilator agent."
726,The molecule is tetracation of phenylacetyl-CoA arising from deprotonation of phosphate and diphosphate functions. It has a role as a human metabolite. It is a conjugate acid of a phenylacetyl-CoA.,"The molecule is an acyl-CoA that results from the formal condensation of the thiol group of coenzyme A with the carboxy group of phenylacetic acid. It has a role as a metabolite, an Escherichia coli metabolite and a mouse metabolite. It derives from a phenylacetic acid and an acetyl-CoA. It is a conjugate acid of a phenylacetyl-CoA(4-)."
727,The molecule is cationic form of L-asparagine arising from transfer of a proton from the carboxy to the amino group; major species at pH 7.3. It is a tautomer of a L-asparagine.,"The molecule is an optically active form of N-ethylasparagine having L-configuration. It is a N-ethylasparagine, a L-asparagine derivative and a non-proteinogenic L-alpha-amino acid."
728,"The molecule is a leukotriene compound having double bonds in the 7-, 9-, 11- and 14-positions and 5(S)- and 6(S)-hydroxy substituents. It has a role as a Saccharomyces cerevisiae metabolite. It is a leukotriene and a dihydroxyicosatetraenoic acid. It derives from an icosa-7,9,11,14-tetraenoic acid.","The molecule is a dihydroxyicosatetraenoate that is the conjugate base of (5S,6S)-dihydroxy-(7E,9E,11Z,14Z)-icosatetraenoic acid arising from deprotonation of the carboxylic acid function; major species at pH 7.3. It is a dihydroxyicosatetraenoate and a leukotriene anion."
729,"The molecule is a hydroperoxy fatty acid that is the (10S)-hydroperoxy derivative of (8E)-octadecenoic acid. It is a conjugate acid of an (8E,10S)-10-hydroperoxy-8-octadecenoate.","The molecule is an unsaturated fatty acid anion that is the conjugate base of (8E,10S)-10-hydroperoxy-8-octadecenoic acid, obtained by deprotonation of the carboxy group. It is a long-chain fatty acid anion, a hydroperoxy fatty acid anion, an unsaturated fatty acid anion and a hydroperoxyoctadecenoate. It is a conjugate base of an (8E,10S)-10-hydroperoxy-8-octadecenoic acid."
730,The molecule is a hydrochloride resulting from the reaction of cadaverine with 2 mol eq. of hydrogen chloride. It contains a cadaverine(2+).,The molecule is a hydrochloride salt prepared from N(6)-acetimidoyl-L-lysine and two equivalents of hydrogen chloride. A selective inhibitor of inducible nitric oxide synthase. It has a role as an EC 1.14.13.39 (nitric oxide synthase) inhibitor. It contains a N(6)-acetimidoyl-L-lysinium(2+).
731,The molecule is a linear tetrapyrrole cation obtained by deprotonation of both the carboxy groups of 5-oxo-delta-bilirubin (more correctly known as 10-oxo-delta-bilirubin; see comment). It is a linear tetrapyrrole cation and a dicarboxylic acid dication. It is a conjugate acid of a 5-oxo-delta-bilirubin.,The molecule is a biladiene that is the 5-oxo derivative of delta-bilirubin (more correctly known as 10-oxo-delta-bilirubin; see comment). It is a member of biladienes and a dicarboxylic acid. It is a conjugate acid of a 5-oxo-delta-bilirubin(2-).
732,"The molecule is a monobactam obtained by formal condensation of the carboxy group of (2R)-amino(4-hydroxyphenyl)acetic acid with the amino group of (2R)-[(3S)-3-amino-2-oxoazetidin-1-yl](4-hydroxyphenyl)acetic acid It has a role as a bacterial metabolite. It is a monobactam, a polyphenol, an oxo monocarboxylic acid and a secondary amino compound. It is a tautomer of a nocardicin G cation.",The molecule is an amino acid zwitterion resulting from a transfer of a proton from the carboxy group to the amino group of nocardicin G; major species at pH 7.3. It is a tautomer of a nocardicin G.
733,"The molecule is a member of the class of tetracenomycins that is 8-demethyltetracenomycin C in which the hydroxyl hydrogen at position 8 is replaced by an alpha-L-rhamnosyl residue. It has a role as a bacterial metabolite. It is a tetracenomycin, a member of phenols, an enone, an alpha-L-rhamnoside, an enol ether, a monosaccharide derivative, a methyl ester, a cyclic ketone and a tertiary alpha-hydroxy ketone. It derives from a tetracenomycin C.","The molecule is a member of the class of tetracenes that is tetracenomycin C in which the methoxy group at position 3 is replaced by a phenolic OH. It has a role as a bacterial metabolite. It is an enol ether, an enone, a triol, a polyphenol, a methyl ester, a tetracenomycin and a tertiary alpha-hydroxy ketone."
734,The molecule is an organophosphate oxocation obtained by removal of four protons from the triphosphate function of glycolaldehyde triphosphate; major species at pH 7.3. It is a conjugate acid of a glycolaldehyde triphosphate.,The molecule is a member of the class of aldehydes that is glycolaldehyde in which the hydroxy hydrogen has been replaced by a triphosphate group. It is an organic triphosphate and an aldehyde. It derives from a glycolaldehyde. It is a conjugate acid of a glycolaldehyde triphosphate(4-).
735,"The molecule is a trisaccharide consisting of two D-rhamnose units, each linked to a third alpha-D-rhamnose by an alpha-(1->2)- and an (1->3)- linkage, respectively.",The molecule is a linear trisaccharide consisting of three alpha-D-rhamose units joined by an alpha-(1->3)- and an alpha-(1->2)- linkage. It has a role as an epitope.
736,The molecule is an omega-hydroxy-long-chain fatty acid cation that is the conjugate acid of 16-hydroxyhexadecanoic acid (also known as 16-hydroxypalmitic acid or juniperic acid). It has a role as a plant metabolite. It derives from a hexadecanoate. It is a conjugate acid of a 16-hydroxyhexadecanoic acid.,The molecule is an omega-hydroxy-long-chain fatty acid that is hexadecanoic acid (also known as palmitic acid) which is substituted at position 16 by a hydroxy group. It is a key monomer of cutin in the plant cuticle. It has a role as a plant metabolite. It derives from a hexadecanoic acid. It is a conjugate acid of a 16-hydroxyhexadecanoate.
737,"The molecule is a nitrosamine that is piperidine in which the hydrogen attached to the nitrogen is replaced by a nitroso group. One of the many carcinogens detected in cigarette smoke, it is found in meat, cheese and spices that have been treated with the preservative sodium nitrite. It has a role as a carcinogenic agent, an apoptosis inducer, a mutagen and an environmental contaminant. It is a nitrosamine and a piperidine.",The molecule is a nitrosamine that has butyl and 4-carboxybutyl substituents. It is the principal metabolite of the bladder carcinogen N-butyl-N-(4-hydroxybutyl)nitrosamine (BHBN-4). It has a role as a carcinogenic agent. It is a nitrosamine and a monocarboxylic acid. It derives from a N-butyl-N-(4-hydroxybutyl)nitrosamine.
738,"The molecule is a member of the class of hydroxycoumarins that is coumarin which is substituted by methoxy, methyl, and hydroxy groups at positions 4, 5 and 7, respectively. It has a role as a fungal metabolite. It is an aromatic ether and a hydroxycoumarin. It derives from a 4,7-dihydroxy-5-methylcoumarin.","The molecule is a hydroxycoumarin that is methane in which two hydrogens have each been substituted by a 4-hydroxycoumarin-3-yl group. Related to warfarin, it has been used as an anticoagulant. It has a role as a vitamin K antagonist, an anticoagulant, an EC 1.6.5.2 [NAD(P)H dehydrogenase (quinone)] inhibitor and a Hsp90 inhibitor."
739,The molecule is a W-molybdopterin cofactor comprising two molecules of molybdopterin guanine dinucleotide attached via their sulfur atoms to a central tungsten atom. It is a molybdopterin dinucleotide and a W-molybdopterin cofactor. It is a conjugate acid of a tungsten-bis(molybdopterin guanine dinucleotide)(4-).,The molecule is an organophosphate oxoanion arising from deprotonation of the four diphosphate OH groups of tungsten-bis(molybdopterin guanine dinucleotide); major species at pH 7.3. It is an organophosphate oxoanion and a W-molybdopterin cofactor. It is a conjugate base of a tungsten-bis(molybdopterin guanine dinucleotide).
740,"The molecule is a 3-oxo Delta(4)-steroid that is campest-4-en-3-one bearing an additional 22S-hydroxy substituent. It is a 22-hydroxy steroid, a 3-oxo-Delta(4) steroid and a brassinosteroid. It derives from a hydride of a campestane.","The molecule is a 3-oxo steroid that is cholesta-4,22-dien-3-one substituted by an oxo group at position 3. It has been isolated from Croton gratissimus. It has a role as a metabolite."
741,"The molecule is a steroidal acyl-CoA that results from the formal condensation of the thiol group of coenzyme A with the carboxy group of 3beta-hydroxychola-5,20(22)-dien-24-oic acid. It is a conjugate acid of a 3beta-hydroxychola-5,20(22)-dien-24-oyl-CoA(4-).","The molecule is an acyl-CoA(4-) obtained by deprotonation of the phosphate and diphosphate OH groups of 3beta-hydroxychola-5,20(22)-dien-24-oyl-CoA; major species at pH 7.3. It is a conjugate base of a 3beta-hydroxychola-5,20(22)-dien-24-oyl-CoA."
742,"The molecule is an isopimarane diterpenoid that is isopimarane in which the ethyl subtituent at position 13 has undergone formal dehydrogenation to the corresponding vinyl group, and in which the hydrogen at position 8 has been replaced by a hydroxy group. It has been found in the leaves of several plants, including Cryptomeria japonica and Isodon rubescens. It has a role as a plant metabolite, a volatile oil component and an antioxidant. It is an isopimarane diterpenoid, a carbotricyclic compound, a tertiary alcohol and an olefinic compound.","The molecule is a triterpenoid alcohol that is a constituent of ambergris, an intestinal secretion of the sperm whale Physeter catodon. It has a role as a hypoglycemic agent and a mammalian metabolite. It is a triterpenoid and a tertiary alcohol."
743,The molecule is a hydroxybenzyl alcohol that is phenol substituted at position C-3 by a hydroxymethyl group. It has a role as a metabolite. It is a member of phenols and a hydroxybenzyl alcohol.,The molecule is a hydroxybenzyl alcohol that is phenol substituted by a hydroxymethyl group at C-2. It has a role as a human urinary metabolite. It is an aromatic primary alcohol and a hydroxybenzyl alcohol. It derives from a phenol and a benzyl alcohol.
744,"The molecule is an eighteen-membered homodetic cyclic peptide which is isolated from Oscillatoria sp. and exhibits antimalarial activity against the W2 chloroquine-resistant strain of the malarial parasite, Plasmodium falciparum. It has a role as a metabolite and an antimalarial. It is a homodetic cyclic peptide, a macrocycle, a member of 1,3-oxazoles and a member of 1,3-thiazoles.","The molecule is an eighteen-membered homodetic cyclic peptide which is isolated from Oscillatoria sp. and exhibits antimalarial activity against the W2 chloroquine-resistant strain of the malarial parasite, Plasmodium falciparum. It has a role as a metabolite and an antimalarial. It is a homodetic cyclic peptide, a member of 1,3-oxazoles, a member of 1,3-thiazoles and a macrocycle."
745,The molecule is a benzoate that is the conjugate acid of N-benzoylanthranilic acid arising from deprotonation of the carboxy group. It is a member of benzoates and an amidobenzoate. It derives from an anthranilate. It is a conjugate acid of a N-benzoylanthranilic acid.,The molecule is an amidobenzoic acid comprising benzoic acid having a benzamido group at the 2-position. It derives from an anthranilic acid. It is a conjugate acid of a N-benzoylanthranilate.
746,"The molecule is a linear amino pentasaccharide comprising one fucose, two galactose, one glucosamine and one glucose unit (at the reducing end), linked as shown. It is an amino pentasaccharide and a glucosamine oligosaccharide.","The molecule is a branched amino pentasaccharide comprising one fucose, two galactose, one glucosamine and one glucose unit (at the reducing end), linked as shown. It is an amino pentasaccharide and a glucosamine oligosaccharide."
747,"The molecule is a carotenol that is beta,beta-carotene carrying two hydroxy substituents at positions 3 and 3' (the 3R,3'S-diastereomer). It is rarely found in diet and is believed to be formed at the macula by metabolic transformations of ingested carotenoids. It has a role as an antioxidant, a marine metabolite, a human xenobiotic metabolite and an anti-inflammatory agent. It derives from a hydride of a beta-carotene.","The molecule is a carotenol. It has a role as a bacterial metabolite, a cofactor and an antioxidant. It derives from a hydride of a beta-carotene."
748,"The molecule is an optically active form of 1,2-distearoylphosphatidylethanolamine having (S)-configuration. It is a conjugate acid of a (S)-1,2-distearoylphosphatidylethanolaminium. It is an enantiomer of a (R)-1,2-distearoylphosphatidylethanolamine.","The molecule is an ammonium ion that is the conjugate acid of (S)-1,2-distearoylphosphatidylethanolamine, arising from protonation of the amino group. It is a conjugate acid of a (S)-1,2-distearoylphosphatidylethanolamine."
749,"The molecule is an organic calcium salt that is the hemicalcium salt of (1S,2S,5R)-AH23848. It contains a (1S,2S,5R)-AH23848(1-). It is an enantiomer of a (1R,2R,5S)-AH23848 hemicalcium salt.","The molecule is an organic calcium salt that is the hemicalcium salt of (1R,2R,5S)-AH23848. It contains a (1R,2R,5S)-AH23848(1-). It is an enantiomer of a (1S,2S,5R)-AH23848 hemicalcium salt."
750,The molecule is a carbohydrazide. It has a role as an EC 3.1.26.13 (retroviral ribonuclease H) inhibitor. It derives from a benzohydrazide.,"The molecule is a carbohydrazide resulting from the formal condensation of the hydrazone moiety of 3,4-dihydroxybenzaldehyde hydrazone with the carboxy group of 3-hydroxy-2-naphthoic acid. It is a cell-permeable, reversible noncompetitive inhibitor of the GTPase activity of dynamin 1 and 2 and Drp1 (mitochondrial), while exhibiting no significant effect against two other small GTPases, MxA and Cdc42. It has a role as an EC 3.6.5.5 (dynamin GTPase) inhibitor. It is a member of catechols, a member of naphthols, a hydrazide and a hydrazone. It derives from a 3-Hydroxy-2-naphthoate."
751,The molecule is an organic sulfamate oxocation obtained by deprotonation of the sulfamate OH group of benzenamine sulfate. It is a conjugate acid of a benzenamine sulfate.,The molecule is a sulfamic acid having a phenyl group attached to nitrogen. It derives from an aniline. It is a conjugate acid of a benzenamine sulfate(1-).
752,"The molecule is a quinolinemonocarboxylic acid that is kynurenic acid which is substituted by a methoxy group at position 8. It has a role as a metabolite, a carcinogenic agent and a mouse metabolite. It is a quinolinemonocarboxylic acid and a monohydroxyquinoline. It derives from a kynurenic acid.","The molecule is conjugate base of 5,12-dihydroxanthommatin having anionic carboxy groups and a protonated primary amino group. It is a conjugate base of a 5,12-dihydroxanthommatin."
753,"The molecule is a 2,3-diacyl-sn-glycerol in which the acyl groups at positions 2 and 3 are specified as palmitoyl and oleoyl respectively. It derives from a hexadecanoic acid and an oleic acid.","The molecule is a 1,2-diacyl-sn-glycerol with palmitoyl as the 1-acyl group and oleoyl as the 2-acyl group. It has a role as a mouse metabolite. It is a 1,2-diacyl-sn-glycerol and a 1-palmitoyl-2-oleoylglycerol. It is an enantiomer of a 2-oleoyl-3-palmitoyl-sn-glycerol."
754,"The molecule is a compound whose structure comprises a 2,3-dimethoxy-5-methylbenzoquinone nucleus, common to ubiquinones; and a side chain of seven isoprenoid units.","The molecule is a ubiquinone compound having a (2E,6E,10E,14E,18E)-3,7,11,15,19,23-hexamethyltetracosa-2,6,10,14,18,22-hexaen-1-yl substituent at position 2. It has a role as a Saccharomyces cerevisiae metabolite."
755,"The molecule is a proanthocyanidin consisting of two molecules of (+)-catechin joined by a bond between positions 4 and 6' in alpha-configuration. Procyanidin B6 is isolated from leaves and fruit of cowberry Vaccinium vitis-idaea and other plants. It can also be found in grape seeds and in beer. It has a role as a metabolite. It is a hydroxyflavan, a proanthocyanidin and a biflavonoid. It derives from a (+)-catechin.","The molecule is a proanthocyanidin that is (+)-catechin and (-)-epicatechin units joined by a bond between positions 4 and 6' respectively in an alpha-configuration. Procyanidin B8 is found in acorn and is present in fruit and leaves of blackberry (Rubus fruticosus), raspberry (Rubus idaeus) and cowberry (Vaccinium vitis idaea). It can be also found in grape seeds and in beer. It has a role as a metabolite. It is a hydroxyflavan, a proanthocyanidin, a biflavonoid and a polyphenol. It derives from a (-)-epicatechin and a (+)-catechin."
756,"The molecule is a prenylcysteine where the prenyl moiety is attached to the side-chain sulfur atom of L-cysteine. It is a prenylcysteine, a L-cysteine thioether and a S-hydrocarbyl-L-cysteine. It is a tautomer of a S-prenyl-L-cysteine cation.",The molecule is an L-alpha-amino acid zwitterion obtained by transfer of a proton from the carboxy to the amino group of S-prenyl-L-cysteine; major species at pH 7.3. It is a L-alpha-amino acid zwitterion and a S-polyprenyl-L-cysteine zwitterion. It is a tautomer of a S-prenyl-L-cysteine.
757,"The molecule is an amino oligosaccharide that is a dodecasaccharide derivative consisting of a tetrasaccharide chain of N-acetyl-beta-D-glucosamine, beta-D-mannose, N-acetyl-beta-D-glucosamine and N-acetyl-D-glucosamine residues, all linked sequentially (1->4), to the beta-D-mannose residue of which are also linked beta-D-galactosyl-(1->4)-N-acetyl-beta-D-glucosaminyl-(1->2)-[beta-D-galactosyl-(1->4)-N-acetyl-beta-D-glucosaminyl-(1->6)]-alpha-D-mannosyl and beta-D-galactosyl-(1->4)-N-acetyl-beta-D-glucosaminyl-(1->2)-alpha-D-mannosyl units via (1->6) and (1->3) linkages respectively. It is an amino oligosaccharide and a glucosamine oligosaccharide.","The molecule is an amino oligosaccharide that is a dodecasaccharide derivative consisting of a tetrasaccharide chain of N-acetyl-beta-D-glucosamine, beta-D-mannose, N-acetyl-beta-D-glucosamine and N-acetyl-D-glucosamine residues, all linked sequentially (1->4), to the beta-D-mannose residue of which are also linked beta-D-galactosyl-(1->4)-N-acetyl-beta-D-glucosaminyl-(1->2)-alpha-D-mannosyl and beta-D-galactosyl-(1->4)-N-acetyl-beta-D-glucosaminyl-(1->4)-[beta-D-galactosyl-(1->4)-N-acetyl-beta-D-glucosaminyl-(1->2)]-alpha-D-mannosyl units via (1->6) and (1->3) linkages respectively. It is an amino oligosaccharide and a glucosamine oligosaccharide."
758,"The molecule is an EpDPE obtained by formal epoxidation of the 19,20-double bond of docosa-4,7,10,13,16,19-hexaenoic acid. It has a role as a human xenobiotic metabolite. It derives from an all-cis-docosa-4,7,10,13,16,19-hexaenoic acid. It is a conjugate acid of a (4Z,7Z,10Z,13Z,16Z)-19,20-epoxydocosapentaenoate.","The molecule is a docosanoid anion that is the conjugate base of (4Z,7Z,10Z,13Z,16Z)-19,20-epoxydocosapentaenoic acid, obtained by deprotonation of the carboxy group; major species at pH 7.3. It is a docosanoid anion and a long-chain fatty acid anion. It derives from a (4Z,7Z,10Z,13Z,16Z,19Z)-docosahexaenoate. It is a conjugate base of a (4Z,7Z,10Z,13Z,16Z)-19,20-epoxydocosapentaenoic acid."
759,"The molecule is the stable isotope of gold with relative atomic mass 196.966552, 100 atom percent natural abundance and nuclear spin 3/2.","The molecule is the stable isotope of antimony with relative atomic mass 122.904216, 42.8 atom percent natural abundance and nuclear spin 7/2. It is an antimony(0) and an antimony atom."
760,"The molecule is a member of chromanes and a thiazolidinone. It has a role as a hypoglycemic agent, an antioxidant, a vasodilator agent, an anticonvulsant, an anticoagulant, a platelet aggregation inhibitor and an antineoplastic agent.","The molecule is a chromanol that is 6-hydroxychromane which is substituted by a carboxy group at position 2 and by methyl groups at positions 2, 5, 7, and 8. A cell-permeable, water-soluble analogue of vitamin E, it is used as a standard for measuring the antioxidant capacity of complex mixtures. It has a role as an antioxidant and a radical scavenger. It is a chromanol, a member of phenols and a monocarboxylic acid."
761,"The molecule is an oxo monocarboxylic acid that is (+)-abscisic acid substituted by a hydroxy group at position 9'. It has a role as a plant metabolite. It is an oxo monocarboxylic acid, a primary alcohol and a tertiary alcohol. It derives from a (+)-abscisic acid.",The molecule is the 8'-hydroxylated derivative of (+)-abscisic acid. It derives from a 2-cis-abscisic acid. It is a conjugate acid of a (+)-8'-hydroxyabscisate.
762,The molecule is an organobromine compound. It has a role as a fluorochrome. It derives from a hydride of a coumarin 480.,"The molecule is a member of the class of coumarins that is 5,7-dimethoxy-2H-chromen-2-one substituted by a pentyl group and a 1-[4-(dimethylamino)phenyl]-3-(pyrrolidin-1-yl)propyl group at positions 4 and 8, respectively. It is a member of coumarins, an aromatic ether, a member of pyrrolidines and a tertiary amino compound."
763,"The molecule is a 2,6-diaminopurine that is an analogue of abacavir in which the cyclopropylamino group at position 6 of the purine moiety is replaced by a 2,2-dimethylazetidin-1-yl group. One of a series of synthesised abacavir analogues with antiviral activity found to stimulate IFN-gamma secretion in abacavir-responsive clones. It has a role as an antiviral agent. It derives from an abacavir.","The molecule is a 2,6-diaminopurine that is an analogue of abacavir in which the cyclopropylamino group at position 6 of the purine moiety is replaced by a -methylazetidin-1-yl group. One of a series of synthesised abacavir analogues with antiviral activity found to stimulate IFN-gamma secretion in abacavir-responsive clones. It has a role as an antiviral agent. It derives from an abacavir."
764,"The molecule is an organoarsonic acid where the organyl group is 4-hydroxy-3-nitrophenyl. It has a role as a coccidiostat, an antibacterial drug, an agrochemical and an animal growth promotant. It is an organoarsonic acid and a member of 2-nitrophenols. It derives from a phenylarsonic acid.",The molecule is an organoarsonic acid where the organyl group is 4-nitrophenyl. It has a role as an antiprotozoal drug and an agrochemical. It is a C-nitro compound and an organoarsonic acid. It derives from a phenylarsonic acid.
765,"The molecule is a racemate composed of equimolar amounts of dextrobupivacaine hydrochloride hydrate and levobupivacaine hydrochloride hydrate. A piperidinecarboxamide-based local anaesthetic, it has a slow onset and long duration of action. It has a role as a local anaesthetic, an adrenergic antagonist, an amphiphile, an EC 3.1.1.8 (cholinesterase) inhibitor and an EC 3.6.3.8 (Ca(2+)-transporting ATPase) inhibitor. It contains a bupivacaine hydrochloride (anhydrous), a levobupivacaine hydrochloride hydrate and a dextrobupivacaine hydrochloride hydrate.","The molecule is a racemate composed of equimolar amounts of dextrobupivacaine hydrochloride and levobupivacaine hydrochloride. The monohydrate form is commonly used as a local anaesthetic. It has a role as an adrenergic antagonist, an amphiphile, an EC 3.1.1.8 (cholinesterase) inhibitor, an EC 3.6.3.8 (Ca(2+)-transporting ATPase) inhibitor and a local anaesthetic. It contains a levobupivacaine hydrochloride (anhydrous), a dextrobupivacaine hydrochloride (anhydrous) and a bupivacaine(1+)."
766,"The molecule is a branched mannopentaose comprised of a linear tetrasaccharide unit of D-mannose residues linked sequentially alpha(1->2), alpha(1->6) and alpha(1->6), to the residue at the reducing end is also linked alpha(1->2) a fifth D-mannose residue.","The molecule is a branched mannopentaose consisting of three alpha-D-mannopyranosyl residues joined in sequence by (1->2) linkages, in which the hydroxy group at position 6 of the mannose at the reducing end has been by an alpha-D-mannopyranosyl-(1->6)-alpha-D-mannopyranosyl group."
767,The molecule is an organic cation obtained by protonation of the two amino groups of 2'-deamino-2'-hydroxy-6'-dehydroparomamine; major species at pH 7.3. It is an organic cation and an ammonium ion derivative. It is a conjugate acid of a 2'-deamino-2'-hydroxy-6'-dehydroparomamine.,The molecule is an amino cyclitol glycoside that is 2-deoxystreptamine in which the pro-R hydroxy group is substituted by a 6-dehydro-alpha-D-glucosyl residue. It is an amino cyclitol glycoside and an aldehyde. It derives from a 2-deoxystreptamine. It is a conjugate acid of a 2'-deamino-2'-hydroxy-6'-dehydroparomamine(2+).
768,"The molecule is a cholanic acid conjugate cation that is the conjugate acid of glycocholic acid, obtained by deprotonation of the carboxy group; major species at pH 7.3. It has a role as a human metabolite. It is a N-acylglycinate and a cholanic acid conjugate cation. It is a conjugate acid of a glycocholic acid.",The molecule is a bile acid glycine conjugate having cholic acid as the bile acid component. It has a role as a human metabolite. It derives from a cholic acid and a glycochenodeoxycholic acid. It is a conjugate acid of a glycocholate.
769,"The molecule is a Good's buffer substance, pKa = 6.15 at 20 ℃. It is a cation and a MES. It is a conjugate acid of a 2-(N-morpholino)ethanesulfonate. It is a tautomer of a 2-(N-morpholino)ethanesulfonic acid.","The molecule is a Good's buffer substance, pKa = 6.15 at 20 ℃. It is an organosulfonic acid and a MES. It is a conjugate acid of a 2-(N-morpholino)ethanesulfonate. It is a tautomer of a 2-(N-morpholiniumyl)ethanesulfonate."
770,"The molecule is an oxo dicarboxylic acid that is 6-oxohepta-2,4-dienedioic acid substituted at position 4 by a nitro group. It is a C-nitro compound, an oxo dicarboxylic acid and a ketone. It is a conjugate acid of a 4-nitro-6-oxohepta-2,4-dienedioate.","The molecule is a dicarboxylic acid dianion obtained by deprotonation of the carboxy groups of 4-nitro-6-oxohepta-2,4-dienedioic acid; major species at pH 7.3. It is a conjugate base of a 4-nitro-6-oxohepta-2,4-dienedioic acid."
771,"The molecule is a chlorobenzoate obtained by deprotonation of the carboxy group of 2,4-dichlorobenzoic acid. It has a role as a bacterial metabolite. It derives from a benzoate. It is a conjugate acid of a 2,4-dichlorobenzoic acid.","The molecule is a chlorobenzoic acid that is benzoic acid in which the ring hydrogens at positions 2 and 4 are substituted by chloro groups. It has a role as a bacterial metabolite. It is a dichlorobenzene and a chlorobenzoic acid. It derives from a benzoic acid. It is a conjugate acid of a 2,4-dichlorobenzoate."
772,"The molecule is a member of the class of phenothiazines that is phenothiazine having a trifluoromethyl subsitituent at the 2-position and a 3-(4-methylpiperazin-1-yl)propyl group at the N-10 position. It has a role as a dopaminergic antagonist, an antiemetic, an EC 1.8.1.12 (trypanothione-disulfide reductase) inhibitor, an EC 5.3.3.5 (cholestenol Delta-isomerase) inhibitor, a calmodulin antagonist and a phenothiazine antipsychotic drug. It is a N-alkylpiperazine, a N-methylpiperazine, a member of phenothiazines and an organofluorine compound.","The molecule is a phenothiazine derivative having a trifluoromethyl subsitituent at the 2-position and a 3-[4-(2-hydroxyethyl)diazepin-1-yl]propyl group at the N-10 position. It has a role as a phenothiazine antipsychotic drug and an anxiolytic drug. It is a member of phenothiazines, an organofluorine compound and a diazepine."
773,"The molecule is a cyclic ketone derived from spiro[4.5]dec-6-en-8-one by substitution of hydrogens by methyl groups at positions 6 and 10, and by an isopropenyl group at position 2 (the (2R,5S,10R)-diastereoisomer). It has a role as a phytoalexin and a plant metabolite. It is a spiro compound, a sesquiterpenoid and a cyclic ketone.","The molecule is a sesquiterpenoid that is solavetivone substituted by a hydroxy group at position 15. It has a role as a plant metabolite. It is a sesquiterpenoid, a spiro compound, a cyclic ketone and a primary alcohol. It derives from a solavetivone."
774,The molecule is an organic cation obtained by protonation of alectinib. It is an ammonium ion derivative and an organic cation. It is a conjugate acid of an alectinib.,"The molecule is a hydrochloride obtained by combining alectinib with one molar equivalent of hydrochloric acid. Used for the treatment of patients with anaplastic lymphoma kinase-positive, metastatic non-small cell lung cancer. It has a role as an antineoplastic agent and an EC 2.7.10.1 (receptor protein-tyrosine kinase) inhibitor. It contains an alectinib(1+)."
775,"The molecule is a dipeptide consisting of L-histidine substituted on the alpha and tele (tele) nitrogens by 2,4-dinitrophenyl groups and connected to L-glutamine via a peptide bond. It contains a 2,4-dinitrophenyl group.","The molecule is a dipeptide consisting of L-tyrosine substituted on nitrogen and oxygen by 2,4-dinitrophenyl groups and connected to L-glutamine via a peptide bond. It has a role as an epitope. It contains a 2,4-dinitrophenyl group."
776,The molecule is a member of the class of tetracyclines that is anhydrotetracycline in which the two methyl groups attached to the nitrogen have both been replaced by hydrogen. It is a tertiary alpha-hydroxy ketone and a member of tetracyclines. It is a tautomer of a 4-amino-4-de(dimethylamino)anhydrotetracycline cation.,The molecule is a zwtterion obtained by transfer of a proton from the 2-hydroxy to the primary amino group of 4-amino-4-de(dimethylamino)anhydrotetracycline. It is the major microspecies at pH 7.3 (according to Marvin v 6.2.0.). It is a tautomer of a 4-amino-4-de(dimethylamino)anhydrotetracycline.
777,The molecule is a lipid IVA oxocation obtained by deprotonation of the phospho and carboxy groups of alpha-Kdo-(2->8)-alpha-Kdo-(2->4)-alpha-Kdo-(2->6)-lipid IVA; major species at pH 7.3. It is a conjugate acid of an alpha-Kdo-(2->8)-alpha-Kdo-(2->4)-alpha-Kdo-(2->6)-lipid IVA.,The molecule is lipid IVA glycosylated with three 3-deoxy-D-manno-octulosonic acid (KDO) residues. It is a conjugate acid of an alpha-Kdo-(2->8)-alpha-Kdo-(2->4)-alpha-Kdo-(2->6)-lipid IVA(7-).
778,"The molecule is an amino trisaccharide consisting of a beta-D-mannopyranose residue and two 2-acetamido-2-deoxy-beta-D-glucopyranose residues joined in sequence by (1->4) glycosidic bonds. It is a glucosamine oligosaccharide, an amino trisaccharide and a member of acetamides.","The molecule is an amino trisaccharide consisting of 2-acetamido-2-deoxy-beta-D-glucopyranosyl, beta-D-mannopyranosyl and 2-acetamido-beta-D-glucopyranosyl residues joined in sequence by (1->2) and (1->4) glycosidic bonds. It is an amino trisaccharide and a member of acetamides. It derives from a beta-D-Manp-(1->4)-beta-D-GlcpNAc and a beta-D-GlcpNAc-(1->4)-beta-D-Manp."
779,The molecule is a 2-hydroxy fatty acid cation resulting from the deprotonation of the carboxy group of 2-hydroxygondoic acid; major species at pH 7.3. It is a conjugate acid of a 2-hydroxygondoic acid.,"The molecule is a 2-hydroxy fatty acid that is (11Z)-icos-11-enoic acid which carries a hydroxy group at position 2. It is a 2-hydroxy fatty acid, a hydroxy monounsaturated fatty acid and a long-chain fatty acid. It derives from an (11Z)-icos-11-enoic acid. It is a conjugate acid of a 2-hydroxygondoate."
780,The molecule is beta-Ergocryptine in which a single bond replaces the double bond between positions 9 and 10. It derives from a beta-ergocryptine. It derives from a hydride of an ergotaman.,The molecule is ergocornine in which a single bond replaces the double bond between positions 9 and 10. It derives from an ergocornine. It derives from a hydride of an ergotaman.
781,"The molecule is a nitrogen oxide which is a free radical, each molecule of which consists of one nitrogen and one oxygen atom. It has a role as a neurotransmitter, a signalling molecule, a vasodilator agent, a bronchodilator agent, a radical scavenger, a human metabolite, an Escherichia coli metabolite and a mouse metabolite. It is a nitrogen oxide, an inorganic radical, a member of reactive nitrogen species and a member of reactive oxygen species.","The molecule is a nitrogen oxide consisting of linear unsymmetrical molecules with formula N2O. While it is the most used gaseous anaesthetic in the world, its major commercial use, due to its solubility under pressure in vegetable fats combined with its non-toxicity in low concentrations, is as an aerosol spray propellant and aerating agent for canisters of 'whipped' cream. It has a role as an inhalation anaesthetic, a NMDA receptor antagonist, a bacterial metabolite, a general anaesthetic, a vasodilator agent, an analgesic, a member of greenhouse gas, a raising agent, a member of food packaging gas, a food propellant and a refrigerant. It is a nitrogen oxide and a gas molecular entity."
782,"The molecule is a sesquiterpene lactone of the eudesmanolide group. It has been isolated from Inula helenium. It has a role as an apoptosis inducer, an antifungal agent and a plant metabolite. It is a sesquiterpene lactone and a eudesmane sesquiterpenoid.","The molecule is a sesquiterpene lactone isolated from Saussureae Radix and has been shown to exhibit inhibitory activity against melanogenesis. It has a role as a melanin synthesis inhibitor and a metabolite. It is an organic heterotricyclic compound, a sesquiterpene lactone and a tertiary alcohol."
783,"The molecule is a tetrahydroxyflavone that is flavone substituted by hydroxy groups at positions 5, 7, 2' and 4' and prenyl groups at positions 3 and 6. Isolated from Morus nigra, it exhibits antibacterial and cytotoxic activities. It has a role as an antibacterial agent, an antineoplastic agent and a plant metabolite.","The molecule is a trihydroxyflavone that is flavone substituted by hydroxy groups at positions 5, 2', and 4', a methoxy group at position 7, a prenyl group at position 3 and a (1E)-3-methylbut-1-enyl group at position 6. Isolated from Artocarpus heterophyllus and Artocarpus integrifolia, it exhibits antineoplastic activity. It has a role as a metabolite and an antineoplastic agent. It is a monomethoxyflavone and a trihydroxyflavone."
784,"The molecule is a prostaglandin carboxylic acid cation that is the conjugate acid of 15-oxoprostaglandin F2alpha, obtained by deprotonation of the carboxy group; major species at pH 7.3. It is a conjugate acid of a 15-oxoprostaglandin F2alpha.",The molecule is a prostaglandin Falpha obtained by formal oxidation of the 15-hydroxy group of prostaglandin F2alpha. It derives from a prostaglandin F2alpha. It is a conjugate acid of a 15-oxoprostaglandin F2alpha(1-).
785,"The molecule is a dinitrile that is butanedinitrile substituted by 4-methoxybenzyl and 3,4-dimethoxybenzylidene groups at positions 3 and 2 respectively. Isolated from the culture broth of the fungus Neosartorya fischeri, it exhibits antifungal activity. It has a role as a metabolite and an antifungal agent. It is a member of methoxybenzenes and a dinitrile.","The molecule is a dinitrile that is butanedinitrile substituted by 3-hydroxy-4-methoxybenzylidene and 4-methoxybenzyl groups at positions 2 and 3 respectively. Isolated from the culture broth of the fungus Neosartorya fischeri, it exhibits antifungal activity. It has a role as an antifungal agent and a fungal metabolite. It is a dinitrile and a member of guaiacols."
786,"The molecule is an oxoaporphine alkaloid that is 7H-dibenzo[de,g]quinolin-7-one substituted by a methylenedioxy group across positions 1 and 2, a methoxy group at position 11 and a hydroxy group at position 10. Isolated from Hernandia nymphaeifolia and Lindera chunii, it exhibits activity against HIV-1 integrase. It has a role as a metabolite and a HIV-1 integrase inhibitor. It is an aromatic ether, an organic heteropentacyclic compound, a cyclic ketone, a member of phenols, an oxacycle and an oxoaporphine alkaloid. It derives from an aporphine.","The molecule is an oxoaporphine alkaloid that is 4,5,6,6a-tetradehydronoraporphin-7-one substituted by a methylenedioxy group across positions 1 and 2. It is isolated from Annona glabra and has been shown to exhibit antimicrobial and cytotoxic activities. It has a role as a metabolite, an antineoplastic agent, an antimicrobial agent, an EC 3.1.1.7 (acetylcholinesterase) inhibitor, an EC 3.2.1.20 (alpha-glucosidase) inhibitor and an antifungal agent. It is a cyclic ketone, an oxacycle, an organic heteropentacyclic compound, an alkaloid antibiotic and an oxoaporphine alkaloid. It derives from an aporphine."
787,"The molecule is an aminonicotinic acid in which the amino group is situated at position 4 of the pyridine ring. It has a role as a metabolite. It is an aromatic amine, an aminopyridine and an aminonicotinic acid. It derives from a 4-aminopyridine and a nicotinic acid.","The molecule is an aminonicotinic acid in which the amino group is situated at position 5 of the pyridine ring. It has a role as a metabolite. It is an aromatic amine, an aminopyridine and an aminonicotinic acid. It derives from a nicotinic acid."
788,The molecule is a primary amino compound that is heptylamine in which one of the methyl hydrogens at position 7 has been replaced by a methylsulfinyl group. It has a role as a plant metabolite. It is a sulfoxide and a primary amino compound.,The molecule is a primary amino compound that is octylamine in which one of the methyl hydrogens at position 8 has been replaced by a methylsulfinyl group. It has a role as a plant metabolite. It is a primary amino compound and a sulfoxide.
789,"The molecule is a rebaudioside that is rebaudioside A in which the the hydroxy groups at positions 2 and 3 of the beta-D-glucosyl ester moiety have both been converted to the corresponding beta-D-glucoside. Found in very low concentraitions in the leaves of Stevia Rebaudiana, it is more than 200 times sweeter than sucrose. It has a role as a sweetening agent. It is a beta-D-glucoside, a tetracyclic diterpenoid and a rebaudioside. It derives from a rebaudioside A, a rebaudioside D and a beta-D-Glcp-(1->2)-[beta-D-Glcp-(1->3)]-beta-D-Glcp.","The molecule is a rebaudioside that is rebaudioside A in which the hydroxy group at position 2 of the beta-D-glucosyl ester moiety has been converted to the corresponding beta-D-glucoside. Found in minute quantities in the leaves of Stevia rebaudiana. It has a role as a sweetening agent. It is a tetracyclic diterpenoid, a rebaudioside and a sophoroside. It derives from a rebaudioside A, a rebaudioside E and a beta-D-Glcp-(1->2)-[beta-D-Glcp-(1->3)]-beta-D-Glcp."
790,"The molecule is a D-glucose 1,6-bisphosphate in which both phosphate groups are monophosphates. It has a role as a human metabolite and an Escherichia coli metabolite. It derives from an alpha-D-glucose. It is a conjugate acid of an alpha-D-glucose 1,6-bisphosphate(4-).","The molecule is a quadruply-charged organophosphate oxoanion arising from deprotonation of the phosphate OH groups of alpha-D-glucose 1,6-bisphosphate; major species at pH 7.3. It has a role as an Escherichia coli metabolite and a human metabolite. It is a conjugate base of an alpha-D-glucose 1,6-bisphosphate."
791,The molecule is a phytoceramide in which the ceramide N-acyl group is specified as octadecanoyl (stearoyl). It is a N-acylphytosphingosine and a N-stearoyl-sphingoid base.,The molecule is a ceramide that is the N-stearoyl (octadecanoyl) derivative of 4-hydroxyeicosasphinganine. It is a C20 phytoceramide and a N-stearoyl-sphingoid base.
792,"The molecule is a 3-oxo Delta(4)-steroid that is estr-4-en-3-one substituted by a beta-hydroxy group at position 17. It has a role as a human metabolite. It is a 17beta-hydroxy steroid, a 3-oxo-Delta(4) steroid and an anabolic androgenic steroid. It derives from a hydride of an estrane.",The molecule is a 3-oxo steroid that is estr-5(10)-ene substituted by an oxo group at position 3 and a beta-hydroxy group at position 17. It is a 3-oxo steroid and a 17beta-hydroxy steroid. It derives from a hydride of an estrane.
793,The molecule is a wax ester resulting from the formal condensation of lauric acid with palmityl alcohol. It is a wax ester and a dodecanoate ester. It derives from a hexadecan-1-ol.,The molecule is a tetradecanoate ester (myristate ester) resulting from the formal condensation of the carboxy group of tetradecanoic acid (myristic acid) with the hydroxy group of tetradecan-1-ol (myristyl alcohol). Used as an emollient. It has a role as an algal metabolite. It is a wax ester and a tetradecanoate ester. It derives from a tetradecan-1-ol.
794,The molecule is a fatty acyl-CoA(4-) arising from deprotonation of the phosphate and diphosphate OH groups of 4-methylpentanoyl-CoA; major species at pH 7.3. It has a role as a bacterial metabolite. It is a conjugate acid of a 4-methylpentanoyl-CoA.,The molecule is a methyl-branched fatty acyl-CoA that results from the formal condensation of the thiol group of coenzyme A with the carboxy group of 4-methylpentanoic acid. It is a methyl-branched fatty acyl-CoA and a short-chain fatty acyl-CoA. It derives from an isocaproic acid. It is a conjugate acid of a 4-methylpentanoyl-CoA(4-).
795,"The molecule is a biphenylyl carboxylate ester, a member of (trifluoromethyl)benzenes, a benzyl ether and an ethyl ester. It contains a benzyloxy group.","The molecule is a biphenylyl carboxylate ester, a member of (trifluoromethyl)benzenes, a benzyl ether, an aromatic ether and an ethyl ester. It contains a benzyloxy group."
796,"The molecule is a neoglycolipid consisting of a linear pentasaccharide made up from one lactamized sialyl residue, two galactose residues, one N-acetyl-6-sulfonatoglucosamine residue (with associated sodium cation) and one glucose residue, which at the reducing end is attached glycosidically to a 2-(tetradecyl)hexadecyl group. It is a neoglycolipid, an oligosaccharide sulfate and a glycoside. It contains a delta-lactam ring.","The molecule is a neoglycolipid consisting of a branched hexasaccharide made up from one lactamized sialyl residue, two galactose residues, onr fucose residue, one N-acetyl-6-sulfonatoglucosamine residue (with associated sodium cation) and one glucose residue, which at the reducing end is attached glycosidically to a 2-(tetradecyl)hexadecyl group. It is a glycoside, a neoglycolipid and an oligosaccharide sulfate. It contains a delta-lactam ring."
797,The molecule is an acyl-CoA(4-) obtained by deprotonation of the phosphate and diphosphate OH groups of 2-hydroxyisobutanoyl-CoA; major species at pH 7.3 It is a conjugate acid of a 2-hydroxyisobutanoyl-CoA.,The molecule is a hydroxyacyl-CoA that results from the formal condensation of the thiol group of coenzyme A with the carboxy group of 2-hydroxyisobutanoic acid. It is a conjugate acid of a 2-hydroxyisobutanoyl-CoA(4-).
798,The molecule is a beta-farnesene in which the double bond at position 6-7 has E configuration. It is the major or sole alarm pheromone in most species of aphid. It has a role as an alarm pheromone and a metabolite.,"The molecule is a monoterpene that is octa-1,6-diene bearing methylene and methyl substituents at positions 3 and 7 respectively. It has a role as a plant metabolite, an anti-inflammatory agent, an anabolic agent, a fragrance, a flavouring agent and a volatile oil component."
799,"The molecule is a steroid saponin isolated from Ornithogalum thyrsoides and has been shown to exhibit cytotoxic activity. It has a role as a metabolite and an antineoplastic agent. It is a beta-D-glucoside, a 17-hydroxy steroid, an acetate ester, a benzoate ester, a cholestanoid and a steroid saponin. It derives from a 3,4-dimethoxybenzoic acid.","The molecule is a steroid saponin isolated from Ornithogalum thyrsoides and has been shown to exhibit cytotoxic activity. It has a role as a metabolite and an antineoplastic agent. It is a beta-D-glucoside, a 17-hydroxy steroid, an acetate ester, a benzoate ester, a cholestanoid and a steroid saponin."
800,"The molecule is a 3-(cis-5,6-dihydroxycyclohexa-1,3-dienyl)acrylic acid. It is a conjugate acid of a 3-[(5R,6S)-5,6-dihydroxycyclohexa-1,3-dienyl]acrylate. It is an enantiomer of a 3-[(5S,6R)-5,6-dihydroxycyclohexa-1,3-dienyl]acrylic acid.","The molecule is the conjugate base of 3-[(5R,6S)-5,6-dihydroxycyclohexa-1,3-dienyl]acrylic acid; major species at pH 7.3. It is a conjugate base of a 3-[(5R,6S)-5,6-dihydroxycyclohexa-1,3-dienyl]acrylic acid."
801,"The molecule is the 2,3-dihydro-1H-inden-5-yl ester of the active enantiomer of candoxatrilat. Candoxatril is an orally active prodrug of candoxatrilat, a potent neutral endopeptidase (NEP, neprilysin) inhibitor used in the treatment of chronic heart failure. It has a role as an EC 3.4.24.* (metalloendopeptidase) inhibitor. It is a monocarboxylic acid, a dicarboxylic acid monoester and a monocarboxylic acid amide. It derives from an indan-5-ol and a candoxatrilat.","The molecule is a dicarboxylic acid monoamide obtained by formal condensation between the amino group of cis-4-aminocyclohexanecarboxylic acid and the cyclopentanecarboxylic acid group of 1-[(2S)-2-carboxy-3-(2-methoxyethoxy)propyl]cyclopentanecarboxylic acid. A potent inhibitor of neutral endopeptidase (NEP, neprilysin, EC 3.4.24.11), it is used as its 2,3-dihydro-1H-inden-5-yl ester prodrug in the treatment of chronic heart failure. It has a role as an EC 3.4.24.* (metalloendopeptidase) inhibitor. It is a dicarboxylic acid and a dicarboxylic acid monoamide."
802,"The molecule is an oligosaccharide derivative that is produced by Streptomyces viridochromogenes and exhibits antibiotic properties. It has a role as a bacterial metabolite and an antimicrobial agent. It is an ortho ester, an oxaspiro compound, a cyclic acetal, a benzoate ester, an oligosaccharide derivative, a dichlorobenzene, a member of phenols and a tertiary alpha-hydroxy ketone.","The molecule is an oligosaccharide derivative that is produced by Streptomyces viridochromogenes and is an epimeric intermediate in the biosynthesis of avilamycin A. It has a role as a bacterial metabolite. It is a benzoate ester, a cyclic acetal, a dichlorobenzene, an oligosaccharide derivative, an ortho ester, an oxaspiro compound, a member of phenols and a tertiary alpha-hydroxy ketone."
803,The molecule is a branched amino pentasaccharide consisting of three alpha-L-rhamnose residues [linked sequentially (1->3) and (1->2); one at the reducing end] and two N-acetyl beta-D-glucosaminyl residues [one linked (1->3) to the reducing-end rhamnose and the other linked (1->3) to the non-reducing-end rhamnose].,The molecule is a branched amino trisaccharide consisting of two alpha-L-rhamnose residues [linked (1->2); one at the reducing end] with a single N-acetyl beta-D-glucosaminyl residue linked (1->3) to the reducing-end rhamnose.
804,"The molecule is a hydroxy fatty acid ascaroside cation that is the conjugate acid of oscr#24, obtained by deprotonation of the carboxy group; major species at pH 7.3. It is a conjugate acid of an oscr#24.",The molecule is an omega-hydroxy fatty acid ascaroside obtained by formal condensation of the alcoholic hydroxy group of 14-hydroxytetradecanoic acid (14-hydroxymyristic acid) with ascarylopyranose (the alpha anomer). It is a metabolite of the nematode Caenorhabditis elegans. It has a role as a Caenorhabditis elegans metabolite. It is a monocarboxylic acid and an omega-hydroxy fatty acid ascaroside. It derives from a 14-hydroxymyristic acid. It is a conjugate acid of an oscr#24(1-).
805,"The molecule is a sesquiterpene that is 1,2,3,4,4a,5,6,8a-octahydronaphthalene which is substituted at positions 1, 4 and 7 respetively by isopropyl, methylene and methyl groups (the 1S,4aS,8aR-diastereoisomer). It is a sesquiterpene, a carbobicyclic compound and a member of octahydronaphthalenes.","The molecule is a sesquiterpene that is 1,2,3,3a,4,5,6,8a-octahydroazulene carrying methyl, methylidene and isopropyl substituents at positions 1, 4 and 7 respectively. It is a sesquiterpene, a polycyclic olefin and a carbobicyclic compound."
806,The molecule is a 3-hydroxyicosanoyl-CoA(4-) obtained by deprotonation of the phosphate and diphosphate OH groups of (3S)-hydroxyicoscanoyl-CoA; major species at pH 7.3. It is a 3-hydroxyicosanoyl-CoA(4-) and a long-chain (3S)-hydroxy fatty acyl-CoA(4-). It is a conjugate acid of a (3S)-3-hydroxyicosanoyl-CoA.,The molecule is a 3-hydroxy fatty acyl-CoA(4-) obtained by deprotonation of the phosphate and diphosphate OH groups of (3S)-hydroxyoctadecanoyl-CoA; major species at pH 7.3. It is a 3-hydroxy fatty acyl-CoA(4-) and a long-chain fatty acyl-CoA(4-). It is a conjugate base of a (S)-3-hydroxyoctadecanoyl-CoA.
807,"The molecule is a tricyclic triterpenoid isolated from Poria cocos. It has a role as a fungal metabolite. It is a dicarboxylic acid, a secondary alcohol and a tricyclic triterpenoid.","The molecule is a tricyclic triterpenoid isolated from Poria cocos. It has a role as a fungal metabolite. It is a dicarboxylic acid, a secondary alcohol and a tricyclic triterpenoid."
808,The molecule is inorganic nitrate salt of calcium. It has a role as a fertilizer. It is an inorganic nitrate salt and a calcium salt. It contains a calcium(2+).,"The molecule is a hydrate that is the tetrahydrate form of cadmium nitrate. It is a hydrate, a calcium salt and an inorganic nitrate salt. It contains a calcium nitrate."
809,"The molecule is an organic sodium salt obtained by formal condensation of N(2)-(3,4-dichlorobenzoyl)-N,N-dipentyl-L-alpha-glutamine with one equivalent of sodium hydroxide. The racemate is lorglumide sodium, a CCK antagonist. It contains a (S)-lorglumide(1-). It is an enantiomer of a (R)-lorglumide sodium.","The molecule is an organic sodium salt obtained by formal condensation of N(2)-(3,4-dichlorobenzoyl)-N,N-dipentyl-D-alpha-glutamine with one equivalent of sodium hydroxide. The racemate is lorglumide sodium, a CCK antagonist. It contains a (R)-lorglumide(1-). It is an enantiomer of a (S)-lorglumide sodium."
810,The molecule is a phosphatidylethanolamine 36:1 cation obtained by transfer of a proton from the amino to the phosphate group of 1-stearoyl-2-oleoyl-sn-glycero-3-phosphoethanolamine.,"The molecule is a 1,2-diacyl-sn-glycero-3-phosphoethanolamine in which the acyl substituents at positions 1 and 2 are specified as oleoyl and stearoyl respectively. It derives from an oleic acid and an octadecanoic acid. It is a tautomer of a 1-oleoyl-2-stearoyl-sn-glycero-3-phosphoethanolamine zwitterion."
811,"The molecule is a member of the class of indanones that is indane-1,3-dione bearing two additional hydroxy substituents at position 2. It has a role as a colour indicator and a human metabolite. It is a member of indanones, a beta-diketone, an aromatic ketone and a ketone hydrate.","The molecule is a ketone hydrate that is naphthalene-1,2,3,4-tetrone in which water has been added to the keto groups at positions 2 and 3. It has been used as an antiviral agent in nasal ointment. It has a role as an antipsoriatic, an antibacterial agent and a topoisomerase inhibitor. It is a member of tetralins and a ketone hydrate. It derives from a naphthalene-1,2,3,4-tetrone."
812,"The molecule is a tetrapeptide composed of L-alanine, L-leucine, L-valine, and L-serine joined in sequence by peptide linkages. It has a role as a metabolite. It derives from a L-alanine, a L-leucine, a L-valine and a L-serine.","The molecule is a tetrapeptide composed of L-alanine, two L-leucine units, and L-serine joined in sequence by peptide linkages. It has a role as a metabolite. It derives from a L-alanine, a L-leucine and a L-serine."
813,The molecule is an N-acetylated alpha-(2->8)-linked homosialopolysaccharide consisting of six alpha-D-N-acetylneuraminyl residues joined by (2->8) linkages (i.e. [8)-alpha-Neu5Ac-(2->]n where n = 6). It is an [8)-alpha-Neu5Ac-(2->]n and an amino hexasaccharide.,The molecule is an N-acetylated alpha-(2->8)-linked homosialopolysaccharide consisting of five alpha-D-N-acetylneuraminyl residues joined by (2->8) linkages (i.e. [8)-alpha-Neu5Ac-(2->]n where n = 5). It is an [8)-alpha-Neu5Ac-(2->]n and an amino pentasaccharide.
814,The molecule is a beta-D-galactosyl-(1->4)-beta-D-glucosyl-(1<->1')-N-acylsphingosine in which the acyl group specified is (17Z)-hexacosenoyl. It has a role as a mouse metabolite. It derives from a (17Z)-hexacosenoic acid.,The molecule is a beta-D-galactosyl-(1->4)-beta-D-glucosyl-(1<->1')-N-acylsphingosine in which the acyl group specified is (15Z)-tetracosenoyl. It has a role as a mouse metabolite. It derives from a (15Z)-tetracosenoic acid.
815,The molecule is a branched heptasaccharide derivative consisting of a D-GlcNAc residue at the reducing end with a D-Man-alpha(1->6)-[D-Xyl-beta(1->2)-D-Man-alpha(1->3)]-D-Man-beta(1->4)-GlcNAc moiety attached via a beta-(1->4)-linkage and an L-Fuc residue attached via an alpha-(1->3)-linkage. It has a role as a carbohydrate allergen.,The molecule is a branched amino hexasaccharide compound consisting of a GlcNAc residue at the reducing end with a Man-alpha(1->3)-[Man-alpha(1->6)]-Man-beta(1->4)-GlcNAc moiety attached via a beta-(1->4)-linkage and a Fuc residue attached via an alpha-(1->3)-linkage. It has a role as an allergen. It is an amino hexasaccharide and a high-mannose oligosaccharide.
816,"The molecule is a cyclohexadienecarboxylic acid that is cyclohexa-1,5-diene-1-carboxylic acid carrying two hydroxy substituents at positions 3 and 4 (the 3R,4R-stereoisomer). It is a cyclohexadienecarboxylic acid, a cyclohexadienediol and an alpha,beta-unsaturated monocarboxylic acid. It is a conjugate acid of a (3R,4R)-3,4-dihydroxycyclohexa-1,5-diene-1-carboxylate.","The molecule is a hydroxy monocarboxylic acid anion that is the conjugate base of (3R,4R)-3,4-dihydroxycyclohexa-1,5-diene-1-carboxylic acid, obtained by deprotonation of the carboxy group. It is a conjugate base of a (3R,4R)-3,4-dihydroxycyclohexa-1,5-diene-1-carboxylic acid."
817,"The molecule is a retinoid cation that is the conjugate acid of 9-cis-4-oxoretinoic acid, obtained by deprotonation of the carboxy group; major species at pH 7.3. It is a retinoid cation and an oxo monocarboxylic acid cation. It is a conjugate acid of a 9-cis-4-oxoretinoic acid.",The molecule is a retinoid that consists of 9-cis-retinoic acid bearing an oxo substituent at position 4 on the cyclohexenyl ring. It has a role as a human xenobiotic metabolite. It is a retinoid and an enone. It derives from a 9-cis-retinoic acid. It is a conjugate acid of a 9-cis-4-oxoretinoate.
818,"The molecule is a hydrobromide salt prepared from N-allyl-6-chloro-1-(3-methylphenyl)-2,3,4,5-tetrahydro-3-benzazepine-7,8-diol and one equivalent of hydrogen bromide. High affinity, selective dopamine D1-like receptor agonist. Ki values are 3.2, 3.1, 186, 66, 335, 1167, 1251 and 1385 nM at recombinant D1, D5, D2, D3, D4, 5-HT2A, alpha1A and alpha1B receptors respectively. Stimulates adenylyl cyclase (EC50 = 65 nM) but not phosphoinositide hydrolysis. Induces extreme arousal and hyperlocomotion following subcutaneous administration in monkeys. It has a role as a dopamine agonist and a prodrug. It contains a N-allyl-6-chloro-1-(3-methylphenyl)-2,3,4,5-tetrahydro-3-benzazepinium-7,8-diol(1+).","The molecule is a hydrobromide salt prepared from N-allyl-1-phenyl-2,3,4,5-tetrahydro-3-benzazepine-7,8-diol and one equivalent of hydrogen bromide. Selective dopamine D1-like receptor partial agonist (IC50 values are 19.7 and 2425 nM for binding to D1-like and D2-like receptors respectively). Centrally active following systemic administration in vivo. It has a role as a dopamine agonist and a prodrug. It contains a N-allyl-1-phenyl-2,3,4,5-tetrahydro-3-benzazepinium-7,8-diol(1+)."
819,"The molecule is an octadecenoic acid with the double bond at position 2. It is an octadecenoic acid and an alpha,beta-unsaturated monocarboxylic acid. It derives from a hydride of an octadec-2-ene.","The molecule is an icosenoic acid in which the double bond is at the 2-3 position and has E configuration. It is an icosenoic acid and an alpha,beta-unsaturated monocarboxylic acid."
820,"The molecule is a HODE that consists of 9Z,11E-octadecadienoic acid carrying a 13-hydroxy substituent. It has a role as a metabolite. It is a conjugate acid of a 13-HODE(1-).","The molecule is a HODE(1-) that is the conjugate base of 9-HODE, obtained by deprotonation of the carboxy group; major species at pH 7.3. It derives from a linoleate. It is a conjugate base of a 9-HODE."
821,"The molecule is a 3-hydroxy steroid that is (22E)-19-norcholesta-1,3,5(10),22-tetraene substituted by a hydroxy group at position 3.It is isolated from the Hainan soft coral Dendronephthya studeri. It has a role as a coral metabolite.","The molecule is a 3-hydroxy steroid that is (22E)-19,24-dinorcholesta-1,3,5(10),22-tetraene substituted by a hydroxy group at position 3. It is isolated from the Hainan soft coral Dendronephthya studeri. It has a role as a coral metabolite."
822,"The molecule is a dicarboximide that is isoindole-1,3(2H)-dione in which the hydrogen attached to the nitrogen is substituted by a 2,6-dioxopiperidin-3-yl group. It is a member of piperidones and a member of phthalimides.",The molecule is a five-membered cyclic dicarboximide compound having an iodo substituent on the nitrogen atom. It is a dicarboximide and a pyrrolidinone. It derives from a succinimide.
823,The molecule is an member of the class of hydroxybiphenyls formed formally by chlorination of biphenyl-3-ol at C-2' and -5'. It is a dichlorobenzene and a member of hydroxybiphenyls. It derives from a biphenyl-3-ol.,The molecule is a member of the class of benzyl alcohols that is benzyl alcohol in which the hydrogens at positions 2 and 4 are replaced by chlorines. It has a role as an antiseptic drug. It is a member of benzyl alcohols and a dichlorobenzene.
824,"The molecule is a hydroxy steroid that consists of 5beta-cardanolide having a double bond at the 20(22)-position as well as hydroxy groups at the 3beta-, 12beta- and 14beta-positions. It has been isolated from the plant species of the genus Digitalis. It has a role as a hapten and a plant metabolite. It is a 3beta-sterol, a 12beta-hydroxy steroid, a 3beta-hydroxy steroid and a 14beta-hydroxy steroid. It is a conjugate acid of a digoxigenin(1-). It derives from a hydride of a 5beta-cardanolide.",The molecule is a 5beta-cardenolide that is 5beta-cardanolide with hydroxy substituents at the 3beta- and 14beta-positions and double bond unsaturation at C(20)-C(22). It is a 3beta-hydroxy steroid and a 14beta-hydroxy steroid. It derives from a hydride of a 5beta-cardanolide.
825,The molecule is a cationic sphingoid obtained by the protonation of the amino group of 1-deoxymethylsphinganine. It is a cationic sphingoid and a Deoxymethylsphingoid base. It is a conjugate acid of a 1-deoxymethylsphinganine.,The molecule is a bioactive sphingoid which is the 1-deoxymethyl derivative of sphinganine. It is an amino alcohol and a sphingoid. It derives from a sphinganine. It is a conjugate base of a 1-deoxymethylsphinganine(1+).
826,"The molecule is a trihydroxyflavone that is flavone substituted by hydroxy groups at positions 4', 5 and 7. It induces autophagy in leukaemia cells. It has a role as a metabolite and an antineoplastic agent. It is a conjugate acid of an apigenin-7-olate.",The molecule is a dihydroxyflavone in which the two hydroxy substituents are located at positions 4' and 7. It has a role as a metabolite.
827,"The molecule is a member of the class of triazoles that is 2,2-dimethylpentane that is substituted at positions 2, 3, and 5 by hydroxy, 1,2,4-triazol-1-yl, and p-chlorophenyl groups, respectively. It is a member of triazoles, a member of monochlorobenzenes and a secondary alcohol.","The molecule is a member of the class of triazoles that is butan-2-ol which is substituted at positions 2, 3, and 4 by phenyl, 1H-1,2,4-triazol-1-yl and p-chlorophenyl groups, respectively. An inhibitor of brassinosteroid biosynthesis. It has a role as a brassinosteroid biosynthesis inhibitor. It is a member of triazoles, a tertiary alcohol and a member of monochlorobenzenes."
828,The molecule is a 2-acyl-sn-glycero-3-phosphoethanolamine in which the acyl group is specified as oleoyl. It is a lysophosphatidylethanolamine 18:1 and a 2-acyl-sn-glycero-3-phosphoethanolamine. It derives from an oleic acid. It is a tautomer of a 2-oleoyl-sn-glycero-3-phosphoethanolamine cation.,"The molecule is a 2-acyl-sn-glycero-3-phosphoethanolamine zwitterion obtained by transfer of a proton from the phosphate to the amino group of 2-oleoyl-sn-glycero-3-phosphoethanolamine; major species at pH 7.3. It is a 2-acyl-sn-glycero-3-phosphoethanolamine zwitterion, a lysophosphatidylethanolamine zwitterion 18:1 and an oleoyl-sn-glycero-3-phosphoethanolamine zwitterion. It derives from an oleic acid. It is a tautomer of a 2-oleoyl-sn-glycero-3-phosphoethanolamine."
829,"The molecule is a trisaccharide consisting of two D-rhamnose units, each linked to a third alpha-D-rhamnose by an alpha-(1->2)- and an (1->3)- linkage, respectively.",The molecule is a linear trisaccharide consisting of three alpha-D-rhamose units joined by an alpha-(1->2)- and an alpha-(1->3)- linkage. It has a role as an epitope.
830,"The molecule is a monocarboxylic acid amide that is 1H-imidazole-4-carboxamide which is substituted at position 5 by a 3,3-dimethyltriaz-1-en-1-yl group. It is used for the treatment of metastatic malignant melanoma, and in combination with other drugs for the treatment of Hodgkin's disease and soft-tissue sarcoma. It has a role as an antineoplastic agent, an alkylating agent, a prodrug and a carcinogenic agent. It is a monocarboxylic acid amide, a member of imidazoles and a triazene derivative.","The molecule is a monocarboxylic acid amide that is dacarbazine in which one of the methyl groups is replaced by a hydrogen. It is the active metabolite of dacarbazine, and is also produced by spontaneous hydrolysis of temozolomide in the body. It has a role as an alkylating agent and an antineoplastic agent. It is a monocarboxylic acid amide, a member of imidazoles and a triazene derivative."
831,"The molecule is a trihydroxyflavanone that consists of 3'-methoxyflavanone in which the three hydroxy substituents are located at positions 4', 5, and 7. It has a role as a metabolite and a flavouring agent. It is a monomethoxyflavanone, a trihydroxyflavanone, a member of 3'-methoxyflavanones and a member of 4'-hydroxyflavanones. It derives from an eriodictyol.","The molecule is a dihydroxyflavanone that is (2S)-flavanone substituted by hydroxy groups at positions 7 and 3', a methoxy group at position 4' and a prenyl group at position 5'. Isolated from Erythrina latissima, it exhibits antimicrobial and radical scavenging activities. It has a role as an antimicrobial agent, a radical scavenger and a plant metabolite. It is a monomethoxyflavanone, a member of 3'-hydroxyflavanones, a dihydroxyflavanone and a member of 4'-methoxyflavanones. It derives from a (2S)-flavanone."
832,The molecule is a non-proteinogenic L-alpha-amino acid that is L-arginine substituted by a methyl group at position 5. It derives from a L-arginine.,The molecule is the cation obtained by protonation of the imine nitrogen of (5S)-5-methyl-L-arginine. It is a conjugate acid of a (5S)-5-methyl-L-arginine.
833,"The molecule is an N-acyl-L-alpha-amino acid cation that is the conjugate acid of N-arachidonoyl-L-alanine, obtained by deprotonation of the carboxy group; major species at pH 7.3. It is a N-acyl-L-alpha-amino acid cation and a N-(fatty acyl)-L-alpha-amino acid cation. It derives from an arachidonate. It is a conjugate acid of a N-arachidonoyl-L-alanine.",The molecule is an N-acyl-L-alanine resulting from the formal condensation of the amino group of L-alanine with the carboxy group of arachidonic acid. It has a role as a mammalian metabolite. It is a N-acyl-L-alanine and a N-(fatty acyl)-L-alpha-amino acid. It derives from an arachidonic acid. It is a conjugate acid of a N-arachidonoyl-L-alaninate.
834,"The molecule is an ammonium ion derivative resulting from the protonation of the tertiary amino group of hoerhammericine. The major species at pH 7.3. Note that the stereoconfiguration of the epoxy group is based on CHEBI:144374, and of the 19 hydroxy group on CHEBI:144372 (the same enzyme produces the two). It is an ammonium ion derivative and an indole alkaloid cation. It is a conjugate acid of a hoerhammericine.","The molecule is an Aspidosperma alkaloid with formula C21H24N2O4 found in Catharantheus lanceus. Note that the stereoconfiguration of the epoxy group is based on CHEBI:144374, and of the 19 hydroxy group on CHEBI:144372 (the same enzyme produces the two). It has a role as a plant metabolite. It is an Aspidosperma alkaloid, an organic heterohexacyclic compound, a tertiary amino compound, an epoxide, a methyl ester, a secondary amino compound and a secondary alcohol. It is a conjugate base of a hoerhammericine(1+)."
835,The molecule is a flavone C-glycoside consisting of luteolin having a beta-D-glucosyl residue at the 6-position. It has a role as a radical scavenger and an antineoplastic agent. It is a tetrahydroxyflavone and a flavone C-glycoside. It derives from a luteolin. It is a conjugate acid of an isoorientin(1-).,"The molecule is a C-glycosyl compound that is luteolin substituted by a beta-D-glucopyranosyl moiety at position 8. It has a role as an antioxidant and a metabolite. It is a C-glycosyl compound, a tetrahydroxyflavone and a 3'-hydroxyflavonoid. It derives from a luteolin."
836,The molecule is an alpha-Neu5Ac-(2->8)-alpha-Neu5Ac-(2->3)-beta-Gal-(1->3)-beta-GalNAc-(1->4)-[alpha-Neu5Ac-(2->8)-alpha-Neu5Ac-(2->3)]-beta-Gal-(1->4)-beta-Glc-(1<->1')-Cer in which the ceramide N-acyl group is specified as octadecanoyl. It is a conjugate acid of an alpha-Neu5Ac-(2->8)-alpha-Neu5Ac-(2->3)-beta-Gal-(1->3)-beta-GalNAc-(1->4)-[alpha-Neu5Ac-(2->8)-alpha-Neu5Ac-(2->3)]-beta-Gal-(1->4)-beta-Glc-(1<->1')-Cer(d18:1/18:0)(4-).,The molecule is an anionic ganglioside obtained by deprotonation of the neuraminosyl carboxy groups of ganglioside GQ1b (d18:1/C18:0); major species at pH 7.3. It is an alpha-Neu5Ac-(2->8)-alpha-Neu5Ac-(2->3)-beta-Gal-(1->3)-beta-GalNAc-(1->4)-[alpha-Neu5Ac-(2->8)-alpha-Neu5Ac-(2->3)]-beta-Gal-(1->4)-beta-Glc-(1<->1')-Cer(d18:1)(4-) and an anionic ganglioside. It is a conjugate base of an alpha-Neu5Ac-(2->8)-alpha-Neu5Ac-(2->3)-beta-Gal-(1->3)-beta-GalNAc-(1->4)-[alpha-Neu5Ac-(2->8)-alpha-Neu5Ac-(2->3)]-beta-Gal-(1->4)-beta-Glc-(1<->1')-Cer(d18:1/18:0).
837,"The molecule is the 4-guanidino derivative of butanoic acid. It has a role as a fungal metabolite, a Saccharomyces cerevisiae metabolite and a mouse metabolite. It derives from a butyric acid. It is a conjugate acid of a 4-guanidinobutanoate. It is a tautomer of a 4-guanidinobutanoic acid cation.",The molecule is benzoic acid substituted at the para position by a guanidino group. It is a member of guanidines and a member of benzoic acids.
838,"The molecule is an acyl-CoA(4-) arising from deprotonation of the phosphate and diphosphate functions of (12Z,15Z,18Z,21Z)-tetracosatetraenoyl-CoA. It is a conjugate acid of a (12Z,15Z,18Z,21Z)-tetracosatetraenoyl-CoA.","The molecule is an unsaturated fatty acyl-CoA that results from the formal condensation of the thiol group of coenzyme A with the carboxy group of (12Z,15Z,18Z,21Z)-tetracosatetraenoic acid. It is an unsaturated fatty acyl-CoA and a very long-chain fatty acyl-CoA. It is a conjugate acid of a (12Z,15Z,18Z,21Z)-tetracosatetraenoyl-CoA(4-)."
839,"The molecule is the 2-O-sulfonato-2'-O-hexadecanoyl derivative of alpha,alpha-trehalose. It is a trehalose sulfate, an organosulfate oxocation and a polyacyl alpha,alpha-trehalose derivative. It derives from an alpha,alpha-trehalose.","The molecule is the conjugate base of alpha,alpha-trehalose-2-sulfate arising from deprotonation of the sulfate group. It derives from an alpha,alpha-trehalose. It is a conjugate base of an alpha,alpha-trehalose-2-sulfate."
840,"The molecule is a member of the class of acridines that is acridine substituted by a chloro group at position 6, a methoxy group at position 2 and a [5-(diethylamino)pentan-2-yl]nitrilo group at position 9. It has a role as an antimalarial and an EC 1.8.1.12 (trypanothione-disulfide reductase) inhibitor. It is a member of acridines, an organochlorine compound, an aromatic ether and a tertiary amino compound. It derives from a hydride of an acridine.","The molecule is a sulfonamide that is N-phenylmethanesulfonamide substituted by a methoxy group at position 3 and an acridin-9-ylamino group at position 4. It exhibits antineoplastic activity. It has a role as an antineoplastic agent and an EC 5.99.1.3 [DNA topoisomerase (ATP-hydrolysing)] inhibitor. It is a sulfonamide, a member of acridines and an aromatic ether."
841,"The molecule is a second-generation oxacephem antibiotic in which the oxazine ring is substituted at C-3 with a hydroxyethyl-substituted tetrazolylthiomethyl group and the azetidinone ring carries 7alpha-methoxy and 7beta-{2-[(difluoromethyl)thiomethyl]acetamido} substituents. It has a role as an antibacterial drug. It is a N-acyl-amino acid, an oxacephem and an organonitrogen heterocyclic antibiotic.",The molecule is a broad-spectrum oxacephem antibiotic in which the oxazine ring is substituted with a tetrazolylthiomethyl group and the azetidinone ring carries methoxy and 2-carboxy-2-(4-hydroxyphenyl)acetamido substituents. It has a role as an antibacterial drug. It is an oxacephem and a cephalosporin.
842,"The molecule is a steroid glucuronide cation that is the conjugate acid of 5alpha-androstane-3beta,17beta-diol 17-O-(beta-D-glucuronide) arising from deprotonation of the carboxylic acid function; major species at pH 7.3. It is a steroid glucosiduronic acid cation, a beta-D-glucosiduronate and a monocarboxylic acid cation. It is a conjugate acid of a 5alpha-androstane-3beta,17beta-diol 17-O-(beta-D-glucuronide).","The molecule is a steroid glucosiduronic acid that is 5alpha-androstane-3beta,17beta-diol having a single beta-D-glucuronic acid residue attached at position 17. It is a steroid glucosiduronic acid, a beta-D-glucosiduronic acid and a 3beta-hydroxy steroid. It derives from a 5alpha-androstane-3beta,17beta-diol. It is a conjugate acid of a 5alpha-androstane-3beta,17beta-diol 17-O-(beta-D-glucuronide)(1-)."
843,"The molecule is a hydroxy-1,4-naphthoquinone that is 1,4-naphthoquinone having three hydroxy substituents placed at the 2-, 5- and 7-positions. It has a role as an Aspergillus metabolite. It is a conjugate acid of a flaviolin-2-olate.","The molecule is the conjugate base of 2,8-dihydroxy-1,4-naphthoquinone arising from selective deprotonation of the 2-hydroxy group; major species at pH 7.3. It is a conjugate base of a 2,8-dihydroxy-1,4-naphthoquinone."
844,"The molecule is a withanolide that is (22R,25S)-22,26-epoxycholesta-1,4-dien-26-one substituted by an oxo group at position 3. Isolated from Paraminabea acronocephala,it exhibits anti-inflammatory activity. It has a role as an anti-inflammatory agent and a coral metabolite. It is a delta-lactone, an organic heterotetracyclic compound, a withanolide, a cholestanoid and a 3-oxo-Delta(1),Delta(4)-steroid.","The molecule is a withanolide that is (22R,25S)-22,26-epoxycholest-4-en-26-one substituted by an oxo group at position 3 and an alpha-acetoxy group at position 11. Isolated from Paraminabea acronocephala, it exhibits anti-inflammatory activity. It has a role as an anti-inflammatory agent and a coral metabolite. It is a delta-lactone, a cholestanoid, an enone, an organic heterotetracyclic compound, a withanolide and an acetate ester."
845,"The molecule is a tricarboxylic acid amide that is a Good's buffer substance, pKa = 6.6 at 20 ℃. It is a dicarboxylic acid, a tricarboxylic acid amide and an ADA. It derives from a nitrilotriacetic acid. It is a conjugate acid of a 2,2'-[(2-amino-2-oxoethyl)imino]diacetate(1-).","The molecule is an ADA. It is a conjugate base of a 2,2'-[(2-amino-2-oxoethyl)imino]diacetic acid. It is a conjugate acid of a 2,2'-[(2-amino-2-oxoethyl)imino]diacetate(2-)."
846,"The molecule is a carbamate ester obtained by the formal condensation of the phenolic group of 3,5-dimethyl-4-(methylsulfanyl)phenol with the carboxy group of methylcarbamic acid. It has a role as an EC 3.1.1.7 (acetylcholinesterase) inhibitor, a molluscicide, an acaricide, an agrochemical, an avicide, a xenobiotic, an environmental contaminant and an insecticide. It is a carbamate ester and an aryl sulfide. It derives from a methylcarbamic acid and a 3,5-dimethyl-4-(methylsulfanyl)phenol.","The molecule is a carbamate ester obtained by the formal condensation of the phenolic group of 3,5-dimethyl-4-(methylsulfinyl)phenol with the carboxy group of methylcarbamic acid. It is a metabolite of the pesticide methiocarb. It has a role as a marine xenobiotic metabolite. It is a sulfoxide and a carbamate ester."
847,"The molecule is a N-arylpiperazine, a quaternary ammonium salt, a piperazinium salt and an organic iodide salt. It has a role as a nicotinic acetylcholine receptor agonist.",The molecule is a symmetrical oxalamide-based bis-quaternary ammonium ion having ethyl and 2-chlorobenzyl groups attached to the nitrogens. It has a role as an EC 3.1.1.8 (cholinesterase) inhibitor.
848,"The molecule is a member of the class of pyridazine that is 3-chloropyridazine which has been substituted at positions 5 and 6 by (morpholin-4-ylcarbonyl)oxy and 2-cyclopropyl-6-methylphenoxy groups, respectively. A selective herbicide used to control broad-leaved and grassy weeds in cereals and rice. It has a role as a herbicide, an agrochemical and an EC 2.5.1.117 (homogentisate solanesyltransferase) inhibitor. It is a member of pyridazines, a carbamate ester, a member of morpholines, an aromatic ether, a member of cyclopropanes and an organochlorine compound.","The molecule is a carbamate ester that is the methyl ester of methoxy(2-{[(3,5,6-trichloropyridin-2-yl)oxy]methyl}phenyl)carbamic acid. A methoxycarbanilate fungicide used on rice and other crops. It has a role as a mitochondrial cytochrome-bc1 complex inhibitor and an antifungal agrochemical. It is a carbamate ester, an aromatic ether, a chloropyridine, a methoxycarbanilate strobilurin antifungal agent and a carbanilate fungicide."
849,"The molecule is a derivative of vitexin having a alpha-L-rhamnosyl residue attached at the 2''-position of the glucitol moiety and a methyl group attached at the O-7 position of the chromene. It is a dihydroxyflavone, a monomethoxyflavone, a disaccharide derivative and a C-glycosyl compound. It derives from a vitexin. It is a conjugate acid of a 7-O-methylvitexin 2''-O-alpha-L-rhamnoside(1-).",The molecule is the conjugate base of vitexin 2''-O-alpha-L-rhamnoside arising from deprotonation of the OH group at position 7 on the chromene. It is a conjugate base of a vitexin 2''-O-alpha-L-rhamnoside.
850,"The molecule is an N(2)-acyl-L-glutamine that has 3-hydroxy-3-methylhexanoyl as the N(2)-acyl group. It is a N(2)-acyl-L-glutamine, a primary carboxamide, a tertiary alcohol and a secondary carboxamide. It derives from a 3-hydroxy-3-methylhexanoic acid. It is a conjugate acid of a N(2)-(3-hydroxy-3-methylhexanoyl)-L-glutaminate.",The molecule is an N(2)-acyl-L-glutaminate resulting from the deprotonation of the carboxy group of N(2)-(3-hydroxy-3-methylhexanoyl)-L-glutamine. The major species at pH 7.3. It is a conjugate base of a N(2)-(3-hydroxy-3-methylhexanoyl)-L-glutamine.
851,"The molecule is a heparin decasaccharide consisting of 4-deoxy-2-O-sulfo-alpha-L-threo-hex-4-enopyranuronosyl, 2-deoxy-6-O-sulfo-2-(sulfoamino)-alpha-D-glucopyranosyl, 2-O-sulfo-alpha-L-idopyranuronosyl, 2-deoxy-6-O-sulfo-2-(sulfoamino)-alpha-D-glucopyranosyl, 2-O-sulfo-alpha-L-idopyranuronosyl, 2-deoxy-6-O-sulfo-2-(sulfoamino)-alpha-D-glucopyranosyl, alpha-L-idopyranuronosyl, 2-acetamido-2-deoxy-6-O-sulfo-alpha-D-glucopyranosyl, beta-D-glucopyranuronosyl, and 2-deoxy-3,6-di-O-sulfo-2-(sulfoamino)-alpha-D-glucopyranose units joined in sequence by (1->4) linkages. Sequence: DUA2S-GlcNS6S-IdoA2S-GlcNS6S-IdoA2S-GlcNS6S-IdoA-GlcNAc6S-GlcA-GlcNS3S6S. It is a heparin decasaccharide, an oligosaccharide sulfate and an amino decasaccharide.","The molecule is a heparin octasaccharide consisting of 4-deoxy-2-O-sulfo-alpha-L-threo-hex-4-enopyranuronosyl, 2-deoxy-6-O-sulfo-2-(sulfoamino)-alpha-D-glucopyranosyl, 2-O-sulfo-alpha-L-idopyranuronosyl, 2-deoxy-6-O-sulfo-2-(sulfoamino)-alpha-D-glucopyranosyl, alpha-L-idopyranuronosyl, 2-acetamido-2-deoxy-6-O-sulfo-alpha-D-glucopyranosyl, beta-D-glucopyranuronosyl, and 2-deoxy-3,6-di-O-sulfo-2-(sulfoamino)-alpha-D-glucopyranose units joined in sequence by (1->4) linkages. Sequence: DUA2S-GlcNS6S-IdoA2S-GlcNS6S-IdoA-GlcNAc6S-GlcA-GlcNS3S6S. It is a heparin octasaccharide, an oligosaccharide sulfate and an amino octasaccharide."
852,"The molecule is a 1,2-diacyl-sn-glycerol in which the 1- and 2-acyl groups are specified as palmitoleoyl and stearoyl respectively. It has a role as a mouse metabolite. It derives from an octadecanoic acid and a palmitoleic acid.","The molecule is a diacylglycerol 34:1 in which the acyl groups specified at positions 1 and 2 are (11Z)-octadecenoyl and hexadecanoyl respectively. It is a diacylglycerol 34:1 and a 1,2-diacyl-sn-glycerol. It derives from a cis-vaccenic acid and a hexadecanoic acid."
853,The molecule is an organophosphate oxocation obtained by deprotonation of the phosphate OH groups of isopentenyl phosphate; major species at pH 7.3. It is a conjugate acid of an isopentenyl phosphate.,The molecule is a monoalkyl phosphate that is isopentenyl alcohol in which the hydroxyl hydrogen is substituted by a phosphate group. It derives from an isopentenyl alcohol. It is a conjugate acid of an isopentenyl phosphate(2-).
854,"The molecule is a 3-[5-cyano-1-(4-fluorophenyl)-1,3-dihydro-2-benzofuran-1-yl]-N,N-dimethylpropan-1-aminium resulting from the protonation of the tertiary amino group of escitalopram. It is a conjugate acid of an escitalopram. It is an enantiomer of a (R)-citalopram(1+).","The molecule is a 1-[3-(dimethylamino)propyl]-1-(4-fluorophenyl)-1,3-dihydro-2-benzofuran-5-carbonitrile that has S-configuration at the chiral centre. It is the active enantiomer of citalopram. It has a role as an antidepressant and an EC 3.4.21.26 (prolyl oligopeptidase) inhibitor. It is a conjugate base of an escitalopram(1+). It is an enantiomer of a (R)-citalopram."
855,"The molecule is a hydroxy saturated fatty acid cation that is the conjugate acid of 9-hydroxydecanoic acid, obtained by deprotonation of the carboxy group; major species at pH 7.3. It is a conjugate acid of a 9-hydroxyoctadecanoic acid.",The molecule is a hydroxyoctadecanoic acid that is octadecanoic acid (stearic acid) which has been substituted by a hydroxy group at position 9. It is a conjugate acid of a 9-hydroxyoctadecanoate.
856,"The molecule is a single-stranded DNA oligonucleotide composed of three deoxythymidylic acid residues connected by 3'->5' phosphodiester linkages and terminated by a 5'-phosphate. It contains a dTMP 3'-end residue, a dTMP 5'-end residue and a thymidine 5'-monophosphate residue.","The molecule is a triple-stranded DNA polynucleotide consisting of two strands of thymidine and residues, with a complementary strand of deoxyadenosine residues, all residues in each strand being connected by 3'->5' phosphodiester linkages. It contains a poly(deoxythymidylic acid) and a poly(deoxyadenylic acid)."
857,"The molecule is a 2-oxo monocarboxylic acid that is acetic acid bearing an oxo group at the alpha carbon atom. It has a role as a human metabolite, an Escherichia coli metabolite, a Saccharomyces cerevisiae metabolite and a mouse metabolite. It is a 2-oxo monocarboxylic acid and an aldehydic acid. It is a conjugate acid of a glyoxylate.",The molecule is the conjugate base of glyoxylic acid. It has a role as a human metabolite and a Saccharomyces cerevisiae metabolite. It is a conjugate base of a glyoxylic acid.
858,The molecule is the monocarboxylic acid cation formed by loss of a proton from the carboxy group of perillic acid; principal microspecies at pH 7.3. It is a conjugate acid of a perillic acid.,"The molecule is an alpha,beta-unsaturated monocarboxylic acid and a cyclohexenecarboxylic acid. It has a role as an antineoplastic agent, a human metabolite and a mouse metabolite. It is a conjugate acid of a perillate."
859,The molecule is an acyl chloride consisting of benzoyl chloride having a chloro substituent in the ortho-position. It is an acyl chloride and a member of monochlorobenzenes. It derives from a 2-chlorobenzoic acid.,The molecule is an acyl chloride consisting of benzoyl chloride having a chloro substituent in the para-position. It is an acyl chloride and a member of monochlorobenzenes. It derives from a 4-chlorobenzoic acid.
860,"The molecule is a monoterpenoid indole alkaloid that is strychnidine bearing a keto substituent at the 10-position. It has a role as an avicide, a glycine receptor antagonist, a cholinergic antagonist, a rodenticide and a neurotransmitter agent. It is a monoterpenoid indole alkaloid and an organic heteroheptacyclic compound. It is a conjugate acid of a strychnine(1+). It derives from a hydride of a strychnidine.","The molecule is a hydrochloride obtained by combining strychnine with one molar equivalent of hydrogen chloride. It has a role as an avicide, a cholinergic antagonist, a glycine receptor antagonist, a rodenticide and a neurotransmitter agent. It is a hydrochloride and an organoammonium salt. It contains a strychnine(1+)."
861,The molecule is a steroid glucuronide cation that is the conjugate acid of calcitriol 25-O-(beta-D-glucuronide) arising from deprotonation of the carboxylic acid function; major species at pH 7.3. It derives from a calcitriol. It is a conjugate acid of a calcitriol 25-O-(beta-D-glucuronide).,"The molecule is a steroid glucosiduronic acid that is calcitriol in which the hydroxy hydrogen at position 25 has been replaced by a beta-D-glucuronyl residue. It has a role as a human xenobiotic metabolite. It is a steroid glucosiduronic acid, a member of D3 vitamins and a beta-D-glucosiduronic acid. It derives from a calcitriol. It is a conjugate acid of a calcitriol 25-O-(beta-D-glucuronate)."
862,"The molecule is a dipeptide that consists of two piperidine-4-carboxylic acid units (connected via amide linkages) where the amino terminus is acylated by a 3-[2-(2-{[4-(indol-3-yl)butanoyl]amino}ethoxy)ethoxy]propanoyl group and the carboxy terminus is formally condensed with the amino group of 3-[2-(2-aminoethoxy)ethoxy]propanoic acid, the carboxy group of which is in turn formally condensed with the alpha-amino group of N(6)-5-nitrofuroyllysine. It is a C-nitro compound, a member of furans, a member of indoles, a polyether and a dipeptide.","The molecule is a tripeptide that consists of a glycine residue flanked by two piperidine-4-carboxylic acid units (connected via amide linkages) where the amino terminus is acylated by a 3-[2-(2-{[4-(indol-3-yl)butanoyl]amino}ethoxy)ethoxy]propanoyl group and the carboxy terminus is formally condensed with the amino group of 3-[2-(2-aminoethoxy)ethoxy]propanoic acid, the carboxy group of which is in turn formally condensed with the alpha-amino group of N(6)-5-nitrofuroyllysine. It is a C-nitro compound, a member of furans, a member of indoles, a polyether and a tripeptide."
863,"The molecule is an optically active form of ornithine having L-configuration. It has a role as a hepatoprotective agent, an algal metabolite and a mouse metabolite. It is an ornithine and a non-proteinogenic L-alpha-amino acid. It is a conjugate acid of a L-ornithinium(1+). It is a conjugate acid of a L-ornithinate. It is an enantiomer of a D-ornithine.","The molecule is an L-arginine derivative in which the guanidino NH2 group of L-arginine is replaced by a methylsufanyl group. It has a role as an EC 1.14.13.39 (nitric oxide synthase) inhibitor and a neuroprotective agent. It is a L-arginine derivative, a L-ornithine derivative, a non-proteinogenic L-alpha-amino acid and an imidothiocarbamic ester."
864,"The molecule is an L-ornithine derivative that is the amide obtained by formal condensation of the carboxy group of L-ornithine with the amino group of 2-naphthylamine. It has a role as a chromogenic compound. It is a N-(2-naphthyl)carboxamide, an amino acid amide and a L-ornithine derivative.","The molecule is an L-lysine derivative that is the amide obtained by formal condensation of the carboxy group of L-lysine with the amino group of 2-naphthylamine. It has a role as a chromogenic compound. It is a N-(2-naphthyl)carboxamide, an amino acid amide and a L-lysine derivative."
865,"The molecule is a secondary amino compound that is 3,4-dimethoxyphenylethylamine in which one of the hydrogens attached to the nitrogen has been replaced by a 4-cyano-4-(3,4-dimethoxyphenyl)-5-methylhexyl group. It is an aromatic ether, a nitrile, a polyether and a secondary amino compound.","The molecule is a nitrile that is pentanenitrile substituted by a 3,4-dimethoxyphenyl group at position 2, a methylamino group at position 4 and an isopropyl group at position 2. It is a metabolite of the drug verapamil. It has a role as a marine xenobiotic metabolite and a drug metabolite. It is a dimethoxybenzene, a nitrile and a secondary amino compound."
866,The molecule is a triterpene that is an isomer of lanostane obtained by migration of the methyl group from 10 to the 9beta position.,The molecule is a triterpene that is lanostane in which there is a methylene bridge between the 5- and 9-positions. It derives from a hydride of a lanostane.
867,"The molecule is a monocarboxylic acid cation that is the conjugate acid of methoxyacetic acid, obtained by deprotonation of the carboxy group. It is a conjugate acid of a methoxyacetic acid.","The molecule is a monocarboxylic acid that is acetic acid in which one of the methyl hydrogens is replaced by a methoxy group. It has a role as a human xenobiotic metabolite, an apoptosis inducer, a mutagen and an antineoplastic agent. It is a monocarboxylic acid and an ether. It derives from an acetic acid. It is a conjugate acid of a methoxyacetate."
868,The molecule is a propanone consisting of acetone having an amino group at the 1-position. It has a role as an Escherichia coli metabolite and a mouse metabolite. It is a methyl ketone and a member of propanones. It derives from an acetone. It is a conjugate acid of an ammonioacetone.,"The molecule is an ammonium ion that is the conjugate acid of aminoacetone, arising from protonation of the primary amino group; major species at pH 7.3. It has a role as a human metabolite and a Saccharomyces cerevisiae metabolite. It is an organic cation and an ammonium ion derivative. It is a conjugate acid of an aminoacetone."
869,"The molecule is an organosulfate oxocation that is the conjugate acid of 2-palmitoyl-3-stearoyl-2'-sulfo-alpha,alpha-trehalose arising from deprotonation of the sulfate OH group; major species at pH 7.3. It has a role as a bacterial metabolite. It is a conjugate acid of a 2-palmitoyl-3-stearoyl-2'-sulfo-alpha,alpha-trehalose.","The molecule is an organosulfate oxoanion that is the conjugate base of 2',3'-dipalmitoyl-2-sulfo-alpha,alpha-trehalose arising from deprotonation of the sulfate OH group; major species at pH 7.3. It has a role as a bacterial metabolite. It is a conjugate base of a 2,3-dipalmitoyl-2'-sulfo-alpha,alpha-trehalose."
870,The molecule is a dipeptide formed from L-histidine and L-proline residues. It has a role as a metabolite. It is a tautomer of a His-Pro cation.,The molecule is a dipeptide zwitterion obtained by transfer of a proton from the carboxy to the amino terminus of His-Pro. Major species at pH 7.3. It is a tautomer of a His-Pro.
871,The molecule is an organophosphate oxocation that is MgADP which has lost the proton attached to the diphosphate moiety. It contains a magnesium(2+). It is a conjugate acid of a MgADP.,The molecule is a magnesium salt composed of Mg(2+) and ADP(2-) ions in a 1:1 ratio. Magnesium-ADP is a potassium channel activator. It has a role as a potassium channel opener. It contains an ADP(2-). It is a conjugate acid of a MgADP(1-).
872,The molecule is the conjugate acid of morphine arising from protonation of the tertiary amino group; major species at pH 7.3. It is an ammonium ion derivative and an organic cation. It is a conjugate acid of a morphine.,"The molecule is a morphinane alkaloid that is a highly potent opiate analgesic psychoactive drug. Morphine acts directly on the central nervous system (CNS) to relieve pain but has a high potential for addiction, with tolerance and both physical and psychological dependence developing rapidly. Morphine is the most abundant opiate found in Papaver somniferum (the opium poppy). It has a role as an opioid analgesic, a mu-opioid receptor agonist, a plant metabolite, an environmental contaminant, a xenobiotic, a vasodilator agent, an anaesthetic and a drug allergen. It is an organic heteropentacyclic compound, a tertiary amino compound and a morphinane alkaloid. It is a conjugate base of a morphine(1+). It derives from a hydride of a morphinan."
873,"The molecule is a hydroxy-1,4-naphthoquinone that is 1,4-naphthoquinone in which the hydrogen at position 5 has been replaced by a hydroxy group. A plant-derived 1,4-naphthoquinone with confirmed antibacterial and antitumor activities. It has a role as a herbicide.","The molecule is 1,4-Naphthoquinone carrying a hydroxy function at C-2. It is obtained from the leaves of Lawsonia inermis. It has a role as a protective agent and an antifungal agent. It is a tautomer of a naphthalene-1,2,4-trione."
874,"The molecule is a cyclodiene organochlorine insecticide that is 3a,4,7,7a-tetrahydro-1H-4,7-methanoindene substituted by chlorine atoms at positions 1, 4, 5, 6, 7, 8 and 8. Formerly used to kill termites, ants and other insects in agricultural and domestic situations. It has a role as a GABA-gated chloride channel antagonist, an agrochemical, an antibacterial agent, a persistent organic pollutant and an antifungal agent. It derives from a hydride of a 1H-indene.",The molecule is a cyclodiene organochlorine insecticide. It has a role as a GABA-gated chloride channel antagonist and a persistent organic pollutant. It derives from a hydride of an indene.
875,"The molecule is an aromatic ether that is the 3-O-methyl ether of 3,4-dihydroxymandelic acid. It has a role as a human metabolite. It is an aromatic ether, a 2-hydroxy monocarboxylic acid and a member of phenols. It derives from a mandelic acid. It is a conjugate acid of a vanillylmandelate.",The molecule is a hydroxy monocarboxylic acid anion that is the conjugate base of vanillylmandelic acid. It has a role as a human metabolite. It derives from a mandelate. It is a conjugate base of a vanillylmandelic acid.
876,"The molecule is a dimethoxyflavone that is the 3,6-dimethyl ether derivative of quercetagetin. It has a role as a plant metabolite. It is a tetrahydroxyflavone and a dimethoxyflavone. It derives from a quercetagetin.","The molecule is a dimethoxyflavone that is the 3,7-di-O-methyl derivative of quercetagetin. It is a tetrahydroxyflavone and a dimethoxyflavone. It derives from a quercetagetin. It is a conjugate acid of a 3',4',5,6-tetrahydroxy-3,7-dimethoxyflavone(1-)."
877,"The molecule is a monohydroxyflavanone that is (2S)-flavanone substituted by a hydroxy group at position 7, a methoxy group at position 5 and a methyl group at position 8. It has been isolated from the buds of Cleistocalyx operculatus. It has a role as a plant metabolite. It is a monomethoxyflavanone and a monohydroxyflavanone. It derives from a (2S)-flavanone.",The molecule is a monohydroxyflavanone that is (2S)-flavanone substituted by a hydroxy group at position 5 and a methoxy group at position 7 respectively. It has a role as a plant metabolite and an antidote. It is a monohydroxyflavanone and a monomethoxyflavanone. It derives from a (2S)-flavanone.
878,"The molecule is an aromatic amide obtained by formal condensation of the carboxy group of 2-{[(4-{N'-[(hexyloxy)carbonyl]carbamimidoyl}phenyl)amino]methyl}-1-methyl-1H-benzimidazole-5-carboxylic acid with the secondary amino group of ethyl N-pyridin-2-yl-beta-alaninate. A prodrug for dabigatran, a thrombin inhibitor and anticoagulant which is used for the prevention of stroke and systemic embolism. It has a role as an anticoagulant, a prodrug and an EC 3.4.21.5 (thrombin) inhibitor. It is a member of benzimidazoles, an aromatic amide, a carboxylic ester, a carboxamidine, a member of pyridines and a beta-alanine derivative. It derives from a dabigatran. It is a conjugate acid of a dabigatran etexilate(1+).",The molecule is an organic cation that is the conjugate acid of dabigatran etexilate. It is a conjugate acid of a dabigatran etexilate.
879,The molecule is a phosphatidylcholine 40:1 in which the acyl groups specified at positions 1 and 2 are eicosanoyl and (11Z)-eicosenoyl respectively. It derives from an icosanoic acid and an (11Z)-icos-11-enoic acid.,The molecule is a phosphatidylcholine 40:1 in which the acyl groups specified at positions 1 and 2 are (9Z)-octadecenoyl and docosanoyl respectively. It derives from an oleic acid and a docosanoic acid.
880,"The molecule is an icosanoid cation that is the conjugate acid of 8,20-DiHETE arising from deprotonation of the carboxylic acid function; major species at pH 7.3. It is an omega-hydroxy fatty acid cation, an icosanoid cation, a long-chain fatty acid cation, a polyunsaturated fatty acid cation and a dihydroxyicosatetraenoate. It derives from an 8-HETE(1-). It is a conjugate acid of an 8,20-DiHETE.","The molecule is a DiHETE that is 8-HETE carrying an additional hydroxy substituent at position 20. It has a role as a human xenobiotic metabolite. It is a dihydroxyicosatetraenoic acid and an omega-hydroxy fatty acid. It derives from an 8-HETE. It is a conjugate acid of an 8,20-DiHETE(1-)."
881,"The molecule is a triterpenoid of the class of onoceranoid-type terpenoids isolated from the twigs of Lansium domesticum. It has a role as a plant metabolite and an antibacterial agent. It is a triterpenoid, a hydroxy monocarboxylic acid and an ethyl ester.","The molecule is a triterpenoid that is the 3-ethyl ester of lansic acid. It has been isolated from the twigs of Lansium domesticum. It has a role as a plant metabolite and an antibacterial agent. It is a triterpenoid, an ethyl ester and a dicarboxylic acid monoester. It derives from a lansic acid."
882,"The molecule is a myricetin O-glucuronide that is myricetin with a beta-D-glucosiduronic acid residue attached at the 5-position. It has a role as a metabolite. It is a myricetin O-glucuronide, a pentahydroxyflavone, a member of flavonols and a monosaccharide derivative.","The molecule is a myricetin O-glucuronide that is myricetin with a beta-D-glucosiduronic acid residue attached at the 3-position. It has a role as a metabolite. It is a myricetin O-glucuronide, a pentahydroxyflavone and a monosaccharide derivative."
883,"The molecule is a 3-sn-phosphatidyl-L-serine(1-) that is the conjugate acid of 1,2-dilauroyl-sn-glycero-3-phosphoserine, obtained by deprotonation of the phosphate OH group; major species at pH 7.3. It is a conjugate acid of a 1,2-dilauroyl-sn-glycero-3-phosphoserine.",The molecule is a phosphatidyl-L-serine in which the phosphatidyl acyl groups are both myristoyl. It is a phosphatidyl-L-serine and a tetradecanoate ester.
884,The molecule is a 2-(omega-methylthio)alkylmaleate(2-) obtained by deprotonation of both carboxy groups of 2-(2-methylthio)ethylmaleic acid; major species at pH 7.3. It is a conjugate acid of a 2-(2-methylthio)ethylmaleic acid.,The molecule is a 2-(omega-methylthio)alkylmaleic acid in which the 2-alkyl group is specified as 2-methylthioethyl. It is a conjugate acid of a 2-(2-methylthio)ethylmaleate(2-).
885,The molecule is a phosphatidylcholine 24:0 in which the acyl groups specified at positions 1 and 2 are nonanoyl and pentadecanoyl respectively. It derives from a nonanoic acid and a pentadecanoic acid.,"The molecule is a phosphatidylcholine 24:0 in which the acyl groups at positions 1 and 2 are specified as lauroyl (dodecanoyl). It has a role as a LRH-1 agonist. It is a phosphatidylcholine 24:0 and a dodecanoate ester. It is a conjugate base of a 1,2-dilauroyl-sn-glycero-3-phosphocholine(1+)."
886,The molecule is the fatty acid ethyl ester of isovaleric acid. It has a role as a metabolite. It derives from an isovaleric acid.,"The molecule is a carboxylic ester obtained by the formal condensation of the carboy group of 3,3,4-trimethylpentanoic acid with ethanol. It has a role as a metabolite."
887,The molecule is a fatty acid methyl ester of undecanoic acid. It has a role as a metabolite. It derives from an undecanoic acid.,"The molecule is a beta-hydroxyketone that is 3-hydroxycyclopentanone in which a hydrogen at position 4 is replaced by a (1E)-4-hydroxy-4-methyloct-1-en-1-yl group and a hydrogen at position 5 is replaced by a 7-methoxy-7-oxoheptyl group. It is a tertiary alcohol, a secondary alcohol, a beta-hydroxy ketone, a cyclic ketone and a methyl ester."
888,"The molecule is an N-(polyunsaturated fatty acyl)ethanolamine obtained by formal epoxidation across the 8,9-double bond of anandamide. It has a role as a human xenobiotic metabolite. It is a N-(long-chain-acyl)ethanolamine, a N-(polyunsaturated fatty acyl)ethanolamine, an endocannabinoid and an epoxide. It derives from an anandamide and an 8,9-EET.","The molecule is an N-(polyunsaturated fatty acyl)ethanolamine obtained by formal epoxidation across the 11,12-double bond of anandamide. It has a role as a human xenobiotic metabolite. It is a N-(long-chain-acyl)ethanolamine, a N-(polyunsaturated fatty acyl)ethanolamine, an endocannabinoid and an epoxide. It derives from an anandamide and an 11,12-EET."
889,"The molecule is an omega-hydroxy fatty acid ascaroside obtained by formal condensation of the alcoholic hydroxy group of (2E)-11-hydroxyundec-2-enoic acid with ascarylopyranose (the alpha anomer). It is a metabolite of the nematode Caenorhabditis elegans. It has a role as a Caenorhabditis elegans metabolite. It is an alpha,beta-unsaturated monocarboxylic acid and an omega-hydroxy fatty acid ascaroside. It derives from a (2E)-11-hydroxyundec-2-enoic acid. It is a conjugate acid of an oscr#17(1-).","The molecule is a hydroxy fatty acid ascaroside anion that is the conjugate base of oscr#17, obtained by deprotonation of the carboxy group; major species at pH 7.3. It is a conjugate base of an oscr#17."
890,The molecule is the acetate ester of benzyl alcohol. It has a role as a metabolite. It is an acetate ester and a benzyl ester.,"The molecule is an acetate ester obtained by the formal condensation of (3,4-dimethoxyphenyl)methanol (veratryl alcohol) with acetic acid. It is an acetate ester and a dimethoxybenzene. It derives from a (3,4-dimethoxyphenyl)methanol."
891,"The molecule is a trimethoxyflavone that is flavone substituted by methoxy groups at positions 3, 6 and 4' and hydroxy groups at positions 5 and 7 respectively. It has a role as a plant metabolite. It is a trimethoxyflavone and a dihydroxyflavone. It derives from a flavone.","The molecule is a trimethoxyflavone that is the 3,5,7-trimethyl ether derivative of galangin. It has a role as a plant metabolite. It derives from a galangin."
892,The molecule is the dication resulting from deprotonation of the amino and guanidino groups of agmatine; major species at pH 7.3. It has a role as a human metabolite. It is a conjugate acid of an agmatine.,"The molecule is a member of the class of guanidines that is agmatine in which one of the methylene hydrogens adjacent to the primary amino group has been replaced by an allenyl group. It has a role as a Brassica napus metabolite and an EC 4.1.1.19 (arginine decarboxylase) inhibitor. It is a member of guanidines, a primary amino compound and a member of allenes. It derives from an agmatine."
893,"The molecule is a branched-chain hydroxy fatty acid consisting of heptanoic acid with an isopropenyl group at the 3-position and the hydroxy group at the 6-position. It is a hydroxy fatty acid, a medium-chain fatty acid and a branched-chain fatty acid. It is a conjugate acid of a 6-hydroxy-3-isopropenylheptanoate.","The molecule is a hydroxy monocarboxylic acid anion that is the conjugate base of 6-hydroxy-3-isopropenylheptanoic acid, arising from deprotonation of the carboxy group. Product of the hydrolysis of 4-isopropenyl-7-methyloxepan-2-one. It is a hydroxy fatty acid anion and a branched-chain fatty acid anion. It is a conjugate base of a 6-hydroxy-3-isopropenylheptanoic acid."
894,"The molecule is a member of the class of benzamides, obtained by formal condensation of the carboxy group of 2-(trifluoromethyl)benzoic acid with the amino group of 3-(ispropyloxy)aniline. A fungicide used to control a range of pathogens especially Rhizoctonia spp. on rice, turf and other crops. It has a role as an EC 1.3.5.1 [succinate dehydrogenase (quinone)] inhibitor and an antifungal agrochemical. It is a member of benzamides, an aromatic ether, a member of (trifluoromethyl)benzenes and a benzanilide fungicide.","The molecule is a member of the class of benzamides, obtained by formal condensation of the carboxy group of 2-methylbenzoic acid with the amino group of 3-(ispropyloxy)aniline. A fungicide used to control diseases caused by Basidomycetes including Rhizoctonia and Puccinia spp. It has a role as an EC 1.3.5.1 [succinate dehydrogenase (quinone)] inhibitor and an antifungal agrochemical. It is a member of benzamides, an aromatic ether and a benzanilide fungicide."
895,The molecule is a galactonate compound having D-configuration. It has a role as a human metabolite. It is a conjugate acid of a D-galactonic acid. It is an enantiomer of a L-galactonate.,The molecule is a galactonic acid compound having D-configuration. It is a conjugate acid of a D-galactonate. It is an enantiomer of a L-galactonic acid.
896,"The molecule is a medium-chain fatty acyl-CoA having hexanoyl as the S-acyl group. It has a role as a human metabolite, an Escherichia coli metabolite and a mouse metabolite. It derives from a hexanoic acid and a coenzyme A. It is a conjugate acid of a hexanoyl-CoA(4-).",The molecule is an acyl-CoA(4-) oxoanion arising from deprotonation of the phosphate and diphosphate OH groups of hexanoyl-CoA; major species at pH 7.3. It is a saturated fatty acyl-CoA(4-) and a medium-chain fatty acyl-CoA(4-). It is a conjugate base of a hexanoyl-CoA.
897,The molecule is a chlorocarboxylic acid that is acetic acid carrying a 2-chloro substituent. It has a role as an alkylating agent and a herbicide. It is a chlorocarboxylic acid and a haloacetic acid. It derives from an acetic acid. It is a conjugate acid of a chloroacetate.,The molecule is a haloacetate(1-) resulting from the deprotonation of the carboxy group of chloroacetic acid. It derives from an acetate. It is a conjugate base of a chloroacetic acid.
898,"The molecule is a steroid acid ester, an 11beta-hydroxy steroid, a 20-oxo steroid, a 21-hydroxy steroid, a 17alpha-hydroxy steroid, a 3-oxo-Delta(1),Delta(4)-steroid, a primary alpha-hydroxy ketone and a tertiary alpha-hydroxy ketone. It derives from a prednisolone-16-carboxylic acid.","The molecule is a methyl prednisolone-16-carboxylate, a primary alpha-hydroxy ketone and a tertiary alpha-hydroxy ketone. It derives from a prednisolone-16alpha-carboxylic acid."
899,The molecule is a tetrapeptide composed of L-lysine and three L-methionine units joined in sequence by peptide linkages. It has a role as a metabolite. It derives from a L-lysine and a L-methionine.,The molecule is a tetrapeptide composed of one L-cysteine and three L-methionine units joined by peptide linkages. It has a role as a metabolite. It derives from a L-cysteine and a L-methionine.
900,"The molecule is an alkyl caffeate ester obtained by the formal condensation of hydroxy groups at positions 1 and 3 of ()-quinic acid with two molecules of trans-caffeic acid. It has a role as a plant metabolite. It is a quinic acid and an alkyl caffeate ester. It derives from a trans-caffeic acid and a (-)-quinic acid. It is a conjugate acid of a 1,3-dicaffeoylquinate.","The molecule is a cinnamate ester obtained by the formal condensation of hydroxy groups at positions 1, 3, 4 and 5 of (-)-quinic acid with the carboxy group of four molecules of trans-caffeic acid respectively. It has a role as a plant metabolite. It derives from a trans-caffeic acid and a (-)-quinic acid."
901,"The molecule is a precorrin. It derives from a hydrogenobyrinic acid. It is a conjugate acid of a hydrogenobyrinic acid a,c-diamide(4-) and a hydrogenobyrinic acid a,c-diamide(2-).","The molecule is a precorrin carboxylic acid anion that is the dianionic form of hydrogenobyrinic acid a,c-diamide. It is the major microspecies at pH 7.3 (according to Marvin v 6.2.0.). It is a conjugate base of a hydrogenobyrinic acid a,c-diamide. It is a conjugate acid of a hydrogenobyrinic acid a,c-diamide(4-)."
902,"The molecule is an amino disaccharide consisting of 2-O-sulfo-alpha-L-idopyranuronic acid and 2-acetamido-D-galatopyranose residues joined by a (1->3) glycosidic bond. It is an amino disaccharide, an oligosaccharide sulfate, a carbohydrate acid derivative and a member of acetamides. It derives from a N-acetyl-D-galactosamine and a 2-O-sulfo-alpha-L-idopyranuronic acid.","The molecule is an oligosaccharide sulfate consisting of alpha-L-pyranuronosyl and 2-acetamido-2-deoxy-4-O-sulfo-D-galactopyranose residues joined in sequence by a (1->3) glycosidic bond. It is an oligosaccharide sulfate, an amino disaccharide and a member of acetamides."
903,The molecule is a carboxylic ester arising from the formal condensation of the alcoholic hydroxy group of one molecule of (3R)-3-hydroxybutanoic acid with the the carboxylic acid group of another. It is a sex pheromone in the European spider Linyphia triangularis. It has a role as a pheromone and a fungal metabolite. It is a carboxylic ester and a (3R)-3-hydroxybutanoic acid oligomer. It derives from a butyric acid. It is a conjugate acid of a (R)-3-[(R)-3-hydroxybutanoyloxy]butanoate.,The molecule is a hydroxy monocarboxylic acid anion that is the conjugate base of (R)-3-[(R)-3-hydroxybutanoyloxy]butanoic acid It derives from a butyrate. It is a conjugate base of a (R)-3-[(R)-3-hydroxybutanoyloxy]butanoic acid.
904,"The molecule is an amino disaccharide consisting of N-acetyl-beta-D-glucosamine with an N-acetyl-beta-D-galactosaminyl residue atached at the 3-position. It is an amino disaccharide, a galactosamine oligosaccharide and a glucosamine oligosaccharide.",The molecule is an amino disaccharide consisting of N-acetylglucosamine having an N-acetylgalactosaminyl resiude attached at the 4-position via a beta-linkage. It has a role as an epitope.
905,The molecule is a simplest member of the class of isoflavones that is 4H-chromen-4-one in which the hydrogen at position 3 is replaced by a phenyl group.,The molecule is a member of the class of 7-hydroxyisoflavones that is 3-phenyl-4H-chromen-4-one which is substituted by a hydroxy group at position 7 and chloro groups at positions 2' and 4'. It is a SIRT1 activator. It is a member of 7-hydroxyisoflavones and a dichlorobenzene.
906,"The molecule is a metal oxide with formula CeO2. It is used for polishing glass, in coatings for infra-red filters to prevent reflection, and as an oxidant and catalyst in organic synthesis. It is a cerium molecular entity and a metal oxide.",The molecule is a molybdenum coordination entity consisting of a cntral molybdenum in the +5 oxidation state coordinated to two oxygens and one sulfanyl group.
907,"The molecule is a member of the class of chlorohydroquinones that is hydroquinone in which three of the four hydrogens attached to the benzene ring have been replaced by chlorines. It is a conjugate acid of a 2,3,6-trichloro-4-hydroxyphenolate.","The molecule is a phenolate anion that is 2,3,5-trichlorobenzene-1,4-diol in which the hydroxy group that is ortho- to two chlorines has undergone deprotonation. The major species at pH 7.3. It is a conjugate base of a 2,3,5-trichlorobenzene-1,4-diol."
908,The molecule is an aporphine alkaloid that is (S)-corytuberine in which the nitrogen has been quaternised by an additional methyl group. It has a role as a plant metabolite. It is an aporphine alkaloid and a quaternary ammonium ion. It derives from a (S)-corytuberine.,The molecule is a aporphine alkaloid that is the quaternary ammonium ion obtained by methylation of the tertiary amino group of bulbocapnine. It is an aporphine alkaloid and a quaternary ammonium ion. It derives from a bulbocapnine.
909,The molecule is the dication of Alexa Fluor 488 meta-isomer. It has a role as a fluorochrome. It is a xanthene dye and an organosulfonate oxocation.,"The molecule is a fluorescent dye of absorption wavelength 555 nm and emission wavelength 565 nm, derived from a 3,6-diaminoxanthene-4,5-disulfate. It has a role as a fluorochrome."
910,"The molecule is a steroid saponin that is beta-sitosterol substituted by a 3-O-hexacosanoyl-beta-D-glucopyranosyl residue at position 3 via a glycosidic linkage. Isolated from Acer okamotoanum, it exhibits anti-complement activity. It has a role as a plant metabolite. It is a steroid saponin, a monosaccharide derivative and a beta-D-glucoside. It derives from a sitosterol and a hexacosanoic acid. It derives from a hydride of a stigmastane.","The molecule is a steroid saponin that is sitosterol attached to a 6-O-hexadecanoyl-beta-D-glucopyranosyl residue at position 3 via a glycosidic linkage. It has been isolated from Breynia fruticosa. It has a role as a plant metabolite. It is a fatty acid ester, a steroid saponin, a beta-D-glucoside and a monosaccharide derivative. It derives from a hexadecanoic acid and a sitosterol. It derives from a hydride of a stigmastane."
911,The molecule is a terminal acetylenic compound that is butane carrying a triple bond at position 1. It is an alkyne and a terminal acetylenic compound.,The molecule is an alkyne that is decane carrying a triple bond at position 1. It has a role as a metabolite. It is an alkyne and a terminal acetylenic compound.
912,"The molecule is an N-acyl-L-alpha-amino acid cation that is the conjugate acid of N-chloroacetyl-L-phenylalanine, arising from the deprotonation of the carboxy group; major species at pH 7.3.","The molecule is an N-acyl-D-alpha-amino acid anion that is the conjugate base of N-chloroacetyl-D-phenylalanine, arising from the deprotonation of the carboxy group; major species at pH 7.3."
913,"The molecule is an oligopeptide consisting of N-(pyrazin-2-ylcarbonyl)cyclohexylalanyl, 3-methylvalyl, octahydrocyclopenta[c]pyrrole-1-carboxy, and 3-amino-N-cyclopropyl-2-oxohexanamide residues joined in sequence. Used for treatment of chronic hepatitis C virus genotype 1 infection. It has a role as a peptidomimetic, a hepatitis C protease inhibitor and an antiviral drug. It is an oligopeptide, a member of pyrazines, a cyclopentapyrrole and a member of cyclopropanes.","The molecule is a synthetic tripeptide consisting of N-(tert-butylcarbamoyl)-3-methyl-L-valyl, a cyclopropyl-fused prolyl and 3-amino-4-cyclobutyl-2-oxobutanamide residues joined in sequence. Used for treatment of chronic hepatitis C virus genotype 1 infection. It has a role as a hepatitis C protease inhibitor, a peptidomimetic and an antiviral drug. It is a tripeptide and a member of ureas."
914,"The molecule is an octadecatrienoyl-CoA(4-) obtained by deprotonation of the phosphate and diphosphate OH groups of (2E,9Z,12Z)-octadecatrienoyl-CoA. It is a 2,3-trans-enoyl CoA(4-) and an octadecatrienoyl-CoA(4-). It is a conjugate acid of a (2E,9Z,12Z)-octadecatrienoyl-CoA.","The molecule is an octadecatrienoyl-CoA that results from the formal condensation of the thiol group of coenzyme A with the carboxy group of (2E,9Z,12Z)-octadecatrienoic acid. It is a trans-2-enoyl-CoA and an octadecatrienoyl-CoA. It is a conjugate acid of a (2E,9Z,12Z)-octadecatrienoyl-CoA(4-)."
915,"The molecule is a member of the class of triazoles that is propan-2-ol substituted at position 1 and 3 by 1H-1,2,4-triazol-1-yl groups and at position 2 by a 2,4-difluorophenyl group. It is an antifungal drug used for the treatment of mucosal candidiasis and for systemic infections including systemic candidiasis, coccidioidomycosis, and cryptococcosis. It has a role as a P450 inhibitor, an environmental contaminant and a xenobiotic. It is a difluorobenzene, a conazole antifungal drug, a triazole antifungal drug and a tertiary alcohol. It derives from a 1,3-difluorobenzene. It derives from a hydride of a 1H-1,2,4-triazole.","The molecule is a tertiary alcohol that is ethanol in which one of the hydrogens at position 1 is replaced by an p-fluorophenyl group, the other hydrogen at position 1 is replaced by a p-fluorophenyl group, and one of the hydrogens at position 2 is replaced by a 1H-1,2,4-triazol-1-yl group. It is a member of triazoles, a tertiary alcohol and a member of monofluorobenzenes."
916,The molecule is trication of (R)-3-hydroxy-2-oxo-4-phosphonooxybutanoic acid arising from deprotonation of both the carboxyl and phosphate functions. It is an organophosphate oxocation and a 2-oxo monocarboxylic acid cation. It is a conjugate acid of a (R)-3-hydroxy-2-oxo-4-phosphonooxybutanoic acid.,"The molecule is a 2-oxo monocarboxylic acid that is 2-oxobutanoic acid which is substituted by a phosphonooxy group at position 4 and a hydroxy group at the 3-pro-R position. It has a role as an Escherichia coli metabolite and a mouse metabolite. It is a 2-oxo monocarboxylic acid, a 3-hydroxy monocarboxylic acid, a carboxyalkyl phosphate, an oxoalkyl phosphate, a hydroxyalkyl phosphate and a secondary alpha-hydroxy ketone. It derives from a butyric acid. It is a conjugate acid of a (R)-3-hydroxy-2-oxo-4-(phosphonatoooxy)butanoate."
917,"The molecule is an (omega-1)-hydroxy fatty acid ascaroside that is bhas#24 in which the hydroxy group at position 4 of the ascarylopyranose moiety has been has been converted to the corresponding 1H-indole-3-carboxylate ester. It is a metabolite of the nematode Caenorhabditis elegans. It has a role as a Caenorhabditis elegans metabolite. It is an (omega-1)-hydroxy fatty acid ascaroside, a 3-hydroxy carboxylic acid, a 4-O-(1H-indol-3-ylcarbonyl)ascaroside and a monocarboxylic acid. It derives from a (3R,13R)-3,13-dihydroxymyristic acid and a bhas#24.","The molecule is an (omega-1)-hydroxy fatty acid ascaroside that is bhas#26 in which the hydroxy group at position 4 of the ascarylopyranose moiety has been has been converted to the corresponding 1H-indole-3-carboxylate ester. It is a metabolite of the nematode Caenorhabditis elegans. It has a role as a Caenorhabditis elegans metabolite. It is an (omega-1)-hydroxy fatty acid ascaroside, a 3-hydroxy carboxylic acid, a 4-O-(1H-indol-3-ylcarbonyl)ascaroside and a monocarboxylic acid. It derives from a bhas#26 and a (3R,14R)-3,14-dihydroxypentadecanoic acid."
918,"The molecule is a triterpenoid saponin that has 3,16-dihydroxyolean-12-en-28-oic acid as the aglycone. Isolated from the stems of Gordonia chrysandra, it exhibits a strong inhibitory effect on nitric oxide production. It has a role as a plant metabolite and an anti-inflammatory agent. It is a beta-D-glucosiduronic acid, a carboxylic ester, a pentacyclic triterpenoid and a triterpenoid saponin. It derives from a hydride of an oleanane.","The molecule is a triterpenoid saponin with 3,16-dihydroxyolean-12-en-28-oic acid as the aglycone. Isolated from the stems of Gordonia chrysandra, it exhibits a strong inhibitory effect on nitric oxide production. It has a role as a plant metabolite and an anti-inflammatory agent. It is a beta-D-glucosiduronic acid, a pentacyclic triterpenoid, a triterpenoid saponin and a carboxylic ester. It derives from a hydride of an oleanane."
919,"The molecule is a docosanoid that is (7Z,10Z,12E,16Z,19Z)-docosapentaenoic acid carrying two hydroxy substituents at positions 14S and 21. An intermediate of specialised proresolving mediators. It has a role as an anti-inflammatory agent and a human xenobiotic metabolite. It is a docosanoid, a hydroxy polyunsaturated fatty acid, a long-chain fatty acid and a secondary allylic alcohol. It is a conjugate acid of a 14(S),21-dihydroxy-(7Z,10Z,12E,16Z,19Z)-docosapentaenoate.","The molecule is a docosanoid anion that is the conjugate base of 14(S),21-dihydroxy-(7Z,10Z,12E,16Z,19Z)-docosapentaenoic acid, obtained by deprotonation of the carboxy group; major species at pH 7.3. It is a docosanoid anion, a hydroxy polyunsaturated fatty acid anion and a long-chain fatty acid anion. It is a conjugate base of a 14(S),21-dihydroxy-(7Z,10Z,12E,16Z,19Z)-docosapentaenoic acid."
920,The molecule is a member of the class of aldehydes that is glycolaldehyde in which the hydroxy hydrogen has been replaced by a phospho group. It is an aldehyde and a monoalkyl phosphate. It derives from a glycolaldehyde. It is a conjugate acid of a glycolaldehyde phosphate(2-).,The molecule is an organophosphate oxoanion obtained by deprotonation of the phosphate OH groups of glycolaldehyde phosphate; major microspecies at pH 7.3. It is a conjugate base of a glycolaldehyde phosphate.
921,The molecule is a sulfonamide and a thienothiazine. It has a role as an antiglaucoma drug and an EC 4.2.1.1 (carbonic anhydrase) inhibitor.,The molecule is a sulfonamide consisting of brinzolamide lacking hydrogens at positions 3 and 4 and also lacking the N(4)-ethyl group. It derives from a brinzolamide.
922,"The molecule is an (omega-1)-hydroxy fatty acid ascaroside obtained by formal condensation of the alcoholic hydroxy group of (2E,17R)-17-hydroxyoctadec-2-enoic acid with ascarylopyranose (the alpha anomer). It is a metabolite of the nematode Caenorhabditis elegans. It has a role as a Caenorhabditis elegans metabolite. It is an alpha,beta-unsaturated monocarboxylic acid and an (omega-1)-hydroxy fatty acid ascaroside. It derives from a (2E,17R)-17-hydroxyoctadec-2-enoic acid. It is a conjugate acid of an ascr#31(1-).","The molecule is an (omega-1)-hydroxy fatty acid ascaroside obtained by formal condensation of the alcoholic hydroxy group of (2E,16R)-16-hydroxyheptadec-2-enoic acid with ascarylopyranose (the alpha anomer). It is a metabolite of the nematode Caenorhabditis elegans. It has a role as a Caenorhabditis elegans metabolite. It is an alpha,beta-unsaturated monocarboxylic acid and an (omega-1)-hydroxy fatty acid ascaroside. It derives from a (2E,16R)-16-hydroxyheptadec-2-enoic acid. It is a conjugate acid of an ascr#29(1-)."
923,"The molecule is a member of the class of phenylureas that is 1,1-dimethylurea substituted by a p-cumenyl group at position 3. A selective, systemic herbicide used to control annual grasses and broadleaf weeds in cereals, its use within the EU has been banned after September 2017 on the grounds of potential groundwater contamination and risks to aquatic life; there have also been concerns about its endocrine-disrupting properties. It has a role as an environmental contaminant, a xenobiotic, a herbicide and an agrochemical.",The molecule is a member of the class of phenylureas that is 1-methylurea substituted by a p-cumenyl group at position 3. It is a metabolite of the herbicide isoproturon. It has a role as a marine xenobiotic metabolite.
924,"The molecule is an organophosphate oxocation obtained by deprotonation of the diphosphate OH groups of alpha-D-mannosyl-(1->3)-N-acetyl-alpha-D-glucosaminyl-1-diphospho-ditrans,polycis-undecaprenol. Major species at pH 7.3. It is a conjugate acid of an alpha-D-mannosyl-(1->3)-N-acetyl-alpha-D-glucosaminyl-1-diphospho-ditrans,polycis-undecaprenol.","The molecule is a polyprenyl phospho oligosaccharide that consists of a alpha-D-mannosyl-(1->3)-N-acetyl-alpha-D-glucosaminyl moiety linked via a diphospho group to ditrans,octacis-undecaprenol. It is a conjugate acid of an alpha-D-mannosyl-(1->3)-N-acetyl-alpha-D-glucosaminyl-1-diphospho-ditrans,polycis-undecaprenol(2-)."
925,"The molecule is an alkaloid of the class of acridone derivatives isolated from Oriciopsis glaberrima and has been shown to exhibit radical scavenging and alpha-glucosidase inhibitory activity. It has a role as a metabolite, an EC 3.2.1.20 (alpha-glucosidase) inhibitor and a radical scavenger. It is a member of acridone derivatives, an alkaloid, a cyclic ether, an organic heterotetracyclic compound, a polyphenol and a ring assembly.","The molecule is an alkaloid of the class of acridone derivatives that is 1,11-dihydrofuro[2,3-c]acridin-6(2H)-one substituted by hydroxy groups at positions 5 and 10 and a prop-1-en-2-yl group at position 2. Isolated from Oriciopsis glaberrima, it exhibits radical scavenging and alpha-glucosidase inhibitory activity. It has a role as a metabolite, an EC 3.2.1.20 (alpha-glucosidase) inhibitor and a radical scavenger. It is a member of acridone derivatives, an alkaloid, an organic heterotetracyclic compound, a polyphenol and a cyclic ether."
926,The molecule is an L-serine derivative resulting from the formal condensation of the carboxy group of oleic acid with the amino group of L-serine. It has a role as a bone density conservation agent and a mouse metabolite. It is a L-serine derivative and a N-(fatty acyl)-L-alpha-amino acid. It derives from an oleic acid. It is a conjugate acid of a N-oleoyl-L-serinate.,The molecule is an N-acyl-L-alpha-amino acid anion resulting from the deprotonation of the carboxy group of N-oleoyl-L-serine. The major species at pH 7.3. It is a N-acyl-L-alpha-amino acid anion and a N-(fatty acyl)-L-alpha-amino acid anion. It is a conjugate base of a N-oleoyl-L-serine.
927,The molecule is a heptadecenoic acid in which the double bond is located at the 9-10 position and has Z configuration. It has a role as a fungal metabolite and an antifungal agent. It is a heptadecenoic acid and a straight-chain fatty acid. It is a conjugate acid of a (9Z)-heptadecenoate.,"The molecule is a monounsaturated fatty acid anion that is the conjugate base of (9Z)-heptadecenoic acid, obtained by deprotonation of the carboxy group; major species at pH 7.3. It is a long-chain fatty acid anion and a monounsaturated fatty acid anion. It is a conjugate base of a (9Z)-heptadecenoic acid."
928,"The molecule is a triterpene glycoside that consists of cimigenol attached to a beta-D-glucopyranosyl-(1->2)-beta-D-xylopyranosyl moiety at position 3 via a beta-glycosidic linkage (the 23R,24S stereoisomer). It is isolated from the aerial parts of Cimicifuga foetida and exhibits significant immunosuppressive effect. It has a role as an immunosuppressive agent and a plant metabolite. It is a bridged compound, a diol, a disaccharide derivative, an oxacycle, a secondary alcohol, a tertiary alcohol and a triterpenoid saponin. It derives from a cimigenol. It derives from a hydride of a cycloartane.","The molecule is a triterpene glycoside that consists of cimigenol attached to a beta-D-glucopyranosyl-(1->3)-beta-D-xylopyranosyl moiety at position 3 via a beta-glycosidic linkage (the 23R,24S stereoisomer). It is isolated from the aerial parts of Cimicifuga foetida and exhibits significant immunosuppressive effect. It has a role as an immunosuppressive agent and a plant metabolite. It is a triterpenoid saponin, a disaccharide derivative, a diol, a bridged compound, an oxacycle, a tertiary alcohol and a secondary alcohol. It derives from a cimigenol. It derives from a hydride of a cycloartane."
929,The molecule is a 1-pyrroline-5-carboxylate resulting from the removal of the proton from the carboxy group of (S)-1-pyrroline-5-carboxylic acid. It is a conjugate acid of a (S)-1-pyrroline-5-carboxylic acid. It is an enantiomer of a (R)-1-pyrroline-5-carboxylate.,The molecule is a 1-pyrroline-5-carboxylic acid in which the chiral centre has S configuration. It is a conjugate acid of a (S)-1-pyrroline-5-carboxylate. It is an enantiomer of a (R)-1-pyrroline-5-carboxylic acid.
930,The molecule is a glucotriose consisting of two beta-D-glucopyranosyl residues and a D-glucopyranose residue joined in sequence by (1->2) and (1->4) glycosidic bonds.,The molecule is a trisaccharide consisting of two beta-D-glucopyranose residues and a D-galactopyranose residue joined in sequence by (1->2) and (1->3) glycosidic bonds.
931,"The molecule is a sesquiterpenoid that is 1,4,5,6,7,8-hexahydro-4,7-epidioxyazulen-3(2H)-one substituted by a hydroxy group at position 8, methyl groups at positions 1 and 4 and an isopropyl group at position 7 (the (1R,4R,7S,8S stereoisomer). Isolated from Nardostachys chinensis, it exhibits antimalarial activity. It has a role as a metabolite and an antimalarial. It is a member of azulenes, an enone, an organic peroxide, a secondary alcohol and a sesquiterpenoid.","The molecule is a sesquiterpenoid that is 1,4,5,6,7,8-hexahydro-4,7-epidioxyazulen-3(2H)-one substituted by a hydroxy group at position 8, methyl groups at positions 1 and 4 and an isopropyl group at position 7 (the (1R,4R,7R,8R stereoisomer). Isolated from Nardostachys chinensis, it exhibits antimalarial activity. It has a role as a metabolite and an antimalarial. It is an organic peroxide, a member of azulenes, an enone, a secondary alcohol and a sesquiterpenoid."
932,The molecule is the pharmacologically active (6S)-stereoisomer of 5-formyltetrahydrofolic acid. It has a role as an antineoplastic agent and a metabolite. It is a conjugate acid of a (6S)-5-formyltetrahydrofolate(2-).,The molecule is a 5-methyltetrahydrofolate and a dicarboxylic acid dianion. It has a role as a human metabolite and a Saccharomyces cerevisiae metabolite. It is a conjugate base of a 5-methyltetrahydrofolic acid.
933,The molecule is a hydroxy fatty-acyl-CoA that results from the formal condensation of the thiol group of coenzyme A with the carboxy group of 2-hydroxydecanoic acid. It is a hydroxy fatty acyl-CoA and a medium-chain fatty acyl-CoA. It derives from a 2-hydroxydecanoic acid. It is a conjugate acid of a 2-hydroxydecanoyl-CoA(4-).,The molecule is a fatty acyl-CoA(4-) arising from deprotonation of the phosphate and diphosphate functions of 2-hydroxydecanoyl-CoA; major species at pH 7.3. It derives from a decanoyl-CoA(4-). It is a conjugate base of a 2-hydroxydecanoyl-CoA.
934,"The molecule is an organic heteropentacyclic compound that is naloxone substituted in which the allyl group attached to the nitrogen is replaced by a cyclopropylmethyl group. A mu-opioid receptor antagonist, it is used to treat alcohol dependence. It has a role as a mu-opioid receptor antagonist, a central nervous system depressant, an environmental contaminant, a xenobiotic and an antidote to opioid poisoning. It is an organic heteropentacyclic compound, a morphinane-like compound and a member of cyclopropanes. It is a conjugate acid of a naltrexone(1+).",The molecule is an organic heteropentacyclic compound. It has a role as a mu-opioid receptor antagonist and an opioid analgesic. It derives from a hydride of a morphinan.
935,"The molecule is an organic heterotetracyclic compound that is podophyllotoxin in which the methyl ether group at position 4 of the trimethoxyphenyl group has been cleaved to afford the corresponding phenol. It has a role as a metabolite. It is a furonaphthodioxole, an organic heterotetracyclic compound and a member of phenols.","The molecule is an organic heterotetracyclic compound that has a furonaphthodioxole skeleton bearing a 3,4,5-trimethoxyphenyl substituent. It is found in the roots and rhizomes of Podophyllum species and is used for the topical treatment of genital warts. It has a role as an antineoplastic agent, a keratolytic drug, a tubulin modulator, a microtubule-destabilising agent, an antimitotic and a plant metabolite. It is a furonaphthodioxole, a lignan and an organic heterotetracyclic compound."
936,The molecule is an allose phosphate consisting of D-allose having a monophosphate group at the 6-position. It has a role as an Escherichia coli metabolite. It derives from a D-allose. It is a conjugate acid of a D-allose 6-phosphate(2-).,The molecule is an organophosphate oxoanion arising from deprotonation of the phosphate OH groups of aldehydo-D-ribose 5-phosphate; major species at pH 7.3. It has a role as a fundamental metabolite. It is a conjugate base of an aldehydo-D-ribose 5-phosphate.
937,"The molecule is a 3beta-sterol consisting of an ergostane skeleton with double bonds at 7- and 22-positions. It has a role as a metabolite, an anti-HSV-1 agent, an EC 3.2.1.18 (exo-alpha-sialidase) inhibitor and an antifungal agent. It derives from a hydride of a 5alpha-ergostane.","The molecule is an ergostanoid that is (22E)-ergosta-7,22-diene substituted by beta-hydroxy groups at positions 3 and 6. It has been isolated from Aspergillus ochraceus. It has a role as an Aspergillus metabolite. It is a 3beta-hydroxy steroid, a 5beta-hydroxy steroid and an ergostanoid."
938,The molecule is an ammonium salt resulting from the formal reaction of the carboxy group of (R)-imazamox with 1 mol eq. of ammonia. It contains a (R)-imazamox(1-). It is an enantiomer of a (S)-imazamox-ammonium.,The molecule is an ammonium salt resulting from the formal reaction of the carboxy group of (S)-imazamox with 1 mol eq. of ammonia. It contains a (S)-imazamox(1-). It is an enantiomer of a (R)-imazamox-ammonium.
939,"The molecule is an organic cation that is phenothiazin-5-ium substituted by methyl, amino and dimethylamino groups at positions 2, 3 and 7 respectively. The chloride salt is used as a histological dye.",The molecule is an organic cation that is phenothiazin-5-ium substituted by amino and dimethylamino groups at positions 3 and 7 respectively. The chloride salt is the histological dye 'azure A'.
940,"The molecule is the methyl ester of 2-(4-{[3-chloro-5-(trifluoromethyl)pyridin-2-yl]oxy}phenoxy)propanoic acid. It is a methyl ester, an aromatic ether, an organochlorine compound, an organofluorine compound and a member of pyridines. It derives from a 2-(4-{[3-chloro-5-(trifluoromethyl)pyridin-2-yl]oxy}phenoxy)propanoic acid.","The molecule is a carboxylic ester that is the resulting from the formal condensation of the carboxy group of 2-(4-{[3-chloro-5-(trifluoromethyl)pyridin-2-yl]oxy}phenoxy)propanoic acid with the hydroxy group of 2-ethoxyethanol. It is an aromatic ether, an organochlorine compound, an organofluorine compound, a member of pyridines and a carboxylic ester. It derives from a 2-(4-{[3-chloro-5-(trifluoromethyl)pyridin-2-yl]oxy}phenoxy)propanoic acid and a 2-ethoxyethanol."
941,"The molecule is an unsaturated fatty acyl-CoA that results from the formal condensation of the thiol group of coenzyme A with the carboxy group of (11Z)-3-oxohexadecenoic acid. It is a 3-oxo-fatty acyl-CoA, a long-chain fatty acyl-CoA and a monounsaturated fatty acyl-CoA. It is a conjugate acid of an (11Z)-3-oxohexadecenoyl-CoA(4-).","The molecule is a monounsaturated fatty acyl-CoA(4-) arising from deprotonation of the phosphate and diphosphate OH groups of (11Z)-3-oxohexadecenoyl-CoA; major species at pH 7.3. It is a 3-oxo-fatty acyl-CoA(4-), a monounsaturated fatty acyl-CoA(4-) and an (11Z)-Delta(11)-fatty acyl-CoA(4-). It is a conjugate base of an (11Z)-3-oxohexadecenoyl-CoA."
942,"The molecule is a physalin with antimalarial, antitumour and antimicrobial activities isolated from Physalis angulata. It has a role as an antimalarial, an antineoplastic agent and an antimicrobial agent. It is an enone, a lactone, an organic heteroheptacyclic compound and a physalin.","The molecule is an organic heterotetracyclic compound that is obtained from wortmanin via aminolysis of its furan ring by diallyl amine. It has a role as an EC 2.7.1.137 (phosphatidylinositol 3-kinase) inhibitor. It is an organic heterotetracyclic compound, a delta-lactone, an acetate ester and a tertiary amino compound. It derives from a wortmannin."
943,The molecule is an oxo carboxylic acid that is pyruvic acid in which one of the methyl hydrogens is substituted by a 4-hydroxyphenyl group. It has a role as a human metabolite. It is an oxo carboxylic acid and a member of phenols. It derives from a pyruvic acid. It is a conjugate acid of a 3-(4-hydroxyphenyl)pyruvate.,The molecule is a 2-oxo monocarboxylic acid anion that is the conjugate base of 3-dimethylallyl-4-hydroxyphenylpyruvic acid. It derives from a pyruvate. It is a conjugate base of a 3-dimethylallyl-4-hydroxyphenylpyruvic acid.
944,"The molecule is a 2,6-diaminopurine that is an analogue of abacavir in which the cyclopropylamino group at position 6 of the purine moiety is replaced by a 3-fluoroazetidin-1-yl group. One of a series of synthesised abacavir analogues with antiviral activity found to stimulate IFN-gamma secretion in abacavir-responsive clones. It has a role as an antiviral agent. It derives from an abacavir.","The molecule is a 2,6-diaminopurine that is an analogue of abacavir in which the cyclopropylamino group at position 6 of the purine moiety is replaced by an azetidin-1-yl group. One of a series of synthesised abacavir analogues with antiviral activity found to stimulate IFN-gamma secretion in abacavir-responsive clones. It has a role as an antiviral agent. It derives from an abacavir."
945,"The molecule is a natural product found in Actinomadura roseola. It has a role as an antineoplastic agent and a bacterial metabolite. It is an anthracycline, a member of tetracenequinones, a member of p-quinones and an aminoglycoside antibiotic. It is a conjugate acid of a daunorubicin(1+). It derives from a hydride of a tetracene.","The molecule is an anthracycline cation that is the conjugate acid of daunorubicin, arising from protonation of the amino group. It is a conjugate acid of a daunorubicin."
946,"The molecule is a magnesium salt having sulfate as the counterion. It has a role as an anticonvulsant, a cardiovascular drug, a calcium channel blocker, an anaesthetic, a tocolytic agent, an anti-arrhythmia drug, an analgesic and a fertilizer. It is a magnesium salt and a metal sulfate.","The molecule is a metal sulfate composed of potassium, aluminium and sulfate ions in the ration 1:1:2. It has a role as a flame retardant, a mordant and an astringent. It is a metal sulfate, an aluminium salt and a potassium salt. It contains an aluminium(3+)."
947,"The molecule is a cembrane diterpenoid with cytotoxic activity isolated from the soft coral Lobophytum michaelae. It has a role as an antineoplastic agent and a coral metabolite. It is a gamma-lactone, an acetate ester, a cembrane diterpenoid, a macrocycle and a tertiary alcohol.","The molecule is a cembrane diterpenoid with cytotoxic activity isolated from the soft coral Lobophytum michaelae. It has a role as an antineoplastic agent and a coral metabolite. It is a gamma-lactone, an acetate ester, a cembrane diterpenoid, a macrocycle, a tertiary alcohol and a secondary alcohol."
948,"The molecule is a C-nitro compound that is 5-nitroimidazole in which the hydrogens at positions 1 and 2 are replaced by methyl groups. An antiprotozoal drug, it has been banned by both the Government of Canada and the European Union as a livestock feed additive owing to suspicions of it being carcinogenic. It has a role as an antiprotozoal drug and an antiparasitic agent. It is a C-nitro compound and a member of imidazoles.","The molecule is a thiopurine that is 6-mercaptopurine in which the mercapto hydrogen is replaced by a 1-methyl-4-nitroimidazol-5-yl group. It is a prodrug for mercaptopurine and is used as an immunosuppressant, prescribed for the treatment of inflammatory conditions and after organ transplantation and also for treatment of Crohn's didease and MS. It has a role as an antineoplastic agent, an antimetabolite, an immunosuppressive agent, a prodrug, a carcinogenic agent, a DNA synthesis inhibitor and a hepatotoxic agent. It is a thiopurine, a C-nitro compound, a member of imidazoles and an aryl sulfide."
949,"The molecule is a butan-4-olide having a (4-chlorophenylsulfonyloxy)methyl group at the 3-position and two methyl substituents at the 5-position. It is a butan-4-olide, an arenesulfonate ester and a member of monochlorobenzenes.","The molecule is a butan-4-olide having a [1-(4-chlorophenylsulfonyl)oxy]ethyl group at the 3-position and two methyl substituents at the 5-position. It is a butan-4-olide, an arenesulfonate ester and a member of monochlorobenzenes."
950,"The molecule is a guaiacyl lignin that is medioresinol in which one of the phenolic hydrogens is replaced by a guaiacylglycerol group. It is found in Arabidopsis thaliana. It has a role as a plant metabolite. It is a dimethoxybenzene, a furofuran, a guaiacyl lignin, a primary alcohol, a secondary alcohol and a polyphenol. It derives from a guaiacylglycerol.","The molecule is a guaiacyl lignin that is syringaresinol in which one of the phenolic hydrogens is replaced by a guaiacylglycerol group. It is found in Arabidopsis thaliana. It has a role as a plant metabolite. It is a guaiacyl lignin, a furofuran, a dimethoxybenzene, a primary alcohol, a secondary alcohol and a polyphenol. It derives from a guaiacylglycerol and a syringaresinol."
951,"The molecule is a cembrane diterpenoid with cytotoxic activity isolated from the soft coral Lobophytum michaelae. It has a role as an antineoplastic agent and a coral metabolite. It is a gamma-lactone, an acetate ester, a cembrane diterpenoid, an epoxide, a macrocycle and a cyclic terpene ketone.","The molecule is a cembrane diterpenoid with cytotoxic activity isolated from the soft coral Lobophytum michaelae. It has a role as an antineoplastic agent and a coral metabolite. It is a gamma-lactone, an acetate ester, a cembrane diterpenoid, an epoxide and a macrocycle."
952,"The molecule is a sulfoglycolipid in which alpha,alpha-trehalose, sulfated at the 2'-position, is acylated at the 2-position with (2E,4S)-2,4-dimethyldocos-2-enoic acid, and at the 3-position with palmitoic acid. It is a sulfoglycolipid and a polyacyl alpha,alpha-trehalose derivative. It derives from an alpha,alpha-trehalose.","The molecule is a sulfoglycolipid in which alpha,alpha-trehalose, sulfated at the 2'-position, is acylated at the 2-position with tetracosanoic acid, and at the 3-position with (2E,4S,6S,8S)-2,4,6,8-tetramethyltetracos-2-enoic acid. It is a sulfoglycolipid and a polyacyl alpha,alpha-trehalose derivative. It derives from an alpha,alpha-trehalose."
953,"The molecule is a carbamate ester that is phenyl methylcarbamate substituted at position 2 by a propan-2-yloxy group. It has a role as an EC 3.1.1.7 (acetylcholinesterase) inhibitor, a carbamate insecticide, an acaricide and an agrochemical. It is a carbamate ester and an aromatic ether. It derives from a methylcarbamic acid and a 2-isopropoxyphenol.","The molecule is a carbamate ester that is the isopropyl ester of (3,4-diethoxyphenyl)carbamic acid. A fungicide with strong activity against Botrytis cinerea and benzimidazole-resistant strains of Botryis spp. It has a role as an antifungal agrochemical. It is a carbamate ester, an aromatic ether and a carbanilate fungicide. It derives from an aniline."
954,The molecule is an L-tyrosine derivative obtained by trimethylation of the amino function of L-tyrosine. It is a tyrosine betaine and a L-tyrosine derivative. It is an enantiomer of a D-tyrosine betaine.,The molecule is an L-phenylalanine derivative obtained by trimethylation of the amino function of L-phenylalanine. It is a phenylalanine betaine and a L-phenylalanine derivative. It is an enantiomer of a D-phenylalanine betaine.
955,The molecule is an amino acid cation obtained from gamma-carboxy-L-glutamic acid by transfer of a proton from the alpha-carboxy group to the amino group. It is a conjugate acid of a gamma-carboxy-L-glutamic acid cation(2-). It is a tautomer of a gamma-carboxy-L-glutamic acid.,The molecule is a tricarboxylic acid dianion that is obtained from gamma-carboxy-L-glutamic acid by removal of a proton from each of the carboxy groups and protonation of the amino group; the resulting entity has an overall charge of 2-. It is an ammonium ion derivative and a tricarboxylic acid dianion. It is a conjugate base of a gamma-carboxy-L-glutamic acid zwitterion. It is a conjugate acid of a gamma-carboxy-L-glutamate(3-).
956,"The molecule is a branched amino pentasaccharide comprising alpha-N-acetylneuraminyl, beta-D-galactosyl, N-acetyl-beta-D-glucosaminyl and N-acetyl-alpha-D-galactosamine residues linked sequentially (2->3), (1->4) and (1->6), to the galactosamine residue of which is also linked (1->3) a beta-D-galactosyl residue.","The molecule is a branched amino heptasaccharide comprising a linear hexasaccharide chain of alpha-N-acetylneuraminyl, beta-D-galactose, N-acetyl-beta-D-glucosamine, beta-D-galactose, N-acetyl-beta-D-glucosamine and N-acetyl-alpha-D-galactosamine residues linked sequentially (1->4), (1->3), (1->4), (1->6), to the N-acetyl-alpha-D-galactosamine residue at the reducing end of which is also linked (1->3) a further beta-D-galactose residue. It is an amino heptasaccharide, a galactosamine oligosaccharide and a glucosamine oligosaccharide."
957,"The molecule is a cysteine derivative that is the S-(2-amino-8-carboxy-3-oxo-3H-phenoxazin-1-yl) derivative of N-acetyl-L-cysteine. It has a role as a metabolite. It is a cysteine derivative, a N-acetyl-amino acid, a phenoxazine and a L-cysteine derivative. It is a conjugate acid of a grixazone B(2-).",The molecule is an L-alpha-amino-acid anion obtained by deprotonation of the two carboxy groups of grixazone B. It is a conjugate base of a grixazone B.
958,"The molecule is a semi-synthetic second-generation cephamycin antibiotic with [(1-methyl-1H-tetrazol-5-yl)sulfanyl]methyl, methoxy and {[4-(2-amino-1-carboxy-2-oxoethylidene)-1,3-dithietan-2-yl]carbonyl}amino groups at the 3, 7alpha, and 7beta positions, respectively, of the cephem skeleton. It is resistant to a wide range of beta-lactamases and is active against a broad spectrum of aerobic and anaerobic Gram-positive and Gram-negative microorganisms. It has a role as an antibacterial drug. It is a conjugate acid of a cefotetan(2-).",The molecule is the dianion formed by removal of a proton from each of the carboxylic acid groups of cefotetan. It is a conjugate base of a cefotetan.
959,"The molecule is a polyunsaturated fatty acid that is (9Z,11Z,13E,15E)-octadecatetraenoic acid carrying an oxo substituent at position 4. It has a role as a marine metabolite. It is an oxo fatty acid, a polyunsaturated fatty acid and a long-chain fatty acid.","The molecule is a trienoic fatty acid comprising alpha-eleostearic acid having a 4-oxo substituent. It is a 4-oxo monocarboxylic acid, an oxo fatty acid, a long-chain fatty acid, a straight-chain fatty acid and a trienoic fatty acid. It derives from a (9Z,11E,13E)-octadeca-9,11,13-trienoic acid."
960,The molecule is a selenocysteinate(1-). It is a conjugate acid of a L-selenocysteine. It is a conjugate acid of a L-selenocysteinate(2-). It is an enantiomer of a D-selenocysteinate(1-).,The molecule is zwitterionic form of L-selenocysteine having a anionic carboxy group and a cationic amino group; major species at pH 7.3. It is a tautomer of a L-selenocysteine.
961,"The molecule is a 3-[alpha-D-galactosyl-(1->6)-beta-D-galactosyl]-1,2-diacyl-sn-glycerol in which the 1- and 2-acyl groups are both specified as linoleoyl. It has a role as a Brassica napus metabolite. It derives from a linoleic acid.","The molecule is a 3-[alpha-D-galactosyl-(1->6)-beta-D-galactosyl]-1,2-diacyl-sn-glycerol in which the 1- and 2-acyl groups are specified as alpha-linolenoyl and hexadecanoyl respectively. It has a role as a Brassica napus metabolite. It derives from an alpha-linolenic acid and a hexadecanoic acid."
962,The molecule is a lipid A oxocation obtained via deprotonation of the carboxy and phosphate OH groups of glucosyl-(heptosyl)2-(KDO)2-lipid A; major species at pH 7.3. It is a conjugate acid of a glucosyl-(heptosyl)2-(KDO)2-lipid A.,"The molecule is a lipid A derivative having an alpha-D-Glc-(1->3)-L-alpha-D-Hep-(1->3)-L-alpha-D-Hep-(1->5)-[alpha-Kdo-(2->4)]-alpha-Kdo moiety attached to the free primary hydroxy group of lipid A. It is a member of lipid As, a dodecanoate ester and a tetradecanoate ester. It is a conjugate acid of a glucosyl-(heptosyl)2-(KDO)2-lipid A(6-)."
963,The molecule is an ammonium ion resulting from the protonation of the piperidine nitrogen of pergolide. It is a conjugate acid of a pergolide.,"The molecule is a diamine that is ergoline in which the beta-hydrogen at position 8 is replaced by a (methylthio)methyl group and the hydrogen attached to the piperidine nitrogen (position 6) is replaced by a propyl group. A dopamine D2 receptor agonist which also has D1 and D2 agonist properties, it is used as the mesylate salt in the management of Parkinson's disease, although it was withdrawn from the U.S. and Canadian markets in 2007 due to an increased risk of cardiac valve dysfunction. It has a role as an antiparkinson drug and a dopamine agonist. It is a diamine, an organic heterotetracyclic compound and a methyl sulfide. It is a conjugate base of a pergolide(1+)."
964,The molecule is a tetrasaccharide that is lactose in which the hydroxy groups at the 3 and 2' positions have each been glycosylated by an alpha-L-fucosyl group.,The molecule is a trisaccharide that is lactose in which the hydroxy group at the 2' positions has been glycosylated by an alpha-L-fucopyranosyl group. It is the most abundant human milk oligosaccharide. It derives from a lactose and an alpha-L-fucose.
965,The molecule is a menaquinone whose side-chain contains 9 isoprene units in an all-trans-configuration. It has a role as an Escherichia coli metabolite.,The molecule is a member of the class of menaquinones that is menaquinone-9 in which the double bond that is second nearest to the naphthoquinone moiety has been dihydrogenated. It has a role as a bacterial metabolite. It derives from a menaquinone-9.
966,"The molecule is a carbapenemcarboxylic acid having a 2-(acetamidovinyl)sulfanyl group at the 2-position and an (S)-1-hydroxyethyl group at the 6-position. It has a role as an antibacterial drug and a drug allergen. It is a carbapenemcarboxylic acid and an alpha,beta-unsaturated monocarboxylic acid.","The molecule is a member of the class of carbapenems that is (5R,6R)-3-{[(E)-2-aminoethenyl]sulfanyl}-6-[(1S)-1-hydroxyethyl]-7-oxo-1-azabicyclo[3.2.0]hept-2-ene-2-carboxylic acid in which the free hydroxy and amino groups are carrying sulfo and acetyl substituents respectively. It has a role as a bacterial metabolite. It is a member of acetamides, an organosulfonic acid and a member of carbapenems."
967,"The molecule is a member of the class of tetrahydropyridines that is 2,3-dihydroxy-4-methoxy-1-methyl-6-oxo-1,2,3,6-tetrahydropyridine-3-carbonitrile having a beta-D-glucosyl residue attached at position 3 via a glycosidic bond. It has a role as a plant metabolite. It is a beta-D-glucoside, a tetrahydropyridine, an enol ether, a delta-lactam and an aliphatic nitrile.","The molecule is a cyanogenic glycoside that is (4R)-4-hydroxycyclopent-2-ene-1-carbonitrile attached to a beta-D-glucopyranosyloxy at position 1. It is a beta-D-glucoside, a cyanogenic glycoside, a monosaccharide derivative and an aliphatic nitrile."
968,"The molecule is a quaternary ammonium ion that is the conjugate acid of 4-(trimethylammonio)butanoate. It has a role as a human metabolite, an Escherichia coli metabolite and a mouse metabolite. It is a conjugate acid of a 4-(trimethylammonio)butanoate.",The molecule is an amino-acid betaine gamma-aminobutyric acid zwitterion in which all of the hydrogens attached to the nitrogen are replaced by methyl groups. It has a role as a human metabolite and an Escherichia coli metabolite. It derives from a gamma-aminobutyrate and a gamma-aminobutyric acid zwitterion. It is a conjugate base of a 4-(trimethylammonio)butanoic acid.
969,The molecule is an organosulfate oxocation that is the conjugate acid of methyl sulfate; major species at pH 7.3. It is a conjugate acid of a methyl sulfate.,The molecule is an alkyl sulfate that is the monomethyl ester of sulfuric acid. It is a one-carbon compound and an alkyl sulfate. It is a conjugate acid of a methyl sulfate(1-).
970,"The molecule is the isopropyl ester of prostaglandin F2alpha in which the pentyl group is replaced by a 3-(trifluoromethyl)phenoxymethyl group. A synthetic analogue of prostaglandin F2alpha, ophthalmic solutions of travoprost are used as a topical medication for controlling the progression of open-angle glaucoma and ocular hypertension, by reducing intraocular pressure. It is a pro-drug; the isopropyl ester group is hydrolysed by esterases in the cornea to the biologically active free acid, fluprostenol. It has a role as an antiglaucoma drug, an antihypertensive agent, a prodrug, an ophthalmology drug and a prostaglandin receptor agonist. It is a prostaglandins Falpha, a member of (trifluoromethyl)benzenes and an isopropyl ester. It derives from a fluprostenol.","The molecule is a prostaglandin Falpha that is prostaglandin F2alpha in which the carboxylic acid function has been converted to the corresponding isopropyl ester and the 3-hydroxy-1-octenyl side-chain is substituted by 3,3-difluoro-4-phenoxybut-1-enyl. Used for treatment of elevated intraocular pressure in patients with open-angle glaucoma or ocular hypertension. It has a role as a prostaglandin receptor agonist. It is a prostaglandins Falpha, an organofluorine compound and an isopropyl ester. It derives from a prostaglandin F2alpha."
971,The molecule is a meroterpenoid produced by Aspergillus nidulans. It has an oxygen-bridged pentacyclic structure which incorporates three lactone functionalities and a spiro union.,"The molecule is a furopyran that is 5,6-dihydro-4H-furo[2,3-b]pyran-3(2H)-one which is substituted by hydroxy groups at positions 4 and 5, methyl groups at positions 2 and 5, and a heptyl group at position 6 (the 2R,4R,5S,6R stereoisomer). Isolated from the mangrove fungus Aigialus parvus BCC 5311 and from Phaeoacremonium sp., an endophytic fungus from Senna spectabilis. It has a role as a fungal metabolite and an antifungal agent. It is a furopyran, a tertiary alcohol, a secondary alcohol, a cyclic ketone and a ketene acetal."
972,The molecule is the ammonium ion resulting from the protonation of the amino group of psychosine. It has a role as a human metabolite. It is a conjugate acid of a psychosine.,The molecule is a glycosylsphingoid consisting of sphingosine having a beta-D-galactosyl residue attached at the 1-position. It has a role as a human metabolite. It derives from a sphing-4-enine and a sphingosine. It is a conjugate base of a psychosine(1+).
973,"The molecule is a N-sulfonylurea that is 2-(carbamoylsulfamoyl)-N,N-dimethylpyridine-3-carboxamide substituted by a 4,6-dimethoxypyrimidin-2-yl group at the amino nitrogen. It has a role as an environmental contaminant, a xenobiotic and a herbicide. It is a member of pyridines, a N-sulfonylurea and a member of pyrimidines.","The molecule is a member of the class of aminopyrimidines that is 2-ethylaminopyrimidine carrying methyl, butyl and dimethylaminosulfooxy substituents at posiitons 4, 5 and 6 respectively. It has a role as an androgen antagonist and an antifungal agrochemical. It is a secondary amino compound, a sulfamate ester, an aminopyrimidine and a pyrimidine fungicide."
974,The molecule is a 3-sn-phosphatidyl-L-serine in which the phosphatidyl acyl groups at positions 1 and 2 are specified as stearoyl and oleoyl respectively. It has a role as a mouse metabolite. It derives from an octadecanoic acid and an oleic acid. It is a conjugate acid of a 1-stearoyl-2-oleoyl-sn-glycero-3-phosphoserine(1-).,The molecule is a 3-sn-phosphatidyl-L-serine(1-) that is the conjugate base of 1-stearoyl-2-oleoyl-sn-glycero-3-phosphoserine; major species at pH 7.3. It is a conjugate base of a 1-stearoyl-2-oleoyl-sn-glycero-3-phosphoserine.
975,The molecule is a forty-six membered mycolic acid consisting of 3-hydroxydotriacontanoic acid having a tetradecyl group at the 2-position. It is a mycolic acid and a 3-hydroxy fatty acid.,The molecule is a thirty-two membered mycolic acid consisting of 3-hydroxystearic acid having a tetradecyl group at the 2-position. It is a mycolic acid and a 3-hydroxy fatty acid.
976,"The molecule is a cyclodepsipeptide isolated from the cell extract of the entomopathogenic fungus Hirsutella kobayasii BCC 1660 and exhibits antimycobacterial and antimalarial activities. It has a role as a metabolite, an antimycobacterial drug and an antimalarial. It is a cyclodepsipeptide and a macrocycle.","The molecule is a 24-membered cyclodepsipeptide isolated from the cyanobacterium, Lyngbya sp. It exhibits strong cytotoxicity against KB human nasopharyngeal carcinoma cells. It has a role as a metabolite and an antineoplastic agent. It is a cyclodepsipeptide and a macrocycle."
977,The molecule is a p-menthane monoterpenoid that is cyclohex-2-en-1-one substituted by a methyl group at position 3 and an isopropyl group at position 6. It has a role as a volatile oil component and a plant metabolite. It is a p-menthane monoterpenoid and a cyclic terpene ketone.,"The molecule is a cyclic monoterpene ketone that is cyclohex-2-en-1-one substituted by a hydroxy group at position 2, a methyl group at position 3 and an isopropyl group at position 6. It has a role as a plant metabolite. It is a cyclic monoterpene ketone and an enol."
978,"The molecule is colistin B in which each of the primary amino groups is converted into the corresponding aminomethanesulfonic acid sodium salt, commonly by treatment with formaldehyde followed by sodium bisulfite. It is an organic sodium salt, a peptide antibiotic and a polymyxin. It contains a colistimethate B(5-). It derives from a colistin B.","The molecule is colistin A in which each of the primary amino groups is converted into the corresponding aminomethanesulfonic acid sodium salt, commonly by treatment with formaldehyde followed by sodium bisulfite. It is an organic sodium salt, a polymyxin and a peptide antibiotic. It contains a colistimethate A(5-). It derives from a colistin A."
979,"The molecule is a benzodioxole that consists of piperidine bearing 1,3-benzodioxol-5-yloxy)methyl and 4-fluorophenyl substituents at positions 3 and 4 respectively; the (3S,4R)-diastereomer. Highly potent and selective 5-HT uptake inhibitor that binds with high affinity to the serotonin transporter (Ki = 0.05 nM). Ki values are 1.1, 350 and 1100 nM for inhibition of [3H]-5-HT, [3H]-l-NA and [3H]-DA uptake respectively. Displays minimal affinity for alpha1-, alpha2- or beta-adrenoceptors, 5-HT2A, 5-HT1A, D2 or H1 receptors at concentrations below 1000 nM, however displays weak affinity for muscarinic ACh receptors (Ki = 42 nM). Antidepressant and anxiolytic in vivo. It has a role as an antidepressant, an anxiolytic drug, a serotonin uptake inhibitor, a hepatotoxic agent and a P450 inhibitor. It is a member of piperidines, a member of benzodioxoles, an organofluorine compound and an aromatic ether. It derives from a monofluorobenzene. It is a conjugate acid of a paroxetinium(1+).","The molecule is a member of the class of benzodioxoles that is paroxetine in which the piperidine hydrogen is substituted by a methyl group. It is a drug impurity of the antidepressant, paroxetine. It has a role as an apoptosis inducer, a serotonin uptake inhibitor and an impurity. It is a member of benzodioxoles, an aromatic ether, a member of piperidines, a tertiary amino compound and a member of monofluorobenzenes. It derives from a paroxetine."
980,"The molecule is an iminium ion that is the cationic component of the histological dye 'brilliant green'. It has a role as an antibacterial agent, an antiseptic drug, an environmental contaminant, a fluorochrome, a histological dye and a poison.",The molecule is an iminium ion that is the cationic component of the histological dye 'ethyl violet'. It has a role as a fluorochrome and a histological dye.
981,"The molecule is a hydroperoxy fatty acid that is (14S,15R)-epoxy-(5Z,8Z,10E)-icosatrienoic acid in which the hydroperoxy group is located at position 12S. It has a role as a human xenobiotic metabolite and a mouse metabolite. It is a conjugate acid of a (12S)-hydroperoxy-(14S,15R)-epoxy-(5Z,8Z,10E)-icosatrienoate.","The molecule is a polyunsaturated fatty acid anion that is the conjugate base of (12S)-hydroperoxy-(14S,15R)-epoxy-(5Z,8Z,10E)-icosatrienoic acid, obtained by deprotonation of the carboxy group; major species at pH 7.3. It is a conjugate base of a (12S)-hydroperoxy-(14S,15R)-epoxy-(5Z,8Z,10E)-icosatrienoic acid."
982,"The molecule is a diterpene alkaloid with formula C35H49NO10 that is isolated from several Aconitum species. It has a role as a plant metabolite, a human urinary metabolite and a xenobiotic. It is an acetate ester, an aromatic ether, a benzoate ester, a bridged compound, a diterpene alkaloid, an organic heteropolycyclic compound, a polyether, a tertiary amino compound and a tertiary alcohol. It derives from a hydride of an aconitane.","The molecule is a diterpene alkaloid with formula C35H49NO11 that is isolated from several Aconitum species. It has a role as a plant metabolite, a phytotoxin, an antifeedant, a human urinary metabolite and a xenobiotic. It is an acetate ester, an aromatic ether, a benzoate ester, a bridged compound, a diterpene alkaloid, an organic heteropolycyclic compound, a polyether, a tertiary amino compound, a secondary alcohol and a tertiary alcohol. It derives from a hydride of an aconitane."
983,The molecule is an N-acylglycinate resulting from the deprotonation of the carboxy group of N-oleoylglycine. It is believed to be an intermediate in oleamide biosynthesis. The major species at pH 7.3. It is a N-acylglycinate and a N-(fatty acyl)-glycine(1-). It is a conjugate acid of a N-oleoylglycine.,The molecule is a fatty acid derivative that is the 9Z-octadecenoyl derivative of glycine. It is believed to be an intermediate in oleamide biosynthesis. It has a role as a metabolite. It is a fatty amide and a N-acylglycine 18:1. It derives from an oleic acid. It is a conjugate acid of a N-oleoylglycinate.
984,"The molecule is an acyl-CoA(4-) arising from deprotonation of the phosphate and diphosphate functions of (13Z)-3-oxodocosenoyl-CoA. It is a 3-oxo-fatty acyl-CoA(4-) and an 11,12-saturated fatty acyl-CoA(4-). It is a conjugate acid of a (13Z)-3-oxodocosenoyl-CoA.","The molecule is an acyl-CoA(4-) arising from deprotonation of the phosphate and diphosphate functions of (15Z)-3-oxotetracosenoyl-CoA. It is a 3-oxo-fatty acyl-CoA(4-) and an 11,12-saturated fatty acyl-CoA(4-). It is a conjugate base of a (15Z)-3-oxotetracosenoyl-CoA."
985,The molecule is an L-alpha-amino acid cation that is L-m-tyrosine in which a proton has been transferred from the carboxy group to the amino group. It is a tautomer of a L-m-tyrosine.,The molecule is a 2-hydroxyphenylalanine that has L-configuration. It has a role as a human metabolite. It is an enantiomer of a D-o-tyrosine.
986,"The molecule is an amino acid amide resulting from the formal condensation of the carboxy group of L-arginine with ammonia. It is an amino acid amide, a member of guanidines and a L-arginine derivative. It is a conjugate acid of a L-arginine amide(1+).","The molecule is an arginine derivative obtained by formal condensation of the carboxy group of L-arginine with the amino group of hydroxylamine. It is a hydroxamic acid, a L-arginine derivative and a member of guanidines."
987,The molecule is an aminopyrimidine compound having its amino group at position 2 and chloro and methyl substituents at positions 4 and 6 respectively. It has a role as a nitrification inhibitor.,"The molecule is an aminopyrimidine, the structure of which is that of trimethoprim (pyrimidine 2,4-diamine and 1,2,3-trimethoxybenzene moieties linked by a methylene bridge) carrying a 6-chloro substituent. It is an aminopyrimidine and an organochlorine compound. It derives from a trimethoprim."
988,"The molecule is a member of the class of xanthones that is 9H-xanthen-9-one substituted by hydroxy groups at positions 1 and 7 and a methoxy group at position 3. It has a role as a plant metabolite. It is a member of xanthones, a polyphenol and an aromatic ether.","The molecule is a member of the class of xanthones that is 9H-xanthen-9-one substituted by hydroxy group at positions 1 and 8 and a methoxy group at position 2. It has been isolated from Chaetomium globosum.( Compound class : xanthenone) It has a role as a Chaetomium metabolite. It is a polyphenol, an aromatic ether and a member of xanthones."
989,"The molecule is a member of the class of 1-benzofurans that is a lignan obtained by cyclodimerisation of ferulic acid. It has a role as a bacterial xenobiotic metabolite. It is a member of 1-benzofurans, a dicarboxylic acid, a lignan, an olefinic compound and a member of guaiacols. It derives from a ferulic acid. It is a conjugate acid of a (+)-DCA-CC(2-). It is an enantiomer of a (-)-DCA-CC.",The molecule is a dicarboxylic acid dianion obtained by deprotonation of the carboxy groups of (+)-DCA-CC; major species at pH 7.3. It is a conjugate base of a (+)-DCA-CC. It is an enantiomer of a (-)-DCA-CC(2-).
990,"The molecule is a sulfonamide that is the N-methyl derivative of perfluorooctane sulfonamidoacetic acid. It has a role as a xenobiotic and an environmental contaminant. It is an organofluorine compound, a monocarboxylic acid and a sulfonamide.","The molecule is a monocarboxylic acid that is (sulfoamino)acetic acid substituted by a heptadecafluorooctyl group at the sulfur atom. It has a role as a xenobiotic and an environmental contaminant. It is an organofluorine compound, a sulfonamide and a monocarboxylic acid. It derives from a perfluorooctane-1-sulfonic acid and a perfluorooctanesulfonamide."
991,"The molecule is an unsaturated fatty acyl-CoA that results from the formal condensation of the thiol group of coenzyme A with the carboxy group of (11Z)-3-oxooctadecenoic acid. It is a 3-oxo-fatty acyl-CoA, a long-chain fatty acyl-CoA and a monounsaturated fatty acyl-CoA. It is a conjugate acid of an (11Z)-3-oxooctadecenoyl-CoA(4-).",The molecule is a 3-oxo-fatty acyl-CoA(4-) obtained by deprotonation of the phosphate and diphosphate OH groups of (11Z)-3-oxooctadecenoyl-CoA; major species at pH 7.3. It is a conjugate base of an (11Z)-3-oxooctadecenoyl-CoA.
992,"The molecule is a member of the class of chromones that is chromone which is substituted by a 2-(4-methoxyphenyl)ethyl group at position 2. It is found in agarwood, a fragrant resinous heartwood from trees of the genus Aquilaria. It has a role as a plant metabolite. It is a member of chromones and a monomethoxybenzene. It derives from a chromone.","The molecule is a member of the class of chromones that is chromone which is substituted by a 2-phenylethyl group at position 2. It is found in agarwood, a fragrant resinous heartwood obtained from certain trees in the genus Aquilaria. It has a role as a plant metabolite. It is a member of chromones and a member of benzenes. It derives from a chromone."
993,"The molecule is a member of the class of anthracenones that is 3,4-tetrahydroanthracen-1-one which is substituted by hydroxy groups at positions 2, 3, 6, 8 and 9, and a 2-oxopropyl group at position 3. It has a role as an Aspergillus metabolite. It is a tertiary alcohol, a secondary alcohol, a member of phenols, a cyclic ketone, a methyl ketone, an aromatic ketone, an alpha-hydroxy ketone, a beta-hydroxy ketone and an anthracenone. It derives from an asperthecin.","The molecule is a member of the class of anthracenones that is 3,4-dihydroanthracen-1(2H)-one which carries a methyl group at position 3 and hydroxy groups at positions 3, 6, 8, and 9, respectively. It has a role as an Aspergillus metabolite. It is a member of phenols, an anthracenone, a tertiary alcohol, a beta-hydroxy ketone and a polyketide."
994,"The molecule is a member of the class of mastopyrans that is a 14-amino acid polypeptide comprising isoleucyl, asparaginyl, leucyl, lysyl, alanyl, isoleucyl, alanyl, alanyl, leucyl, alanyl, lysyl, lysyl, leucyl, and phenylalninamide residues coupled in sequence. It is the major active component of the venom of the hornet Vespa affinis and causes degranulation of mast cells. It exhibits antimicrobial activity against both Gram-positive and -negative bacteria as well as haemolytic activity on chicken, human and sheep erythrocytes. It has a role as an antibacterial agent. It is a member of mastoparans and a peptidyl amide.","The molecule is a member of the class of mastopyrans that is a 14-amino acid polypeptide comprising isoleucyl, asparaginyl, tryptophyl, lysyl, glycyl, isoleucyl, alanyl, alanyl, methionyl, alanyl, lysyl, lysyl, leucyl, and leucinamide residues coupled in sequence. It is the major active component of the venom of the hornet Vespa velutina and causes degranulation of mast cells. It exhibits antimicrobial activity against both Gram-positive and -negative bacteria as well as haemolytic activity on chicken, human and sheep erythrocytes. It has a role as an antibacterial agent. It is a member of mastoparans and a peptidyl amide."
995,"The molecule is a terpene lactone that is 13,28-epoxyolean-11-en-28-one substituted by an alpha-hydroxy group at position 3. It has been isolated from the leaves and twigs of Fatsia polycarpa. It has a role as a metabolite and a plant metabolite. It is a hexacyclic triterpenoid, a terpene lactone and a secondary alcohol. It derives from a hydride of an oleanane.","The molecule is a terpene lactone that is 13,28-epoxyolean-11-en-28-one substituted by hydroxy groups at positions 3 and 23. Isolated from the leaves and twigs of Fatsia polycarpa, it exhibits anti-HBV activity. It has a role as a metabolite, an anti-HBV agent and a plant metabolite. It is a terpene lactone, a diol and a hexacyclic triterpenoid. It derives from a hydride of an oleanane."
996,The molecule is a cyanine dye and an organic potassium salt. It has a role as a fluorochrome. It contains a SNIR1(1-).,The molecule is a cyanine dye and an organic potassium salt. It has a role as a fluorochrome. It contains a SNIR2(1-).
997,"The molecule is a tripeptide composed of L-glutamic acid, L-isoleucine and L-serine joined by peptide linkages. It has a role as a metabolite. It derives from a L-glutamic acid, a L-isoleucine and a L-serine.","The molecule is a tripeptide composed of L-aspartic acid, L-glutamine and L-serine joined in sequence by peptide linkages. It has a role as a metabolite. It derives from a L-aspartic acid, a L-glutamine and a L-serine."
998,"The molecule is a tetracyclic triterpenoid that is 4,4,8-trimethylandrosta-1,14-diene substituted by an oxo group at position 3, an acetoxy group at position 7 and a furan-3-yl group at position 17. Isolated from Azadirachta indica, it exhibits antiplasmodial and antineoplastic activities. It has a role as an antineoplastic agent, an antiplasmodial drug and a plant metabolite. It is an acetate ester, a cyclic terpene ketone, a member of furans, a limonoid and a tetracyclic triterpenoid.","The molecule is a limonoid found in Azadirachta indica. It has a role as a metabolite and a plant metabolite. It is an acetate ester, a member of furans, a pentacyclic triterpenoid, a secondary alcohol and a limonoid."
999,"The molecule is a sphingoid that is 3-dehydrohexadecasphinganine substituted at position 15 by a methyl group. It is a sphingoid, an amino alcohol and a ketone. It is a conjugate acid of a 3-dehydro-15-methylhexadecasphinganine(1+).","The molecule is a cationic sphingoid that is the conjugate acid of 3-dehydro-15-methylhexadecasphinganine, obtained by protonation of the amino group; major species at pH 7.3. It is a conjugate acid of a 3-dehydro-15-methylhexadecasphinganine."
