ID,description
0,The molecule is the cyclohexadienediol formed by dehydrocysteine. It has a role as a mouse metabolite.
1,The molecule is an ammonium ion resulting from the protonation of the hydroxy group of tetrahydrobenzene. It has a role as a human metabolite.
2,The molecule is a silsesquioxane cage consisting of two hydroxy groups at positions 2 and 3 and a hydroxy group at position 3. It has a role as a human metabolite. It is tetrahydrocannabinol and sulfonamidol. It derives from an alanine.
3,The molecule is a heterodetic cyclic polypeptide consisting of the linear hydroxy substituents at positions 1 and 2. It has a role as a human metabolite. It is tautomer of a cyclohexapeptide.
4,"The molecule is an RNA fragment consisting of guanosine, guanine, and guanyl. It has a role as a bacterial metabolite. It is a conjugate acid of a 5-guanidine."
5,The molecule is a pyrimidine 2'-deoxyribonucleotide that is pyrimidin-2'-dihydropyrimidanosyl(1-). It has a role as a mouse metabolite. It derives from an adenosine.
6,The molecule is a 7-deazaguanine ribonucleoside that is the hydroxy group at position 4. It has a role as a human metabolite. It derives from an adenosine.
7,"The molecule is a 43-membered microcin composed of Gly, Gly and Gly. It has a role as a plant metabolite. It derives from a glycerol."
8,The molecule is a maleate ester obtained by formal condensation of the carboxy group of methyl and hexadecanoic acid. It has a role as a plant metabolite. It derives from a methyl ester.
9,"The molecule is an organic anion that is the conjugate base of 3-amino-4-(1-)-dihydro-1,2-dihydroxy-2-[[1-]-aminophen-2-yl]-2-(4-dichloro-1-(3-dimethoxy)-2-oxo-2-en-1-ol. It has a role as a human metabolite. It is an enantiomer of a 3-alpha-hydroxy-3-(2-dimitrihydro-3-"
10,"The molecule is a corticotropin-releasing hormone from sheep composed of Ser, G, and C. It has a role as a plant metabolite. It is an enantiomer of a tetracycline."
11,"The molecule is a tetrahydroperoxide that is the hydroxy group at position 5. It has a role as a human metabolite. It is tetrohydropersoxide and a 10E,12Z,15Z,16Z,17Z,18Z,19Z,20Z,21Z,22Z,23Z,24Z,25Z,26Z,27Z,28Z,30Z,40Z,50Z,60Z,70Z,80Z,100,000,500,000+ metabol"
12,The molecule is the stable isotope of lithium with relative atomic mass 6.015. It has a role as a plant metabolite. It is a tautomer of a lithium.
13,The molecule is the radioactive isotope of phosphorus with relative atomic mass.
14,The molecule is a chromium group element that has atomic number 24. It derives from an oxo group.
15,The molecule is a glycopeptide that is the hydroxy group of tetrapeptide. It has a role as a plant metabolite.
16,The molecule is a Delta(4)-beta-D-Glcp-(1-). It has a role as a human metabolite. It is an enantiomer of a delta(4)-Beta(4)-Dgcp-1-.
17,The molecule is a cytochalasan alkaloid isolated from the cytoplasm of Xylonas. It has a role as a Saccharomyces cerevisiae metabolite. It is an enantiomer of a (S)-Cytochlorobenzene.
18,The molecule is an ester formed between N-hydroxysuccinimide and (4-hydroxydimethyl)succinate.
19,The molecule is an organic sodium salt and an organosulfur insecticide. It has a role as a plant metabolite. It derives from a sulfonate.
20,The molecule is a heterodetic cyclic polypeptide consisting of the linear hydroxy group of the peptide. It has a role as a mouse metabolite.
21,The molecule is an organic sodium salt that is the disodium salt of cortisol. It has a role as a plant metabolite.
22,The molecule is an amfenac in which the hydrogen at the 4 position of the benzoyl group is replaced by a hydroxy group. It has a role as a human metabolite.
23,The molecule is a conjugate acid of carbon monoxide arising from protonation of the hydrogen of the hydroxy group. It has a role as a human metabolite. It is an enantiomer of a carbon monoxy.
24,"The molecule is a trichloride salt that is tetrahydropyran-2-one substituted by methyl groups at positions 2 and 3 and a hydrogen at position 3. It has a role as a human metabolite. It is derived from a triterpenes, a member of pyran-3-ones and hexahydrophoran-2."
25,The molecule is a heterodetic cyclic polypeptide consisting of the linear amino group and the cyclohexapeptide. It has a role as a mouse metabolite.
26,"The molecule is a hydroxy monocarboxylic acid anion that is the conjugate acid of 2-hydroxy-2-hydroxy-1,2-dihydro-1,3-dihydroxy-2,4-dichloro-3,4,6-diene. It has a role as a human metabolite. It is derived from a 2-hydroxy-1-dimethoxy-2,2-dehydro-2,3'-dine."
27,The molecule is a beta-D-Galp-(1->4)-alpha-D-2-yl-(2-)oxo group that is methylated at position 2 by a hydroxy group. It has a role as a plant metabolite. It is derived from a D-2-Yl-Oxo-(2->3)-oxene.
28,The molecule is a monohydrochloride salt that is the hydroxy group of tetrahydrocinnamate. It has a role as a human metabolite. It is derived from a trihydrobutyric acid.
29,The molecule is a heterodetic cyclic polypeptide consisting of the linear hydroxy substituents at positions 1 and 2. It has a role as a mouse metabolite. It derives from a cyclohexapeptide.
30,The molecule is a cyclohexadienecarboxylic acid that is cyclopentadecanoic acid substituted by methyl groups at positions 1 and 2 and a 3-hydroxyphenyl group at position 3. It has a role as a mouse metabolite. It derives from a (S)-(1-(2-methylphenylamino)pyrrolidone).
31,The molecule is a member of the class of alkyls that is eka-aluminium substituted by a hydroxy group at position 2. It has a role as a human metabolite. It is enantiomer of an alumine.
32,The molecule is a hydrochloride salt of (S)-pilocarpine. It has a role as a human metabolite.
33,The molecule is a gibberellin norketone in which the hydroxy group at position 2 is replaced by a hydroxy substituent. It has a role as an Escherichia coli metabolite and a Saccharomyces cerevisiae metabolites. It is an enantiomer of a Gibberellinosin.
34,The molecule is a dicarboxylic acid consisting of 2-oxo-2-oxadecanoic acid substituted by a hydroxy group at position 2. It has a role as a mouse metabolite. It derives from a 2-octadeca-2-enoyl-(1-).
35,The molecule is a member of the class of aluminium that is eka-alumine substituted by a hydroxy group at position 2. It has a role as a human metabolite. It is tautomer of an acetate.
36,The molecule is a member of the class of phenols that is phenol substituted by a hydroxy group at position 2. It has a role as a plant metabolite. It is an enantiomer of an phenol.
37,The molecule is the stable isotope of lithium with relative atomic mass 6.015. It has a role as a plant metabolite. It derives from a lithium.
38,The molecule is a member of the class of cins that is C-cin substituted by a methyl group at position 2. It has a role as a plant metabolite. It is derived from a C-lacin.
39,"The molecule is a sterol 3beta-D-glucoside in which the hydroxy group at position 2 has been replaced by a hydrogen. It has a role as a Saccharomyces cerevisiae metabolite. It is an enantiomer of a 2-(2-(2-)-dimethyl)-D,3-diene."
40,The molecule is the stable isotope of rubidium with relative atomic mass .
41,The molecule is a member of the class of tetracyclines that is the tertiary form of pyridinium. It has a role as a metabolite. It is an enantiomer of a tricyclic ketone.
42,The molecule is the stable isotope of sulfur with relative atomic mass 32.97. It has a role as a plant metabolite. It is a conjugate acid of a sulfur.
43,The molecule is a chromium group element that has atomic number 24. It derives from an oxo group.
44,The molecule is a member of the class of acetylhexadecenes that is acetic acid substituted by a hydroxy group at position 2. It has a role as a plant metabolite. It is derived from acetohexane.
45,"The molecule is a fumarate salt that is tenofovir alaf, obtained by formal condensation of the hydrogens of the methyl group of the sulfur. It has a role as a metabolite. It is tetrahydrofuran and a member of fumaric acid."
46,The molecule is a polysaccharide consisting of a sulfonyl group attached to a carboxy group. It has a role as a mouse metabolite. It is tautomer of oxosaccharoyl.
47,The molecule is a member of the class of phenols that is phenol in which the hydroxy group has been replaced by a new methyl group. It has a role as a plant metabolite. It derives from a phenol.
48,The molecule is a member of the class of bryostatins that is (9)-dimethylaminobutyric acid substituted by a hydroxy group at position 2. It is derived from a (9)dihydrobutane.
49,The molecule is a lithium salt in which the counterion is bromide. It has a role as a plant metabolite.
50,The molecule is the radioactive isotope of silicon with relative atomic mass 30.
51,The molecule is a 4-oxo monocarboxylic acid anion that is 2-oxen-1-carboxamide substituted by a hydroxy group at position 2. It has a role as a human metabolite. It is tautomer of a 3-oxopentane.
52,The molecule is the stable isotope of copper with relative atomic mass 62. It has a role as a plant metabolite. It is a conjugate base of a copper.
53,The molecule is an inorganic chloride consisting of a pyridium and a chloride ions. It has a role as a plant metabolite. It is a conjugate acid of an iodide.
54,The molecule is a diphenhydramine salt obtained by formal condensation of the carboxy group of hexadecanoate with the methyl group at position 2. It is derived from heterocyclohexanoate. It has a role as a human metabolite. It is an enantiomer of a hetamine.
55,The molecule is a heterodetic cyclic polypeptide consisting of the linear hydroxy group of the peptide. It has a role as an epitope.
56,The molecule is a heterodetic cyclic polypeptide consisting of the linear hydroxy group of the peptide. It has a role as a mouse metabolite.
57,The molecule is the stable isotope of copper with relative atomic mass 62. It has a role as a human metabolite. It is a conjugate base of a copper(2-).
58,"The molecule is a dTDP-sugar having 4-dehydro-2,4-dihydro-3,4'-diene substituted by a 3-hydroxy group at position 2. It has a role as a mouse metabolite. It is tautomer of a 4-deoxy-3,4,4-Dihydroxy-3,5'-Diene(1-)."
59,The molecule is a secondary ammonium ion resulting from the protonation of a proton. It has a role as a human metabolite. It is oxo acid and a primary ammonia ionic.
60,The molecule is a maleate salt resulting from the reaction of equimolar sulfonate with a hydroxy group. It has a role as a human metabolite. It is an enantiomer of a femaleate salt.
61,The molecule is an anthocyanidin cation that is delphinidin in which the hydrogen at position 2 has been replaced by a hydroxy group.
62,The molecule is a 43-membered microcin composed of Glycerol and Glycine. It has a role as a Saccharomyces cerevisiae metabolite.
63,The molecule is an amfenac in which the hydrogen at the 4 position of the benzoyl group is replaced by a hydroxy group. It has a role as a human metabolite. It is a conjugate acid of a amfenol.
64,The molecule is the cyclohexadienediol formed by dehydrocysteine. It has a role as a mouse metabolite.
65,"The molecule is the conjugate base of (5Z,7E,9E,14Z,16Z) with a hydroxy group at position 4. It has a role as a human metabolite. It is a conjugate acid of a (5Z)-5Z-(9Z,10E)-(11Z,12E)-4-hydroxy-2-yl-(1Z)-3-hydroxy-3-ylalanine)."
66,"The molecule is the general name for the hydrogen nucleus, to be used without regard to the hydrogen atom."
67,"The molecule is a polypeptide consisting of Gly, Gly and Gly-D-glucopyranosyl residues. It has a role as a mouse metabolite. It is tautomer of a Gly(2-)."
68,The molecule is a ketoxime obtained by condensation of the keto group of phenylalanine. It has a role as a Saccharomyces cerevisiae metabolite. It is an enantiomer of a hexadecanoate.
69,The molecule is a member of the class of phenols that is phenol substituted by a hydroxy group at position 2. It has a role as a human metabolite. It is an enantiomer of an phenol.
70,The molecule is a diphenhydramine salt obtained by formal condensation of the carboxy group of methylpropane with the methyl group of 2-chloropropanol. It has a role as a plant metabolite. It derives from a methyl propane.
71,The molecule is a heterodetic cyclic peptide consisting of a tetrahydropyridine ring attached to a polypeptide. It has a role as a mouse metabolite.
72,The molecule is a macrolide consisting resulting from the formal lactonisation of a sulfonyl group. It has a role as a human metabolite. It is derived from a lactonic acid.
73,The molecule is a p-menthane monoterpenoid that is tetrahexane substituted by methyl groups at positions 1 and 2 and a hydrogen at position 3. It has a role as a human metabolite. It is enantiomer of a (S)-menthene.
74,The molecule is a carboxylic acid anion obtained by deprotonation of the carboxy group at position 2. It has a role as a human metabolite. It is an enantiomer of a dicarboxylic acid.
75,"The molecule is a thioxanthene that consists of a 1,2,3,4-dihydro-1,4,6,7-trimethyl-1,6,7,8,10-trihexane substituted by a 3-hydroxy group at position 2. It has a role as a plant metabolite. It derives from a 2,3,4,5-trihydroxy-1,6-trihydro-2,8,9-triethanolamine."
76,The molecule is a hydroxydocosahexaenoate that is hydroxydioctadecanoate substituted by methyl groups at positions 1 and 2 and a hydrogen at position 3. It has a role as a human metabolite. It is derived from a dioctose.
77,The molecule is the stable isotope of tetracycline with relative atomic atomic distance. It has a role as a plant metabolite. It is a tetrocycline and a member of phenols.
78,The molecule is a beta-D-glucosiduronate that is the hydroxy group of D-glucuronate. It has a role as a human metabolite. It is an enantiomer of a glucuronic acid.
79,The molecule is the cyclohexadienediol formed by dehydrocysteine. It has a role as a mouse metabolite.
80,The molecule is the cyclohexadienediol formed by dehydrocysteine. It has a role as a mouse metabolite.
81,The molecule is a member of the class of benzimidazoles that is 2-benzimide substituted by a methyl group at position 2. It has a role as a human metabolite. It is tautomer of a 2-benzamide.
82,The molecule is a member of the class of phenols that is phenol substituted by a hydroxy group at position 2. It has a role as a human metabolite. It is an enantiomer of an phenol.
83,The molecule is an indolocarbazole compound having two chloro substituents. It has a role as a human metabolite. It is a conjugate acid of a tetrazole.
84,The molecule is a dicarboxylic acid consisting of glutaric acid substituted by a hydroxy group at position 2. It has a role as a plant metabolite. It derives from a glutanic acid.
85,The molecule is a dendrimer macromolecule consisting of a malonamide substituted by a hydroxy group at position 2. It has a role as a plant metabolite. It is derived from a decanopyridine.
86,"The molecule is a hexacosahexanoate that is the hydroxy group of hepa-(2-)-hepoxy-2-enoyl-1,2-dihydro-1,3-dimethyl-1,3,4-dichloro-2,4,4-trimethyl-2,6,7-trihydroxy-2,6-tribenzene. It has a role as a human metabolite and a Saccharomyces cerevisiae inhibitor."
87,The molecule is a highly toxic organomercury compound which is used as a sulfate substituter. It has a role as an EC 3.1.1.1 (polyethylene glycol) inhibitor and a human metabolite. It is tautomer of a polyethylene glycoside.
88,The molecule is a member of the class of phenols that is the hydroxy group of the phenol. It has a role as a human metabolite. It is an enantiomer of a phenol and a monocarboxylic acid.
89,"The molecule is a linear octasaccharide consisting of oxo groups at positions 1 and 2. It has a role as a human metabolite. It is an organic oleic acid, a cyclic fatty acid and a polyunsaturated fat."
90,The molecule is a member of the class of phenols that is phenol in which one of the hydroxy groups has been replaced by a hydroxy group. It has a role as a plant metabolite. It is enantiomer of an phenol.
91,"The molecule is a 6-alkyl-4-hydroxy-2H-pyran-2-carboxylic acid that is 2-methyl-4-oxo-1,4-dihydro-2-hydroxy-1,5-dichloro-2,6-diene substituted by a hydroxy group at position 2. It has a role as a human metabolite. It is tautomer of a 2-methyl-3-octadecanoic acid."
92,The molecule is an ammonium ion resulting from the protonation of the hydroxy group of ammonia.
93,The molecule is a beta-amyloid that ia a 42 amino acid. It has a role as a plant metabolite. It is tautomer of an amylated beta-Amyloid.
94,The molecule is a beta-amyloid that ia a 42 amino acid. It has a role as a plant metabolite. It derives from a tetrahydrocysteine.
95,The molecule is a polysaccharide consisting of a sphingosine residue attached to a glycosyl group. It has a role as a mouse metabolite. It derives from an adenosine.
96,The molecule is a monovalent inorganic cation resulting from the removal of a hydroxy group from the tetrahydro group. It has a role as a human metabolite. It is derived from a methane.
97,The molecule is an apo carotenoid triterpenoid that is tetrahexanoid substituted by a hydroxy group at position 2. It has a role as a human metabolite. It is a conjugate acid of a 5-oxocarotenoide.
98,"The molecule is a 43-membered microcin composed of Gly, Gly and Gly."
99,The molecule is a diterpene derived from the hydride of tetrahydrocysteine. It has a role as a Saccharomyces cerevisiae metabolite.
100,The molecule is an apo carotenoid triterpenoid that is tetracarboxylic acid substituted by a hydroxy group at position 2. It has a role as a human metabolite. It is a conjugate acid of a (R)-tetranol.
101,The molecule is a phosphate salt obtained by reaction ruxolitini.
102,"The molecule is a nuclear particle of charge number +1, spin 1/2 and rest mass of 1.00."
103,The molecule is the organic sodium salt of glycine. It has a role as a human metabolite. It is a hypoxia inhibitor and a tetracycline.
104,The molecule is a homodetic cyclic peptide consisting of a cyclohexadecanoyl group at position 3 and a glycosidic residue at position 4. It has a role as a human metabolite. It derives from an adenosine.
105,The molecule is an arsenic oxoanion formed by loss of the hydroxy group of octadecanoic acid. It has a role as a plant metabolite. It derives from a hexanoate.
106,The molecule is a member of the class of phenols that is phenol in which the hydroxy group at position 2 has been replaced by a new methyl group. It has a role as a mouse metabolite. It is derived from a phenol.
107,The molecule is a formate ester resulting from the formal condensation of formic acid with a hydroxy group. It has a role as a human metabolite. It is derived from a formic acids.
108,"The molecule is a 6-alkyl-4-hydroxy-2H-pyran-2-carboxylic acid that is 2-methyl-4-oxo-2-hydroxy-3-methyl-1,4-dihydro-1,5-diene substituted by a hydroxy group at position 2. It has a role as a mouse metabolite. It derives from a 2-methyl-3-octadecanoic acid."
109,The molecule is the trihydrate of the acetic acid salt of sulfonamycin. It has a role as a human metabolite. It is a conjugate acid of a steroid.
110,"The molecule is a corticotropin-releasing hormone from sheep composed of Ser, G, C, D, E, and C. It has a role as a human metabolite. It derives from a ser, a tetracycline and a coenzyme."
111,The molecule is a member of the class of tetracyclines that is tetrocycline substituted by a hydroxy group at position 2. It has a role as a human metabolite. It is derived from a tricyclic triglyceride.
112,The molecule is a heterodetic cyclic polypeptide consisting of the linear amino group and the cyclohexapeptide. It has a role as a mouse metabolite.
113,The molecule is an organophosphate oxoanion obtained by deprotonation of the carboxy group of a phosphate. It has a role as a human metabolite.
114,The molecule is a chromium group element that has atomic number 24. It derives from an oxo group.
115,"The molecule is a dithiol that is 1,2-dithio-1,2-diene substituted by a methyl group at position 2. It is derived from a 1,2-D-dihydro-1-diene. It is an enantiomer of a 2,2-didehydro-2,2-deoxy-1,2-dimethoxy-1-yl-diketyl-1,2."
116,The molecule is the stable isotope of niobium with relative atomic atomic distance. It derives from a nitrate.
117,"The molecule is a sulfoglycolipid in which the alpha, sulpho group is replaced by a hydrogen. It has a role as a human metabolite. It is tautomer of a (alpha-S)-sulfur-beta-D-glucose."
118,The molecule is the stable isotope of rubidium with relative atomic mass .
119,The molecule is a member of the class of phenols that is phenol in which the hydroxy group has been replaced by a new methyl group. It has a role as a plant metabolite. It derives from a phenol.
120,The molecule is the stable isotope of vanadium with relative atomic mass 50.
121,The molecule is the stable isotope of rubidium with relative atomic mass .
122,"The molecule is a racemate consisting of equimolar amounts of (3R,4R,5R,6R,7R,8R,9R,10R,11R,12R,13R,14R,15R,16R,17R,18R,19R) and a hydroxy group. It has a role as a plant metabolite. It is tetramer of a (R)-(1R,2R,3R,20R,21R,22R,23R,24"
123,"The molecule is an alpha-Neup5Ac-(2->3)-beta-(1->4)-(3->4), a member of phenolic amides that is a beta-Nep5-(4->5)-betra-(2-->3), methyl amide and a hydroxy group. It has a role as a mouse metabolite."
124,The molecule is a sulfonyl-oxo compound that is the hydroxy group of sulphur. It has a role as a plant metabolite. It derives from a sulfur.
125,The molecule is a hydrogen butenedioate that is the conjugate base of male. It has a role as a human metabolite. It is tetrahydrobutene and a member of butenes.
126,"The molecule is a corticotropin-releasing hormone from sheep composed of Ser, G, and C. It has a role as a human metabolite. It is tautomer of a sphingosine."
127,"The molecule is a conjugate base of (5Z,9E,14Z)-(7Z,10E,11Z)-2-(4Z,12Z,13Z)-3-(3Z,14E,15Z)-1-(6Z,16Z,17Z)-4-(1Z,18Z)-5-(2Z,19Z)-6-(8Z,20Z)-7-(9Z,22Z)-8-(5Z,21Z,23Z)-9-(14Z,24Z,27Z)-14"
128,The molecule is the stable isotope of silicon with relative atomic mass 27.97. It has a role as a plant metabolite. It derives from a silicon.
129,The molecule is a fatty acid methyl ester resulting from the formal condensation of the methyl group of oleic acid. It has a role as a Saccharomyces cerevisiae metabolite and a human xenobiotic. It is an enantiomer of a (S)-ol.
130,The molecule is the organic sodium salt of glycine. It has a role as a human metabolite. It is a hypoxic acid and a tetrahydrosulfonate.
131,"The molecule is the general name for the hydrogen nucleus, to be used without regard to the hydrogen atom."
132,The molecule is a carboxylic acid anion obtained by deprotonation of the carboxy group at position 2. It has a role as a plant metabolite. It is an enantiomer of a dicarboxylic acid.
133,"The molecule is a 43-membered microcin composed of Gly, Gly and Gly."
134,The molecule is a member of the class of cins that is methylcin substituted by a methyl group at position 2. It has a role as a plant metabolite.
135,"The molecule is a corticotropin-releasing hormone from sheep composed of Ser, G, C, D, E, and C."
136,"The molecule is a L-stereoisomer of N-(2,4-dihydro)-2,4-D-glucosamine. It has a role as a human metabolite. It is derived from a N-[2,4'-dichloro]-2,4,4-dehydro]-3,4'D-Glucosamide."
137,The molecule is a hexachlorobiphenyl that is biphenylalanine substituted by methyl groups at positions 1 and 2 and a hydrogen at position 3. It is derived from a monophenylethyl group. It has a role as a human metabolite. It is an enantiomer of a 2-methylalanine.
138,The molecule is an aminopyrimidine compound having its amino substituent at the 4-position together.
139,The molecule is the dianion resulting from the removal of two protons from a hydroxy group.
140,"The molecule is a corticotropin-releasing hormone from sheep composed of Ser, G, and C. It has a role as a human metabolite. It is tautomer of a tetromer of an oxomer of A."
141,The molecule is a diacylglycerol that is glycero-3-ol substituted by a hydroxy group at position 2. It has a role as a mouse metabolite. It is tautomer of a D-galactose.
142,"The molecule is a corticotropin-releasing hormone from sheep composed of Ser, G, and C. It has a role as a human metabolite. It is tautomer of a ser, G and C, a steroid-releasing peptide and a neurotransmitter."
143,"The molecule is a 43-membered microcin composed of Gly, Gly and Gly. It has a role as an epitope."
144,The molecule is a 43-membered microcin composed of Glycine and Glycerol. It has a role as a plant metabolite. It derives from a glycine.
145,The molecule is the radioactive isotope of phosphorus with relative atomic mass.
146,The molecule is a beta-amyloid that ia a 42 amino acid. It has a role as a human metabolite. It is tautomer of a tetromer of an amyl-D-glucosamine.
147,"The molecule is a 43-membered microcin composed of Glycine, Glycerol and Glycin. It has a role as a human metabolite. It is an enantiomer of a glycine."
148,"The molecule is a hexachlorobiphenyl that is biphenylalanine substituted by methyl groups at positions 1 and 2 and a 3-hydroxyphenylethyl group at position 3. It has a role as a human metabolite. It is tetrahydroamino acid, a monophenylene and sulfonyl ketone. It derives from an alanine."
149,"The molecule is a 43-membered microcin composed of Glycerol and Glycine. It has a role as a plant metabolite. It is oxocin, a member of phenols and a tertiary alcohol."
150,The molecule is a 2-methoxy-6-all-trans-polyprene having a methyl substituent at the 3-position. It has a role as a mouse metabolite. It derives from a 4-methyl-D-glucosamine.
151,The molecule is a member of the class of phenols that is phenol substituted by a hydroxy group at position 2. It has a role as a plant metabolite. It is an enantiomer of an phenol.
152,The molecule is an organic sodium salt that is the disodium salt of cortisol.
153,The molecule is an RNA fragment consisting of guanosine and guanine. It has a role as a human metabolite. It derives from a five-guanone.
154,"The molecule is a pyridine that is 3,3'-bipyridine bearing an alpha-hydroxy group at position 3. It has a role as a plant metabolite. It is an enantiomer of a 2,3-dihydropyridine."
155,The molecule is a member of the class of cins that is methylcin substituted by a methyl group at position 2. It has a role as a plant metabolite. It is derived from a C-cin.
156,The molecule is a cyclic peptide consisting of a 1-hydroxy-D-glucosamine having a 2-hydroxy-S-glucosyl group attached to the peptidyl group. It has a role as a mouse metabolite. It is tautomer of oxo-D'glucoside.
157,The molecule is a fatty acid methyl ester resulting from the formal condensation of the methyl group of oleic acid. It has a role as a human metabolite. It is an enantiomer of a (S)-ol.
158,The molecule is an organic chloride salt that is the monochloride salt of crystal violet.
159,The molecule is a C7 sulfur-containing carboxylic acid. It has a role as a plant metabolite. It is oxolic acid and a member of sulfurs.
160,The molecule is a cyanine dye that is cyanide substituted by an oxo group at position 2. It has a role as a plant metabolite. It is based on an adenosine dye.
161,"The molecule is a dTDP-sugar having 2,3-dehydro-2,4-dihydro-3,4'-diene substituted by a 3-hydroxy-D-glucosamine group. It has a role as a mouse metabolite. It is tautomer of a 1,3-dimethoxy-2,4,-dine-diketyl-1,3'-Dihydroxy-2,5',6'-tautomeric ketone."
162,The molecule is a member of the class of phenols that is phenol substituted by a hydroxy group at position 2. It has a role as a plant metabolite. It is enantiomer of a polyphenol.
163,"The molecule is a nuclear particle of charge number +1, spin 1/2 and rest mass of 1.00."
164,"The molecule is the calcium salt of oxalic acid, which in excess in the cytoplasm of the bacterial metabolite. It has a role as a human xenobiotic. It is a conjugate acid of a hydroxy octadecanoate."
165,The molecule is a member of the class of desferrialbomycins in which the hydroxy group at position 2 has been replaced by a methyl group.
166,The molecule is a beta-amyloid that ia a 42 amino acid. It has a role as a plant metabolite. It is tautomer of a sphingosine.
167,The molecule is a macrolide resulting from the formal lactonisation of the methyl group of octadecanoic acid. It has a role as a metabolite. It is an enantiomer of a lactadiene.
168,The molecule is a retinal in which the double bond at position 9 has cis-D-glucose. It has a role as a plant metabolite.
169,"The molecule is an RNA fragment comprised of guanosine, guanine, and guanyl. It has a role as a human metabolite. It is a conjugate acid of a glycine."
170,The molecule is a heterodetic cyclic polypeptide consisting of the linear hydroxy group of the peptide. It has a role as a mouse metabolite.
171,The molecule is a N-acetyl-D-glucopyranosyl derivative that is N-acyl-L-glucosyl in which the hydrogen at position 2 has been replaced by a hydroxy group. It has a role as an Escherichia coli metabolite and a mouse model.
172,The molecule is an amino nonasaccharide consisting of nine N-formyl-D-glucosamines and three N-dihydroxyglycosyl groups.
173,"The molecule is a conjugate base of 1,2-dihydro-2,4-didemethyl-4-diene. It has a role as a human metabolite. It is an enantiomer of a 2,2-dehydro-3,4'-dimethoxy-2,5-dine."
174,The molecule is the radioactive isotope of phosphorus with relative atomic mass.
175,"The molecule is a sulfoglycolipid in which the alpha, sulpho and gamma groups are substituted by hydroxy groups. It has a role as a human metabolite. It is tautomer of a (alpha-)-sulfuryl-D-glucose."
176,The molecule is the radioactive isotope of silicon with relative atomic mass 30. It has a role as a human metabolite. It is a tautomer of a silicon.
177,The molecule is a corticotropin-releasing hormone from human/rat composed of Seronin and Seronine. It has a role as a human metabolite. It is an enantiomer of a seronin.
178,The molecule is a member of the class of cins that is cyclohexadecanoic acid substituted by a methyl group at position 2. It has a role as a plant metabolite.
179,The molecule is a hydrochloride salt that is the hydroxy group of tetracycline. It has a role as a plant metabolite. It is an encainide salt and a member of phenols.
180,The molecule is the stable isotope of rubidium with relative atomic mass .
181,The molecule is a 13-HODE in which the stereocentre at position 13 has been replaced by a hydroxy group. It has a role as a human metabolite. It is tautomer of a 14-HODODE.
182,The molecule is a sulfonyl-oxo compound consisting of a sulfur-oxy group attached to a hydrogen. It has a role as a plant metabolite. It derives from a S-sulfur.
183,The molecule is an azaarene that is anthracene in which the hydroxy group at position 2 is replaced by a methyl group.
184,"The molecule is a 1,2-diacyl-sn-glycerol that is glycero-3,4-diene substituted by a methyl group at position 2 and a hydrogen at position 3. It has a role as a human metabolite. It is derived from a 2,3-dihydro-1,4,5-dimethoxy-1,4'-dikethoxy-2,6'-tetrahydro-2,8'-trimethylglycylglycoside."
185,"The molecule is a 43-membered microcin composed of Gly, Gly and Gly."
186,"The molecule is a corticotropin-releasing hormone from sheep composed of Ser, G, and C. It has a role as a mouse metabolite. It is tautomer of a ser, G and C-terminal agonist."
187,The molecule is a beta-amyloid that ia a 42 amino acid and a hydroxy group. It derives from a Beta-Amyloid.
188,The molecule is a phytofluene having (E)-double bonds at the 6-position. It has a role as a plant metabolite.
189,"The molecule is a dinitrile that is benzene-1,3-dione substituted by a methyl group at position 2. It has a role as a human metabolite. It is tautomer of a 1,2-dihydrobenzofuran."
190,The molecule is a member of the class of phenols that is the hydroxy group of the phenol. It has a role as a plant metabolite. It is an enantiomer of a phenol and a monocarboxylic acid.
191,The molecule is the stable isotope of niobium with relative atomic atomic distance. It derives from a nitrate.
192,The molecule is a tricarboxylic acid trianion that is the conjugate acid of tetrahydrocysteine. It has a role as a human metabolite.
193,"The molecule is a member of the class of imidazo[2,1-b][2,3-d][1,4-dihydropyrazol-2-yl]pyramide. It has a role as a human metabolite. It is an enantiomer of a cyclic ketone."
194,The molecule is a sulfonyl-oxo compound that is the hydroxy group of sulphur. It has a role as a plant metabolite. It is tautomer of a S-sulfur.
195,"The molecule is a 43-membered microcin composed of Gly, Gly and Gly."
196,The molecule is a 43-membered microcin composed of Glycerol and Glycine. It has a role as a human metabolite.
197,"The molecule is an enantiomer of 2-hydroxy-4-methylpenta-2,3-dione substituted by a hydroxy group at position 2. It has a role as a human metabolite. It is a conjugate acid of a 2-hydroxy-5-methylpropanta-2-diene."
198,The molecule is a spiroketal resulting from the formal condensation of the carboxy group of the tetracycline. It has a role as a human metabolite. It is an enantiomer of a carboxylic acid.
199,The molecule is a hydrate that is the tetrahydrate form of iron dichloride.
200,The molecule is a glycol that is hexadecane which is substituted by a methyl group at position 2. It is derived from a decane. It is an enantiomer of a dicarboxylic acid.
201,The molecule is a member of the class of formic acid that is the methyl salt of formidine. It has a role as a plant metabolite. It derives from a formenoid.
202,The molecule is the stable isotope of copper with relative atomic mass 62.
203,The molecule is a heterodetic cyclic polypeptide consisting of the linear peptides of a tetracyclic cyclohexapeptide. It has a role as an epitope.
204,The molecule is a dihydrate of ceftibuten. It has a role as a human metabolite. It is an enantiomer of a ceftributene.
205,The molecule is a member of the class of phenols that is phenol substituted by a hydroxy group at position 2. It has a role as a plant metabolite. It is based on a monocarboxylic acid.
206,The molecule is a steroidal acyl-CoA that results from the formal condensation of the hydroxy group of adiol with the methyl group of an acetate.
207,The molecule is a beta-D-Galp-(1->4)-alpha-D-2-yl-(2->3)-alkyl-[1->4-]-(3->4+)-tetrahydro-(2-)-(4->5)-alkaloid that is methylated by a hydroxy group at position 2 and a hydrogen at position 3. It has a role as a human metabolite.
208,The molecule is a member of the class of cins that is cyclohexadecanoic acid substituted by a methyl group at position 2. It has a role as a human metabolite. It is tetracycline and a monocarboxylic acid. It derives from an acetate.
209,"The molecule is a conjugate base of (S)-3-(indol-3-yl)-1,3-dihydro-1,4-D-glucopyranosyl-(1-). It has a role as a Saccharomyces cerevisiae metabolite. It is an enantiomer of a (3-(S)-(Indolamino)-1-dichloro-2,3-4-diene."
210,The molecule is the stable isotope of silicon with relative atomic mass 27.97. It has a role as a plant metabolite. It derives from a silicon.
211,The molecule is a long-chain primary fatty alcohol that is hexadecanoic acid substituted by a hydroxy group at position 2 and a hydrogen at position 3. It is derived from a polyunsaturated fatty acid. It has a role as an Escherichia coli metabolite. It is an enantiomer of a 2-hydroxyhexanoate.
212,"The molecule is a member of the class of cins that is cyclohexaenoic acid substituted by a methyl group at position 2. It has a role as a plant metabolite. It is tetracycline, a monocarboxylic acid and an enantiomer of a CIN."
213,The molecule is the radioactive isotope of silicon with relative atomic mass 30.
214,"The molecule is a corticotropin-releasing hormone from sheep composed of Ser, G, and C. It has a role as a mouse metabolite. It is tautomer of a sphingosine."
215,"The molecule is a 43-membered microcin composed of Gly, Gly and Gly."
216,The molecule is the cyclohexadienediol formed by dehydrogenation of the carboxy group of hexanol. It has a role as a mouse metabolite. It is a conjugate acid of a methylhexenol(1-).
217,"The molecule is an organic heterotetracyclic compound that is 1,3,4,4a,5a,6a,7a,8a,9a,10a,11a,12a,13a,14a,16a,17a,18a,19a,20a,21a,22a,27a,26a,23a,24a,25a,28a,29a,30a,31a,32a,33a,34a,37a,38a, a member of a hydroxy compound. It derives"
218,The molecule is an organic potassium salt obtained by formal reaction of equimolar amounts of tetrasodium phosphate with a hydroxy group. It has a role as a human metabolite.
219,The molecule is the stable isotope of niobium with relative atomic atomic distance.
220,The molecule is a metalloporphyrin that is sirohydrochlorin substituted by a hydroxy group at position 2. It has a role as a human metabolite. It is tautomer of a dihydropyrrolyne.
221,"The molecule is a 1,2-diacyl-sn-glycerol that is glycero-3,4-diene substituted by a hydroxy group at position 2. It has a role as a human metabolite. It is tautomer of a 2,2-dideoxy-1,3-dihydro-1,4,5-dimethoxy-2,6-diethyl-Sn-Glyceryl."
222,"The molecule is an RNA fragment comprised of guanosine, guanine, and guanyl. It has a role as a human metabolite. It is a conjugate acid of a glycine."
223,The molecule is the stable isotope of tetracycline with relative atomic mass 44. It has a role as a human metabolite. It is a conjugate base of a tetrocycline.
224,The molecule is a quaternary ammonium salt that is the tetrahexaenoic acid. It has a role as a mouse metabolite. It is quaterary ammonium salt and a member of phenols. It derives from an adenosine.
225,The molecule is an amino nonasaccharide consisting of nine N-formyl-D-glucosamines and a hydroxy group. It has a role as a human metabolite. It is a conjugate acid of a N-dihydroglucoside.
226,The molecule is an organophosphate oxoanion that is the conjugate of a phosphate. It has a role as a human metabolite.
227,The molecule is the stable isotope of niobium with relative atomic atomic distance. It has a role as a plant metabolite. It is a conjugate acid of a neobium.
228,The molecule is a member of the class of alkyls that is eka-aluminium substituted by a hydroxy group at position 2. It has a role as a human metabolite. It is enantiomer of an alumine.
229,The molecule is the open chain form of D-fructose 6-phosphate.
230,The molecule is a member of the class of phenols that is phenol in which one of the hydroxy groups has been replaced by a hydroxy group. It has a role as a plant metabolite. It derives from an phenol.
231,The molecule is an organic chloride salt having a hydroxy group at the hydroxy position. It has a role as a dye.
232,The molecule is a hydrate that is the monohydrate form of anhydrous esc.
233,The molecule is a rose oxide that has S configuration at position 3 and S configuration in the cytoplasmic form. It is derived from a pyridoxine.
234,The molecule is a member of the class of phenols that is phenol substituted by a hydroxy group at position 2 and a hydrogen at position 3. It has a role as a plant metabolite. It is enantiomer of an phenol.
235,The molecule is a member of the class of phenols that is phenol in which one of the hydroxy groups has been replaced by a hydroxy group. It has a role as a plant metabolite.
236,"The molecule is a polypeptide consisting of Gly, Gly and Gly-D-glucosamine. It has a role as a mouse metabolite. It is tautomer of a peptide."
237,"The molecule is the general name for the hydrogen nucleus, to be used without regard to the hydrogen atom."
238,"The molecule is a polymeric complex of propylene 1,2-bis(1-). It has a role as a human metabolite. It is tautomer of a propyl-1,2-bis[1-]."
239,The molecule is an epothilone that is 1-oxacyclohexanone substituted by a methyl group at position 2. It has a role as a plant metabolite. It is a conjugate acid of a 2-oxocyclopentanone.
240,The molecule is the stable isotope of niobium with relative atomic atomic distance. It has a role as a plant metabolite. It is a conjugate acid of a tetracycline.
241,The molecule is a spiroketal resulting from the formal condensation of the hydroxy group of a (S)-tetracycline. It has a role as a human metabolite. It is an enantiomer of an acetate.
242,The molecule is a member of the class of phenols that is phenol substituted by a hydroxy group at position 2. It has a role as a plant metabolite. It is an enantiomer of an phenol.
243,"The molecule is a 43-membered microcin composed of Glycerol and Glycine. It has a role as a plant metabolite. It is oxocin, a member of phenols and a tetracycline."
244,The molecule is the stable isotope of hydrogen with relative atomic mass 2.014102. It has a role as a plant metabolite. It is a conjugate acid of a hydrogen.
245,The molecule is a member of the class of phenols that is phenol substituted by a hydroxy group at position 2. It has a role as a human metabolite. It is an enantiomer of an phenol.
246,The molecule is the radioactive isotope of phosphorus with relative atomic mass.
247,The molecule is a member of the class of cins that is cyclohexaenoic acid substituted by a methyl group at position 2. It has a role as a plant metabolite. It is tetracycline and a monocarboxylic acid.
248,The molecule is a pyrimidine 2'-deoxyribonucleotide that is pyrimidin-2'-dihydropyrimidanosyl residue in which the hydroxy group at position 3 has been replaced by a hydrogen. It has a role as a human metabolite.
249,The molecule is a L-enantiomer of selenomethionine. It has a role as a plant metabolite. It derives from a sulfonate.
250,The molecule is a platinum coordination entity that is the conjugate base of a tetracycline.
251,The molecule is an organophosphate oxoanion obtained by deprotonation of the carboxy group of a pyridoxine. It has a role as a human metabolite. It is a conjugate acid of an acetate.
252,The molecule is a member of the class of phenols that is phenol in which one of the hydroxy groups has been replaced by a hydroxy group. It has a role as a plant metabolite. It derives from an phenol.
253,The molecule is a 3-oxo steroid that is cortisone in which the hydroxy group at position 2 has been replaced by a methyl group.
254,The molecule is a bromo fatty acid that is decanoic acid carrying a methyl substituent at position 2. It is derived from a decane. It is an enantiomer of a dicarboxylic acid.
255,The molecule is the organic sodium salt of glycine. It has a role as a human metabolite. It is a hypoxic acid and a tetrahydrosulfonate.
256,The molecule is a silsesquioxane cage consisting of two hydroxy groups at positions 2 and 3 and a hydroxy group at position 2. It is derived from a dihydrocysteine.
257,The molecule is a cyclic peptide consisting of a 1-hydroxy-D-glucosamine having a 3-hydroxy-S-glucosyl group attached at position 2. It has a role as a human metabolite. It derives from a 2-hydroxy-(2-hydroxy-)-D-3-glutonic acid.
258,The molecule is a member of the class of alpha-aluminiums that is eka-alumina substituted by a hydroxy group at position 2. It has a role as a human metabolite. It is tautomer of an alumine.
259,The molecule is a 43-membered microcin composed of Glycerol and Glycine. It has a role as a plant metabolite.
260,"The molecule is a 3beta-hydroxymethyl-4betanoate that is methyl-4,5-dihydroxymethyl-3,5'-diene substituted by a hydroxy group at position 2. It has a role as a plant metabolite. It is derived from a 4betanyl-4,5,5'diene. It derives from an acetate."
261,"The molecule is a benzazepine that is 2,3,4,5-tetrahydro-2,4-dihydro-1,4,5,6-diene substituted by a 3-hydroxyphenyl group at position 3 and a 4-hydroxyphenoxy group at positions 4 and 5 respectively. It has a role as a human metabolite. It is derived from a 2,3,4,4,5-didehydro-3,6,7-dine."
262,"The molecule is a hydroxy monocarboxylic acid anion resulting from the formal condensation of the carboxy group of 2-hydroxy-2-hydroxy-1-hydroxy-3-hydroxy-4-hydroxy-5-hydroxy-2,4-dihydro-1,6-trihydroxy-1,6,7-trimethyl-1,7-tetrahydro-2,7,8-triglyceride with the hydroxy group at position 2. It has a role as a human metabolite. It is derived from a 2-hydroxy-3,6'-hydroxy-6-hydroxy-7"
263,The molecule is a heptitol that is hexane-1-one substituted by a 2-hydroxyphenyl group at position 2. It has a role as a human metabolite. It is oxol and a member of heterobenzenes.
264,The molecule is a sulfonyl-oxo compound consisting of a sulfur-oxy group attached to a hydrogen. It has a role as a plant metabolite. It derives from an adenosine.
265,The molecule is the stable isotope of lithium with relative atomic mass 6.015. It has a role as a human metabolite. It is a tautomer of a lithium.
266,The molecule is a heterodetic cyclic polypeptide consisting of the linear hydroxy substituents of a tetracyclic peptide. It has a role as a human metabolite.
267,The molecule is a hydrate that is the monohydrate form of (S)-toluene in which the hydrogen at position 2 has been replaced by a hydrogen. It has a role as an Escherichia coli metabolite and a mouse model.
268,The molecule is an RNA fragment consisting of four guanosine and three guanine residues. It has a role as a human metabolite. It is a conjugate acid of a four-guanoate.
269,The molecule is the organic sodium salt of glycine. It has a role as a plant metabolite. It is a conjugate acid of a gypsin.
270,The molecule is the cyclohexadienediol formed by dehydrocysteine. It has a role as a mouse metabolite.
271,The molecule is a member of the class of phenols that is phenol in which the hydroxy group has been replaced by a new methyl group. It has a role as a plant metabolite. It derives from a phenol.
272,The molecule is a member of the class of benzenes that is Benzene in which one of the hydroxy groups has been replaced by a hydroxy group. It has a role as a plant metabolite. It is derived from a beta-benzenol.
273,"The molecule is a tricyclic triterpenoid that is perhydro-1,2-dihydro-2,3-dihydroxy-1,4-diene substituted by a hydroxy group at position 2. It has a role as a human metabolite. It is derived from a perhydrogenated tetrahydro-3,4'-dine."
274,The molecule is an aromatic amine that is pyridine bearing a single amino substituent.
275,"The molecule is a corticotropin-releasing hormone from sheep composed of Ser, G, and C. It has a role as a mouse metabolite. It is tautomer of a ser, G and C-terminal receptor agonist."
276,The molecule is a metabolite that is tetracycline in which one of the hydroxy groups at position 2 is replaced by a new hydroxy group. It has a role as a Saccharomyces cerevisiae metabolites and a human metabolism. It is an enantiomer of a methane.
277,The molecule is a cyclohexadienediol that is cyclopentadiene substituted by methyl groups at positions 1 and 2 and a methoxy group at position 3. It has a role as a mouse metabolite. It derives from a benzoate.
278,The molecule is a membered polypeptide consisting of L-tetrapeptide and L-serine residues. It is an enantiomer of a L-testosterone.
279,The molecule is a monohydroxypyridine that is pyridine in which the hydrogen at position 1 has been replaced by a hydroxy group. It has a role as a human metabolite. It is cyclohexadecanoate and a member of pyramides.
280,"The molecule is a tetracycline that is the hydroxy group of a (5Z,8Z,11Z)-14,15-dihydro-1,4-diene substituted by a hydrogen at position 4. It has a role as a plant metabolite. It is tacycline and a member of phenols."
281,"The molecule is a polypeptide consisting of Gly, Gly and Gly-D-glucopyranosyl residues. It has a role as a mouse metabolite. It is tautomer of a peptide."
282,The molecule is a member of the class of phenols that is phenol substituted by a hydroxy group at position 2. It has a role as a plant metabolite. It is an enantiomer of an phenol.
283,"The molecule is a member of the class of octacis that is oxacis-decapitated by a hydroxy group. It has a role as a human metabolite. It is based on a trans,oxactactic acid and a monocarboxylic acid."
284,The molecule is the stable isotope of copper with relative atomic mass 62.
285,The molecule is a member of the class of cins that is C-cin substituted by a methyl group at position 2. It has a role as a plant metabolite. It is tetracycline and a monocarboxylic acid.
286,The molecule is an organic potassium salt obtained by formal reaction of equimolar amounts of tetrasodium phosphate with a hydroxy group. It has a role as a human metabolite.
287,The molecule is a hexachlorobiphenyl that is biphenylalanine substituted by methyl groups at positions 1 and 2 and a 3-methylphenylethyl group at position 3. It has a role as a mouse metabolite. It derives from an adenosine.
288,The molecule is a sulfonyl-oxo compound consisting of a sulfur-oxy group attached to a hydrogen. It has a role as a plant metabolite.
289,The molecule is a member of the class of phenols that is phenol substituted by a hydroxy group at position 2. It has a role as a plant metabolite. It is enantiomer of a (S)-phenol.
290,The molecule is a beta-amyloid that ia a 42 amino acid. It has a role as a human metabolite. It derives from a tetrahydrocysteine.
291,The molecule is a quinoxaline derivative in which the hydroxy group at position 2 is replaced by a methyl group.
292,The molecule is a phosphatidylethanolamine 37:3 in which the hydrogen at position 3 has been replaced by a hydrogen.
293,The molecule is the cyclohexadienediol formed by dehydrolysis of the carboxy group of hexanol. It has a role as a mouse metabolite. It derives from a heterocycloheptadecanoic acid.
294,"The molecule is a phenol that consists of 1,2,3-trimethylbenzene substituted at position 2 by a 3-methylphenyl group."
295,The molecule is an organic nitrate salt that is the inorganic phosphate substituted by a hydroxy group at position 2. It has a role as a plant metabolite. It derives from a diphosphate.
296,The molecule is a fluorobenzoyl-CoA that results from the formal condensation of the methyl group of benzene. It has a role as a Saccharomyces cerevisiae metabolite.
297,The molecule is a quaternary ammonium ion resulting from the formal condensation of the hydrogens of methyl and hexahydrofuran. It has a role as a human metabolite.
298,The molecule is a member of the class of cins that is methylcin substituted by a methyl group at position 2. It has a role as a plant metabolite. It derives from an acetate.
299,"The molecule is a benzazepine that is 2,3,4,5-tetrahydro-2,4-dihydro-1,4,6,7-dikepine substituted by methyl groups at positions 3 and 4 and a 3-hydroxy group at position 3. It has a role as a human metabolite. It is based on a 1,2,3-dichloro-2-dimethoxy-2,6-dideoxy-2-D-glucosamine."
300,The molecule is a diphosphooligosaccharide that is the phosphooligonyl group of octadecanoic acid. It has a role as a human metabolite. It is an enantiomer of a phospho-O-(1-).
301,The molecule is a tetracyclic triterpenoid that is methyl and methyl substituents in which one of the methyl groups is replaced by a hydrogen. It has a role as a human metabolite. It is derived from a monocarboxylic acid.
302,The molecule is a hydrate that is the dihydrate form of manganese(II). It has a role as a plant metabolite. It is oxohydrate and a monohydrate.
303,"The molecule is a corticotropin-releasing hormone from sheep composed of Ser, G, C, D, E, and C. It has a role as a human metabolite. It is tautomer of a serotaxyl-D-glucosamine."
304,The molecule is a beta-amyloid that ia a 42 amino acid. It has a role as a human metabolite. It derives from a tetrahydrocysteine.
305,The molecule is a long-chain primary fatty alcohol that is octadecanoic acid substituted by a hydroxy group at position 4 and a hydrogen at position 5. It is derived from a monounsaturated fatty acid. It has a role as an Escherichia coli metabolite. It is an enantiomer of an oxobutyric acid.
306,The molecule is an apo carotenoid triterpenoid that is tetrahexanoid substituted by a hydroxy group at position 2. It has a role as a human metabolite. It is a conjugate acid of an octahexane.
307,The molecule is a member of the class of cins that is methylcin substituted by a methyl group at position 2. It has a role as a plant metabolite. It is tetracycline and a monocarboxylic acid.
308,The molecule is a member of the class of phenols that is phenol substituted by a hydroxy group at position 2. It has a role as a plant metabolite. It is an enantiomer of an phenol.
309,The molecule is an iron coordination entity comprising equimolar amounts of iron(3+).
310,"The molecule is a corticotropin-releasing hormone from sheep composed of Ser, G, and C. It has a role as a plant metabolite. It derives from a ser, a G, an alpha-D-glucosamine and a glucoside."
311,The molecule is a hydrochloride salt that is the hydroxy group of tetracycline. It has a role as a human metabolite. It is an enantiomer of a tertiary alcohol.
312,The molecule is a member of the class of phenols that is phenol in which one of the hydroxy groups has been replaced by a hydroxy group. It has a role as a plant metabolite. It derives from a polyphenol.
313,The molecule is the dianion resulting from the removal of two protons from the hydroxy group. It is a member of the class of dianions that is danion.
314,The molecule is an organophosphate oxoanion obtained by deprotonation of the carboxy group of a pyridoxine. It has a role as a human xenobiotic metabolite.
315,The molecule is a member of the class of bryostatins that is (9)-dimethylaminobutyric acid substituted by a hydroxy group at position 2. It is derived from a (9)dihydrobutane.
316,"The molecule is a 17(18)-EpETE in which the hydroxy group has been replaced by a methyl group. It has a role as a plant metabolite. It is tautomer of a (14,16,17,18,19,20,22,23,24,25,26,27,28,30,40,50,60,70,80,100,000,000)-ep-EdTet(1-)."
317,"The molecule is a 6-alkyl-4-hydroxy-2H-pyran-2-carboxylic acid that is 2-methyl-4-oxo-1,4-dihydro-2-hydroxy-1,5-diene substituted by a hydroxy group at position 2. It has a role as a mouse metabolite. It derives from a 2-methyl-3-octadecanoic acid."
318,"The molecule is a 43-membered microcin composed of Gly, Gly and Gly. It derives from a Gly(2-)-glycin."
319,The molecule is an L-enantiomer of selenomethionine. It is a conjugate acid of a sulfonamide. It has a role as a human metabolite.
320,"The molecule is an organic heterotetracyclic compound that is (2R,3S,4S,5S,6S,7S,8S,9S,10S) substituted by a hydroxy group at position 2. It has a role as a mouse metabolite. It is a conjugate acid of a (3R,4R,7Z,8Z,9Z,10Z,11S,12S,13S,14S,15S,16S,17S,18S,19S,20S,21S"
321,The molecule is the conjugate acid of oxidized Cypridina luciferin. It has a role as a human metabolite. It is a conjugate base of a hydroxycyclohexane.
322,The molecule is the stable isotope of rubidium with relative atomic mass .
323,The molecule is a tetrahydroquinoline that is the conjugate acid of sulfonylquinoline arising from protonation of the carboxy group. It has a role as a human metabolite. It is derived from a sulfuric acid.
324,"The molecule is a member of the class of imidazo[2,1-b][2,3-d][1,4-dihydropyranose] that is substituted by a hydroxy group at position 2. It has a role as a human metabolite. It is derived from a monocyclic pyranosine."
325,The molecule is a butyrate ester resulting from the formal condensation of butadecanoic acid with a hydroxy group. It has a role as a Saccharomyces cerevisiae metabolite. It is an enantiomer of abutyrate.
326,"The molecule is an organomercury compound that is the bis(N-oxide) derivative. It has a role as a human metabolite. It is a member of phenols, a carboxylic acid and a monocarboxylic acid."
327,The molecule is an apo carotenoid triterpenoid that is tetrahexanoid substituted by a hydroxy group at position 2. It has a role as a human metabolite. It is a conjugate acid of an octahexane.
328,The molecule is a corticotropin-releasing hormone from human/rat composed of Seronin. It has a role as a human metabolite. It is an enantiomer of a seronin(1-).
329,The molecule is a 2-deoxyribose triphosphate in which the carboxy group at position 2 is replaced by a hydroxy group. It has a role as a human metabolite. It is tautomer of a 3-deoxy-riboside.
330,The molecule is a hydroxydocosapentaenoate that is hydroxydihydropyranosyl in which the hydroxy group at position 2 has been replaced by a hydrogen. It has a role as a human metabolite. It is derived from a dihydrazine.
331,The molecule is the radioactive isotope of phosphorus with relative atomic mass.
332,The molecule is a diterpenoid derived from sclareol. It has a role as a human metabolite and a Saccharomyces cerevisiae metabolites. It is tautomer of a scaleole.
333,The molecule is a member of the class of phenols that is the hydroxy group of the phenol. It has a role as a human metabolite. It is an enantiomer of a phenol and a monocarboxylic acid.
334,"The molecule is a corticotropin-releasing hormone from sheep composed of Ser, G, and C. It has a role as a human metabolite. It is an enantiomer of a tetracycline."
335,The molecule is a phytofluene having (E)-double bonds at the 6-position. It has a role as a plant metabolite.
336,The molecule is a member of the class of cins that is cyclohexadecanoic acid substituted by a methyl group at position 2. It has a role as a plant metabolite. It is tetracycline and a monocarboxylic acid.
337,The molecule is an organic nitrate salt that is the inorganic nitriate salt of sodium. It has a role as a plant metabolite. It derives from a sodium.
338,The molecule is the stable isotope of hydrogen with relative atomic mass 2.014102. It has a role as a plant metabolite. It is a conjugate acid of a hydrogen.
339,The molecule is a monohydroxypyridine that is pyridine in which the hydrogen at position 1 has been replaced by a hydroxy group. It has a role as a human metabolite. It is cyclohexadecanoate and a member of pyramides.
340,The molecule is a tetrahydroperoxide that is the hydroxy group at position 3 and a 5-hydroxyperoxidene. It has a role as a human metabolite.
341,The molecule is the stable isotope of rubidium with relative atomic mass .
342,The molecule is a member of the class of cins that is C-cin substituted by a methyl group at position 2. It has a role as a plant metabolite. It is tetracycline and a monocarboxylic acid.
343,The molecule is an amino nonasaccharide consisting of nine N-formyl-D-glucosamine residues at positions 3 and 4 respectively. It has a role as a human metabolite. It is a conjugate acid of a N-dihydroglucoside.
344,"The molecule is an organic anion that is the conjugate base of 3-amino-4-(4-methyl)-1,4-dihydro-1,5-diene substituted by a hydroxy group at position 2. It has a role as a human metabolite. It is a conjugate acid of a 3-amine-4-[4-(3-methylinositol)-1-(1-methylimidazole)."
345,The molecule is the radioactive isotope of silicon with relative atomic mass 30. It has a role as a plant metabolite. It is a tautomer of a silicon.
346,The molecule is a heterodetic cyclic peptide that is cyclohexadecanoic acid substituted by a hydroxy group at position 2. It has a role as a plant metabolite. It is tautomer of a polypeptide.
347,"The molecule is a member of the class of hydroxyperoxysulfonamides that is methylperoxy-1,2-dihydroperoxy-2,3-diene substituted by a hydroxy group at position 3 and a hydrogen at position 4. It has a role as a human metabolite. It is based on a 5-hydroxyperoxide."
348,The molecule is a 2-deoxyribose triphosphate in which the hydroxy group at position 2 has been replaced by a ribonucleotide. It has a role as a human metabolite. It is an enantiomer of a 1-deoxy-riboside.
349,The molecule is the stable isotope of niobium with relative atomic atomic distance. It has a role as a plant metabolite. It is a conjugate acid of a neobium.
350,The molecule is a sulfonyl-oxo compound consisting of a sulfur-oxy group attached to a hydrogen. It has a role as a plant metabolite. It derives from a S-sulfur.
351,The molecule is a polyether that consists of undecane in which the carbon atom has been replaced by a hydroxy group. It has a role as a human metabolite. It is tautomer of a decane.
352,The molecule is an altrarate(1-) that is the conjugate base of D-glucosamine.
353,"The molecule is a 43-membered microcin composed of Gly, Gly and Gly."
354,"The molecule is a hydrochloride obtained by reaction of (R,S,S) with a hydroxy group."
355,"The molecule is the general name for the hydrogen nucleus, to be used without regard to the hydrogen atom. It has a role as a human metabolite. It is a conjugate acid of a tetracycline."
356,The molecule is a 3-hydroxy steroid that is obtained by formal dehydrogenation of the hydroxy group of sterol.
357,The molecule is a phytocannabinoid that is delta(9)-tetrahexanoid substituted by a hydroxy group at position 3 and a beta-D-glucosamine group at positions 4 and 5 respectively. It has a role as an Escherichia coli metabolite. It derives from a delta(9-)-dihydrocannabinol.
358,The molecule is a conjugate acid of carbon monoxide arising from protonation of the hydroxy group. It has a role as a human metabolite. It is derived from a protonated carbon monoxy group.
359,"The molecule is a dithiol that is 1,2-dithio-1,2-diene substituted by a hydroxy group at position 2. It is derived from a 1,2-D-thio-2,2-deoxy-D-glucose. It is an enantiomer of a 2,2-dideoxy-(1-)."
360,The molecule is a member of the class of phenols that is phenol in which one of the hydroxy groups has been replaced by a hydroxy group. It has a role as a plant metabolite.
361,"The molecule is a 43-membered microcin composed of Gly, Gly and Gly."
362,"The molecule is a 43-membered microcin composed of Gly, Gly and Gly."
363,The molecule is an inorganic sodium salt that has chlorate as the counter-ion. It has a role as a plant metabolite.
364,"The molecule is a carboxylic acid anion obtained by deprotonation of the carboxy group at position 2. It has a role as a plant metabolite. It is derived from a cis-cis, a dicarboxylic acid and a monocarboxamide."
365,The molecule is a dianion that is the dianoate formed by oxidation of the hydroxy group of sulfonate. It has a role as a human metabolite. It is derived from a Sulfonic acid.
366,"The molecule is a (4Z,7Z,10Z,13Z,14Z,16Z,19Z,20Z,23Z,24Z,27Z,28Z,30Z)-tetrahexaenoic acid having a hydroxy group at the hydroxy position. It has a role as a human metabolite."
367,"The molecule is a conjugate base of (S)-(14Z,16Z,17Z,18Z,19Z,20Z,21Z,22Z,23Z,24Z,25Z,26Z,27Z,28Z,30Z) that is the hydroxy group of a (1Z,12Z,15Z,29Z)-[(1Z,13Z,14Z)]-(13S,14S,19S,20S,22S,23S,24S,26S,27S,16S,17"
368,"The molecule is a member of the class of hexacosahexanoate that is hepoxymethyl-1,4-dihydro-2,5-dichlorobenzene substituted by a methyl group at position 2 and a methoxygroup at position 3. It has a role as a human metabolite. It is tautomer of a 2-(2-(2-)-hexyl)-2,4'-dimethoxybenzenoate."
369,The molecule is the stable isotope of silicon with relative atomic mass 27.97. It has a role as a plant metabolite. It derives from a silicon.
370,The molecule is a heterodetic cyclic polypeptide consisting of the linear peptide and the cyclohexapeptide. It has a role as a human metabolite.
371,The molecule is a cholesterol ester having the acyl group at the 5-position. It has a role as a human metabolite. It is tautomer of a tetromer of an acylic acid.
372,The molecule is the stable isotope of rubidium with relative atomic mass .
373,The molecule is a member of the class of cins that is C-cin substituted by a methyl group at position 2. It has a role as a plant metabolite. It is derived from a C-lacin.
374,The molecule is the stable isotope of silicon with relative atomic mass 27.97. It has a role as a plant metabolite. It derives from a silicon.
375,The molecule is a hexachlorobiphenyl that is biphenylalanine substituted by methyl groups at positions 1 and 2 and a 3-methylphenylethyl group at position 3. It has a role as a mouse metabolite. It derives from a trimethylalanine.
376,The molecule is the stable isotope of copper with relative atomic mass 62. It has a role as a plant metabolite. It derives from a copper.
377,The molecule is a beta-amyloid that ia a 42 amino acid. It has a role as a human metabolite. It is tautomer of a tetromer of an amyl-D-glucosamine.
378,The molecule is a monohydroxypyridine that is pyridine in which the hydrogen at position 1 has been replaced by a hydroxy group. It has a role as a plant metabolite. It is cyclohexadecanoate and a member of phenols.
379,The molecule is an ester resulting from the formal condensation of benzilic acid with a hydroxy group. It has a role as a human metabolite. It is a conjugate acid of a 2-benziic acid.
380,The molecule is a sphingomyelin d18:1 in which one of the hydroxy groups has been replaced by a hydrogen. It has a role as a human metabolite.
381,"The molecule is a corticotropin-releasing hormone from sheep composed of Ser, G, and C. It has a role as a mouse metabolite. It is tautomer of a ser, G and C-terminal receptor agonist."
382,The molecule is a pentenoic acid having the double bond at position 4. It has a role as a mouse metabolite. It is tetrahydrocinnamate and a member of acetylcholines.
383,The molecule is a member of the class of phenols that is the hydroxy group of the phenol. It has a role as a human metabolite. It is an enantiomer of a phenol and a monocarboxylic acid.
384,"The molecule is a heterodetic cyclic polypeptide consisting of a cyclohexadecanoyl group at position 2. It has a role as a plant metabolite. It is tetracyclic peptide, a member of phenols and a monocyclic monopeptide."
385,The molecule is a macrocyclic ketone analogue of marine sponge. It has a role as a plant metabolite. It is tetracyclic and a monocyclic compound.
386,"The molecule is a 43-membered microcin composed of Gly, Gly and Gly."
387,The molecule is a 43-membered microcin composed of Glycine and Glycin. It has a role as a plant metabolite. It is tetracycline and a member of phenols.
388,The molecule is the monohydrochloride salt of cinchocaine. It has a role as a human metabolite. It derives from a carboxylic acid.
389,The molecule is a heterodetic cyclic polypeptide consisting of the linear hydroxy group of the peptide. It has a role as a mouse metabolite.
390,"The molecule is a corticotropin-releasing hormone from sheep composed of Ser, G, and C. It has a role as a human metabolite. It is tautomer of a seroquel."
391,"The molecule is an RNA fragment consisting of guanosine and guanine in which the hydrogen at position 2 has been replaced by a hydroxy group. It has a role as a plant metabolite. It is a member of glycines, a monocarboxylic acid and a carboxylic acid."
392,The molecule is an organic nitrate salt that is the inorganic nitriate salt of sodium. It has a role as a plant metabolite. It derives from a sodium.
393,The molecule is a member of the class of phenols that is the first amino group of a phenol. It has a role as a human metabolite. It is if you can find information about the stereoconfiguration of the second amino group.
394,"The molecule is a 43-membered microcin composed of Gly, Gly and Gly. It has a role as a plant metabolite. It derives from a glycerol."
395,"The molecule is a corticotropin-releasing hormone from sheep composed of Ser, G, C, D, E, and C."
396,"The molecule is an N-substituted pyrraline that is N-methyl-1,4-dihydropyraline substituted by a hydroxy group at position 2. It has a role as a human metabolite. It is a N-sucrose and a member of pyralines."
397,The molecule is a hexachlorobiphenyl that is biphenylalanine substituted by methyl groups at positions 2 and 3 respectively. It has a role as a mouse metabolite. It derives from a triphenol.
398,"The molecule is a 6-alkyl-4-hydroxy-2H-pyran-2-carboxylic acid that is 2-methyl-4-oxo-1,4-dihydro-2-hydroxy-1,5-diene substituted by a hydroxy group at position 2. It has a role as a human metabolite. It is tautomer of a 2-methyl-3-octadecanoic acid."
399,"The molecule is an organic anion obtained by selective deprotonation of the 2- and 3-hydroxy groups of a 1-(4-dimethyl)-2-hydroxy-1,4-D-galactose. It has a role as a plant metabolite."
400,"The molecule is a corticotropin-releasing hormone from sheep composed of Ser, G, and C. It has a role as a human metabolite. It is tautomer of a ser, G and C, a steroid-releasing peptide and a neurotransmitter."
401,The molecule is a branched aminopentasaccharide consisting of beta-D-glucosamine and beta-A-glutamyl residues. It has a role as a human metabolite. It is an enantiomer of a beta-B-C-glutamine.
402,The molecule is a carboxypyridinecarboxylate that is pyridine substituted by a hydroxy group at position 2. It has a role as a plant metabolite. It is derived from a dihydropyridine.
403,The molecule is a member of the class of benzenes that is Benzene in which one of the hydroxy groups is replaced by a hydroxy group.
404,"The molecule is the conjugate base of 1,4-dihydro-2,4-trihydroxypyramido-2-one. It has a role as a human metabolite. It is a conjugate acid of a 1,4,2-dihydroxy-2,5-trihydro-1-one and a 2,4-tetrahydro-3,6-trimethylpyramado-2(1-)."
405,"The molecule is a 43-membered microcin composed of Gly, Gly and Gly."
406,The molecule is a phosphate salt obtained by reaction ruxolitini.
407,The molecule is a hexachlorobiphenyl that is biphenylalanine substituted by methyl groups at positions 1 and 2 and a hydrogen at position 3. It is derived from a monophenylethyl group. It has a role as a Saccharomyces cerevisiae metabolite. It is an enantiomer of a 2-methylalanine.
408,The molecule is a phytofluene having (E)-double bonds at the 6-position. It has a role as a plant metabolite.
409,The molecule is a hexachlorobiphenyl that is biphenylalanine substituted by methyl groups at positions 1 and 2 and a hydrogen at position 3. It is derived from a monophenylethyl group. It has a role as a human metabolite. It is an enantiomer of a 2-methylalanine.
410,The molecule is a member of the class of phenols that is phenol in which one of the hydroxy groups has been replaced by a hydroxy group. It has a role as a plant metabolite. It derives from a polyphenol.
411,The molecule is a heterodetic cyclic polypeptide consisting of the linear hydroxy group of the peptide. It has a role as a mouse metabolite.
412,The molecule is a member of the class of phenols that is phenol substituted by a hydroxy group at position 2. It has a role as a plant metabolite. It is an enantiomer of an phenol.
413,The molecule is a gibberellin norketone in which the hydroxy group at position 2 is replaced by a hydroxy substituent. It is derived from gibberellan norte. It has a role as a human metabolite.
414,The molecule is a C-nitro compound that is nitromethane in which all the hydrogens at positions 1 and 2 have been replaced by a methyl group. It has a role as a human metabolite. It is an enantiomer of a N-nitromethoxybenzene.
415,The molecule is the trihydrate of the acetic acid salt of sulfonamycin. It has a role as a human metabolite. It is a conjugate acid of a steroid.
416,The molecule is a membered polypeptide consisting of L-tetrapeptide and L-cysteine. It has a role as a human metabolite.
417,"The molecule is a 43-membered microcin composed of Gly, Gly and Gly."
418,The molecule is a macrolide consisting resulting from the formal lactonisation of a sulfonyl group. It has a role as a human metabolite. It derives from an acetate.
419,The molecule is a radioactive metallic element that is tetrahydropyrrolium in which the hydrogen at position 2 has been replaced by a hydroxy group. It has a role as a plant metabolite. It derives from an epoxide.
420,The molecule is a corticotropin-releasing hormone that is the conjugate acid of a tetracycline. It has a role as a human metabolite. It is an enantiomer of an alanine.
421,The molecule is a chromium group element that has atomic number 24. It derives from an oxo group.
422,The molecule is a member of the class of phenols that is phenol substituted by a hydroxy group at position 2. It has a role as a plant metabolite. It is an enantiomer of an phenol.
423,The molecule is a member of the class of phospholipids that is phosphorylated at position 3 by a hydroxy group. It has a role as an Escherichia coli metabolite and a mouse model.
424,The molecule is a wax ester obtained by the formal condensation of hexadecanoic acid with a methyl group. It has a role as a Saccharomyces cerevisiae metabolite. It is an enantiomer of a (S)-beta-D-glucosamine.
425,"The molecule is a corticotropin-releasing hormone from human/rat composed of Serona, a member of phenols and a hydroxy group. It has a role as a plant metabolite. It is tautomer of a serona. It derives from a streptomycin."
426,The molecule is the stable isotope of silicon with relative atomic mass 29.97. It has a role as a plant metabolite. It derives from a silicon.
427,"The molecule is the D-enantiomer of pyranose. It has a role as a mouse metabolite. It is a pyranoside, a member of phenols and a monocarboxylic acid."
428,The molecule is a hexachlorobiphenyl that is biphenylalanine substituted by methyl groups at positions 1 and 2 and a hydrogen at position 3. It is derived from a monophenylethyl group. It has a role as a human metabolite. It is an enantiomer of a 2-methylalanine.
429,The molecule is a member of the class of phenols that is phenol substituted by a hydroxy group at position 2. It has a role as a plant metabolite. It is an enantiomer of an phenol.
430,"The molecule is conjugate base of glycerol 1,2-cyclic phosphate. It has a role as a human metabolite."
431,"The molecule is a sterol 3beta-D-glucoside in which the hydroxy group at position 2 has been replaced by a hydrogen. It has a role as a Saccharomyces cerevisiae metabolite. It is an enantiomer of a 2-(2-(2-)-dimethyl)-D,3-diene."
432,The molecule is an acyl-CoA(4-) arising from deprotonation of the carboxy group at position 4. It has a role as a mouse metabolite. It derives from a deprotonation of a hydroxy acyle.
433,The molecule is a member of the class of phenols that is phenol in which one of the hydroxy groups has been replaced by a hydroxy group. It has a role as a plant metabolite. It derives from an phenol.
434,The molecule is a member of the class of phenols that is phenol substituted by a hydroxy group at position 2. It has a role as a plant metabolite. It is an enantiomer of an phenol.
435,The molecule is a long-chain primary fatty alcohol that is the all-trans-sugar-alpha-diol of hexadecanoic acid.
436,The molecule is a member of the class of phenols that is phenol in which the hydroxy group at position 2 has been replaced by a new methyl group. It has a role as a plant metabolite. It derives from a phenol.
437,The molecule is a conjugate base of (S)-tetrahydrocysteine. It has a role as a plant metabolite.
438,The molecule is a proanthocyanidin in which the hydroxy group at position 2 has been replaced by a methyl group. It has a role as a plant metabolite. It is derived from a propanol.
439,The molecule is a hydrochloride salt that is the hydroxy group of tetracycline. It has a role as a plant metabolite. It is an encainide salt and a tertiary alcohol.
440,"The molecule is a 43-membered microcin composed of Gly, Gly and Gly. It has a role as a Saccharomyces cerevisiae metabolite."
441,The molecule is the stable isotope of silicon with relative atomic mass 27.97. It has a role as a plant metabolite. It derives from a silicon.
442,"The molecule is a UDP-4-dehydro-6-deoxy-D-glucosamine that is UDP-3-demethyl-1-hydroxy-2-hydroxy-1-methyl-1,2-dihydro-4,3-diene substituted by a hydroxy group at position 4. It has a role as a human metabolite. It is tautomer of a D-glucosylamine."
443,"The molecule is a tetrahexylacetate salt obtained by oxidation of the carboxy group of vilanterol. It has a role as a human metabolite. It is oxoate, a member of sterols and a dicarboxylic acid."
444,"The molecule is a dTDP-sugar having 4-dehydro-2,4-dihydro-3,4'-diene substituted by a 3-hydroxy group at position 2. It has a role as a mouse metabolite. It is tautomer of a 2-deoxy-D-glucosamine."
445,"The molecule is a dihydrojasmonic acid that is 9,10-dihydrojassic acid substituted by a hydroxy group at position 4. It has a role as a human metabolite. It is tautomer of a 9,10,10-D-jasmono acid."
446,The molecule is a member of the class of phenols that is phenol in which one of the hydroxy groups has been replaced by a hydroxy group. It has a role as a plant metabolite. It derives from an phenol.
447,The molecule is the radioactive isotope of phosphorus with relative atomic mass.
448,The molecule is a 2-hydroxy fatty acid that is nonadecanoic acid substituted by a hydroxy group at position 2. It has a role as a human metabolite. It is an enantiomer of a 1-hydroxy-D-glucosamine.
449,"The molecule is an organic sodium salt having 3-[(ethyl)4-[[(phenylmethyl)]amino]pyrrolidones-1,2,3-dihydro1-[(beta-D-glucosamine)-(1-))-[1-(ethanoyl]amido]-2-yl12-diene substituted by a hydroxy group at position 3 and a 4-[(propyl), but without a member of the hydroxy groups"
450,The molecule is a hexachlorobiphenyl that is biphenylalanine substituted by methyl groups at positions 2 and 3 respectively. It has a role as a human metabolite. It derives from an alanine.
451,The molecule is a member of the class of phenols that is phenol substituted by a hydroxy group at position 3 and a hydrogen at position 4. It has a role as a plant metabolite. It derives from an epoxide.
452,The molecule is the hydrochloride salt of 5-aminolevulinate.
453,The molecule is a member of the class of acetylcholines that is acetic acid substituted by a hydroxy group at position 2. It has a role as a human metabolite. It is derived from acetocholine.
454,The molecule is a member of the class of alpha-aluminiums that is eka-alumina substituted by a hydroxy group at position 2. It has a role as a mouse metabolite. It is tautomer of a beta-Alpha-Ala.
455,The molecule is a heterodetic cyclic polypeptide consisting of the linear hydroxy group of the peptide. It has a role as an epitope.
456,The molecule is a ciguatoxin comprising a sequence of four hydroxy groups at positions 4 and 5. It has a role as a human metabolite. It is tetrahydrocinnamate and a member of cisplatins. It derives from an acetate.
457,The molecule is an aminopyrimidine that is 2-ethylaminopyrimidin-1-one substituted by a methyl group at position 2. It has a role as a human metabolite. It is a conjugate acid of a 2-ethionylpyrimid-1-ine.
458,The molecule is an inorganic sodium salt that has chlorate as the counter-ion. It has a role as a plant metabolite. It derives from a chlorate.
459,The molecule is a member of the class of iron(3+) sulfates. It has a role as a metabolite. It is derived from a sulfuric acid.
460,The molecule is the hydrochloride salt of difenoxin. It has a role as a human metabolite. It derives from a hydride of an oxose.
461,The molecule is the radioactive isotope of phosphorus with relative atomic mass.
462,The molecule is a hydroxydocosahexaenoate that is methylpropanoate substituted by hydroxy groups at positions 1 and 2 and a hydrogen at position 3.
463,The molecule is a 43-membered microcin composed of Glycine and Glycin. It has a role as a metabolite. It is tautomer of a Glycerol.
464,The molecule is a beta-D-glucosiduronate that is the hydroxy group of D-glucuronate. It has a role as a human metabolite. It is an enantiomer of a glucuronic acid.
465,The molecule is a member of the class of octacis that is oxacis-decapitated by a hydroxy group. It has a role as a human metabolite. It is mainly used for the production of aqueous solutions.
466,The molecule is a beta-amyloid that ia a 42 amino acid. It has a role as a human metabolite. It derives from a tetrahydrocysteine.
467,"The molecule is a dinitrile that is benzene-1,3-dione substituted by a methyl group at position 2. It has a role as a human metabolite. It is tautomer of a 1,2-diol-1,3."
468,The molecule is a phytofluene having (E)-double bonds at the 6-position. It has a role as a plant metabolite.
469,The molecule is a chromium group element that has atomic number 24. It derives from an oxo group.
470,The molecule is a cyclohexenediol that has cis-methyl substituents at positions 1 and 2. It has a role as a plant metabolite. It derives from a (S)-methyl ether.
471,The molecule is a dihydroxy-5beta-cholanic acid that is dehydrogenated by a hydroxy group at position 3 and a hydrogen at position 4.
472,"The molecule is an amino nonasaccharide consisting of nine N-formyl-D-glucosamines, a hydroxy group and a N-dihydroglycosyl group. It has a role as a human metabolite. It is a conjugate acid of a D-glutamine."
473,The molecule is a cyclohexadienediol that is cyclopentadiene substituted by methyl groups at positions 1 and 2 and a hydrogen at position 3. It has a role as a mouse metabolite. It derives from a (S)-hexanol.
474,The molecule is the stable isotope of rubidium with relative atomic mass .
475,The molecule is a cyclohexenediol that has cis-methyl substituents at positions 1 and 2. It has a role as a mouse metabolite. It derives from an adenosine.
476,The molecule is a member of the class of phenols that is phenol substituted by a nitro group at position 2. It has a role as a plant metabolite. It is derived from phenol.
477,The molecule is a triatomic atom that is the hydroxy group of a tetraatom. It has a role as a plant metabolite. It derives from an adenosine.
478,The molecule is a member of the class of 1-benzofurans that is an antioxidant and a monocarboxylic acid. It has a role as a human metabolite. It is tautomer of a 1-benzene.
479,The molecule is the radioactive isotope of phosphorus with relative atomic mass.
480,"The molecule is a 3-hydroxyacyl-CoA that results from the formal condensation of the hydroxy group of (3R)-3-hydroxyacylic acid with the methyl group at position 3. It has a role as a plant metabolite. It is derived from a (3R,4R,5R,6R,7R,8R,9R,10R,11R,12R,13R,14R,15R,16R,17R,18R,19R,20R,21R,22R,23R,24"
481,The molecule is the stable isotope of hydrogen with relative atomic mass 2.014102. It has a role as a plant metabolite. It is a conjugate acid of a hydrogen.
482,"The molecule is the conjugate base of 3',4',5,7-tetrahexyl-2,4-dione substituted by a hydroxy group at position 4. It has a role as a human metabolite. It is a conjugate acid of a 3'-tetrohexan-2,6-diene."
483,"The molecule is conjugate base of (R)-S-lactoylglutamate. It has a role as a human metabolite. It is a conjugate acid of a (R),-S,-S(1-)."
484,The molecule is the hydrochloride salt of tetrahydrocysteine. It has a role as a plant metabolite.
485,The molecule is an anhydrous potassium hydrate obtained by formal condensation of the hydroxy group of adiol with a methyl group. It has a role as a plant metabolite. It is a conjugate acid of hexahydrobenzene.
486,The molecule is an alkylglucosinolate that is the conjugate base of a glycerol. It is a conjugate acid of an acetate.
487,The molecule is a member of the class of phenols that is phenol substituted by a hydroxy group at position 2. It has a role as a plant metabolite. It derives from an phenol.
488,The molecule is a retinal in which the double bond at position 9 has cis-D-glucose. It has a role as a plant metabolite.
489,The molecule is a member of the class of phenols that is phenol substituted by a hydroxy group at position 2. It has a role as a plant metabolite. It is if you can find information about the stereoconfiguration of the first amino group.
490,"The molecule is a member of the class of triazoles that is 1H-1,2,3-dihydro-1H-triazole substituted by a hydroxy group at position 2. It has a role as a human metabolite. It is tautomer of a 1H-2,3,3-diphenylpyrrolidone."
491,The molecule is a 43-membered microcin composed of Glycine and Glycerol. It has a role as a plant metabolite. It derives from a glycine.
492,The molecule is the stable isotope of copper with relative atomic mass 62. It has a role as a plant metabolite. It derives from a copper.
493,The molecule is a ciguatoxin comprising a sequence of four cis-dihydrocitric acid residues at positions 3 and 4 respectively. It has a role as a human metabolite. It derives from an acetate.
494,"The molecule is the conjugate base of 3',4',5'-O-(1-). It has a role as a human metabolite. It derives from a 3'-oxo group."
495,"The molecule is a corticotropin-releasing hormone from sheep composed of Ser, G, and C. It has a role as a human metabolite. It is tautomer of a G, C, D, E, and a glucocorticoid."
496,The molecule is a heterodetic cyclic polypeptide consisting of the linear hydroxy group and the cyclopropyl group. It has a role as a human metabolite. It derives from a monocyclic peptide.
497,The molecule is a polysaccharide consisting of a sphingosine residue attached to a glycosyl group. It has a role as a mouse metabolite. It derives from an adenosine.
498,"The molecule is an RNA fragment comprised of guanosine, guanine, and guanyl. It has a role as a human metabolite. It is a conjugate acid of a glycine."
499,The molecule is a member of the class of cins that is cyclohexaenoic acid substituted by a methyl group at position 2. It has a role as a human metabolite. It is tetracycline and a monocarboxylic acid.
500,The molecule is a heterodetic cyclic polypeptide consisting of the linear hydroxy group of the peptide. It has a role as a mouse metabolite.
501,The molecule is a HDoHE obtained by hydroxylation at position 2 of all-cysteine. It has a role as a human metabolite.
502,The molecule is the radioactive isotope of silicon with relative atomic mass 30.
503,The molecule is a 29-amino acid peptide consisting of His-A-D-glucosamine. It has a role as a human metabolite. It derives from a His-B-glucosyl peptidic acid.
504,The molecule is a member of the class of phenols that is phenol in which one of the hydroxy groups has been replaced by a hydroxy group. It has a role as a plant metabolite. It derives from an phenol.
505,The molecule is an aryl sulfate that is chavicol in which the hydrogen at position 2 is replaced by a hydroxy group. It has a role as a human metabolite. It is a conjugate acid of a chlorobenzoic acid.
506,The molecule is an adamanzane which contains four one-carbon chains and a 1-hydroxy group. It is a conjugate acid of a 2-amino-2-methylaminone(1-).
507,The molecule is a hexachlorobiphenyl that is biphenylalanine substituted by methyl groups at positions 1 and 2 and a hydrogen at position 3. It is derived from a monophenylethyl group. It has a role as a human metabolite. It is an enantiomer of a 2-methylalanine.
508,"The molecule is a 5-benzoyl-2,3-dihydro-1-carboxylic acid that is 2-benzo-1,4-diene substituted by a methyl group at position 2. It has a role as a plant metabolite. It is tautomer of a 3-benzo-2,4-3-dimethoxy-1,4,4-trimethyl-1,5,6-trihydroxy-1,6,7-trihydro-3,6-tautomeric acid."
509,The molecule is a hexachlorobiphenyl that is biphenylalanine substituted by methyl groups at positions 2 and 3 respectively. It has a role as a Saccharomyces cerevisiae metabolite.
510,The molecule is a 5-hydroxyuridine 5'-monophosphate that results from the formal condensation of the hydroxy group of uridine with the corresponding hydroxy groups of pyridine. It has a role as a human metabolite.
511,"The molecule is a dTDP-sugar having 4-dehydro-2,4-dihydro-3,4'-diene substituted by a 4-deoxy-(1-methyl)-D-glucosamine group. It has a role as a mouse metabolite. It derives from a D-glucosylated tetrahydro-4,4′-dine."
512,The molecule is a ruthenium coordination entity that is the indazolium.
513,"The molecule is a pyridine that is 3,3'-bipyridine bearing an alpha-hydroxy group at position 3. It has a role as a human metabolite. It is an enantiomer of a 2,3-dihydropyridine."
514,The molecule is a heterodetic cyclic polypeptide consisting of the linear hydroxy group of the cyclohexapeptide. It has a role as a mouse metabolite.
515,The molecule is an inorganic sodium salt that has chlorate as the counter-ion. It has a role as a human metabolite. It derives from a chlorate.
516,"The molecule is a 43-membered microcin composed of Gly, Gly and Gly. It has a role as a human metabolite."
517,"The molecule is a N-acyl-(2S)-hydroxyglycinate that is N-acetyl-1,4-dihydro-1,5-diene substituted by a hydroxy group at position 2. It has a role as a human metabolite. It is an enantiomer of a 2-(3S)-3-hydroxy-2-(4S)-2-dimethoxy-1,6-dine."
518,The molecule is the cyclohexadienediol formed by dehydrocysteine. It has a role as a mouse metabolite.
519,The molecule is a monocyclic heteroarene composed of a cyclohexadecanoyl substituent at position 2. It has a role as a Saccharomyces cerevisiae metabolite. It is an enantiomer of an ethylhexane.
520,The molecule is a monohydrate that is the monohydrate of ammonium magnesium phosphate.
521,"The molecule is a corticotropin-releasing hormone from sheep composed of Ser, G, and C. It has a role as a human metabolite. It is an enantiomer of a tetracycline."
522,The molecule is an organic nitrate salt that is the inorganic phosphate salt of sodium. It has a role as a plant metabolite. It derives from a sodium.
523,The molecule is a heterodetic cyclic polypeptide consisting of the linear hydroxy substituents at positions 1 and 2. It has a role as a human metabolite. It derives from a cyclohexadecanoic acid.
524,"The molecule is the conjugate base of 3',4',5,7-tetrahexyl-2,4-dione substituted by a hydroxy group at position 4. It has a role as a plant metabolite. It derives from a 3'-dichlorobenzene."
525,"The molecule is the stable isotope of sulfonium with relative atomic mass 69. It has a role as a plant metabolite. It is a sulphur compound, a member of phenols and a monocarboxylic acid."
526,The molecule is the cyclohexadienediol formed by dehydrocysteine. It has a role as a mouse metabolite.
527,The molecule is a member of the class of cins that is cyclohexadecanoic acid substituted by a methyl group at position 2. It has a role as a plant metabolite. It is an enantiomer of a C-cyclic acid.
528,"The molecule is a cyclopropanecarboxylate ester obtained by formal condensation of the carboxy group of 2-(4-methylphenyl)-1-[[3-methylpropan-2-yl]-2-[4-[3S]-2,4-dihydro-1H-pyran-3-en-2-en-1-yliden-2'-ylalanine]-amino group at position 2. It has a role as a plant metabolite. It is mainly a member of phenols and "
529,The molecule is the stable isotope of rubidium with relative atomic mass .
530,The molecule is a member of the class of oxosins that is octahydrochlorine substituted by a hydroxy group at position 2. It has a role as a plant metabolite. It is enantiomer of a (S)-oxon.
531,"The molecule is a dihydrojasmonic acid that is 9,10-dihydroxy-2-methyl-4-methyl-2-yl-(4-methyl)-2-hydroxy-2,3-dichloro-1,4-diene substituted by a hydroxy group at position 2. It has a role as a human metabolite. It is tautomer of a 1,3-methyl-3,4'-dimethoxy-2,4′-methyl-1,3'-methyl-6-hydroxy-3-methyl-7-methyl-5-methyl-"
532,The molecule is a quaternary ammonium salt that is the tetrahexaenoic acid and a monocarboxylic acid. It has a role as a plant metabolite. It is quaterary ammonium salt and sulfonate salt.
533,The molecule is a quaternary ammonium salt that is the tetrahexanoate. It has a role as a plant metabolite. It derives from a triterpenoid.
534,"The molecule is a corticotropin-releasing hormone from sheep composed of Ser, G, and C. It has a role as a mouse metabolite. It is tautomer of a ser, G and C-terminal agonist."
535,"The molecule is a 6-alkyl-4-hydroxy-2H-pyran-2-carboxylic acid that is 2-methyl-4-oxo-1,4-dihydro-2-hydroxy-1,5-trimethyl-1,6-diene substituted by a hydroxy group at position 2. It has a role as a mouse metabolite. It is tautomer of a 2-methyl-3-hydroxy-3-octadecanoate."
536,"The molecule is a member of the class of chromenes that is 2H-1-benzene substituted by a hydroxy group at position 2. It has a role as a human metabolite. It is tautomer of a 2H-2,3-dihydro-2,4-diene."
537,The molecule is a quaternary ammonium salt that is the tetrahexaenoic acid. It has a role as a plant metabolite. It derives from a monocarboxylic acid.
538,The molecule is the dianion resulting from the removal of two protons from the hydrogen atom. It is a member of the class of tetracyclines and a tertiary metal.
539,The molecule is a homodetic cyclic peptide consisting of a cyclohexadecanoyl residue attached to a glycosyl group at position 4. It has a role as a mouse metabolite. It is tautomer of cyclones.
540,The molecule is an acyl-CoA(4-) arising from deprotonation of the carboxy group at position 4. It has a role as a mouse metabolite. It derives from a hydroxyl-CaO(3-).
541,The molecule is a triatomic atom that is the hydroxy group of a tetraatom. It has a role as a plant metabolite. It derives from an adenosine.
542,The molecule is a 7-deazaguanine ribonucleoside that is the hydroxy group at position 2. It has a role as a human metabolite. It is an enantiomer of a tetracycline.
543,The molecule is a monohydroxybenzoic acid that is 4-hydroxybenzene substituted by a hydroxy group at position 2. It has a role as a human metabolite. It is tautomer of a 2-hydroxybenzone.
544,The molecule is the stable isotope of niobium with relative atomic atomic distance. It has a role as a plant metabolite. It is a conjugate acid of a tetrahydrobenzene.
545,The molecule is a hexacosahexanoate that is the conjugate base of adiol. It has a role as a human metabolite. It is derived from a diol and an acetate.
546,The molecule is a member of the class of cins that is cyclohexaenoic acid substituted by a methyl group at position 2. It has a role as a plant metabolite. It is tetracycline and a monocarboxylic acid.
547,The molecule is a member of the class of catechols that is catechol in which the hydroxy group at position 2 is replaced by a methyl group. It has a role as a human metabolite. It is an enantiomer of a catechol.
548,The molecule is a member of the class of phenols that is phenol in which one of the hydroxy groups has been replaced by a hydroxy group. It has a role as a plant metabolite. It derives from an phenol.
549,The molecule is an organic nitrate salt that is the inorganic phosphate salt of potassium. It has a role as a plant metabolite. It derives from a potassium.
550,The molecule is an inorganic sulfate salt obtained by reaction of sulfuric acid with a pyridoxine group. It has a role as a human metabolite. It is an organic sulphate salt and a conjugate acid of an acetate.
551,The molecule is a heterodetic cyclic polypeptide consisting of the linear hydroxy substituents at positions 1 and 2. It has a role as a human metabolite. It derives from a cyclohexadecane.
552,"The molecule is a polypeptide consisting of Gly, Gly and Gly-D-glucosamine. It has a role as a mouse metabolite. It is tautomer of a peptide."
553,The molecule is an organic cation resulting from the protonation of one of the hydrogens of a hydroxy group. It has a role as a human metabolite. It is an organocation and a member of hydroxy acids.
554,The molecule is a benzoate ester having 4-aminobenzoic acid attached to the hydroxy group. It has a role as a plant metabolite. It is an enantiomer of a 5-aminophenyl-(1-)benzoate.
555,The molecule is a triatomic atom that is the hydroxy group of a tetraatom. It has a role as a plant metabolite. It is an enantiomer of an acetate atom.
556,The molecule is a member of the class of pyridins that is the hydroxy group at position 2. It has a role as a human metabolite. It is tetrahydropyridian and a pyridine. It derives from an acetate.
557,The molecule is the stable isotope of sulfonium with relative atomic mass 69. It has a role as a plant metabolite. It is a conjugate acid of a sulphonium.
558,The molecule is the diphenhydramine salt of 4-chlorotheophylline.
559,"The molecule is a catechin that is (2R,3R,4R)-configuration."
560,The molecule is a monohydroxypyridine that is pyridine in which the hydrogen at position 1 has been replaced by a hydroxy group. It has a role as a human metabolite. It is cyclohexadecanoate and a member of pyramides.
561,"The molecule is a 39-membered polypeptide consisting of His, Ser, and Ser-S-S. It has a role as a mouse metabolite."
562,The molecule is a monohydrochloride salt that is the hydroxy group of tetrahydrocinnamate. It has a role as a human metabolite. It derives from an oxocinate.
563,The molecule is the stable isotope of copper with relative atomic mass 62. It has a role as a plant metabolite. It is a conjugate acid of a copper(1-).
564,The molecule is a phytofluene having (E)-double bonds at the 6-position.
565,The molecule is a member of the class of cins that is cyclohexaenoic acid substituted by a methyl group at position 2. It has a role as a plant metabolite. It derives from an adenosine.
566,The molecule is a dendrimer macromolecule consisting of a malonamide. It has a role as a human metabolite. It is an enantiomer of an alanine.
567,The molecule is a nucleotide-sugar oxoanion that is the conjugate acid of a hexadecanoic acid. It has a role as a human metabolite. It is enantiomer of heterosaccharide.
568,The molecule is the 1''-phosphate derivative of ADP-D-ribose. It derives from a D-ribonucleoside.
569,The molecule is the hydrochloride salt of 5-aminolevulinate.
570,"The molecule is a racemate consisting of equimolar amounts of (R)-(R)-2,4-dihydro-1H-(1H)-2-methyl-3-methyl-4-methyl-2-carboxylic acid. It has a role as a human metabolite. It is an enantiomer of a (S)-2H-[1H]-2-dichloro-2-benzoic acid."
571,The molecule is a member of the class of phenols that is phenol substituted by a hydroxy group at position 2. It has a role as a plant metabolite. It is an enantiomer of an phenol.
572,The molecule is the radioactive isotope of phosphorus with relative atomic mass.
573,The molecule is a tetrahydrocysteine that is the methyl derivative of adiol. It has a role as a human metabolite. It is derived from an acetate.
574,"The molecule is a member of the class of (S)-cysteines that is the conjugate acid of (1S,2R,3R,4R,5R,6R,7R,8R,9R,10R,11R,12R,13R,14R,15R,16R,17R,18R,19R,20R,21R,22R,23R,24R,26R,27R,25R,28R,29R,1S,19C,19D,19N,19"
575,"The molecule is a dotriacontahexaenoate that is 1,2,3,4-dihydro-1,2-dimethyl-2-carboxylic acid substituted by a hydroxy group at position 2. It has a role as a human metabolite. It is derived from a 1,2,3-dichloro-1-carbocarbanoic acid."
576,The molecule is the organic sodium salt of glycine. It has a role as a human metabolite. It is a hypoxia-induced sulfide and a tetrahydrosulfoxide.
577,The molecule is an acetate ester resulting from the formal condensation of the primary hydroxy group of octadecene. It has a role as a plant metabolite.
578,The molecule is the cyclohexadienediol formed by dehydrolysis of the carboxy group of hexanol. It has a role as a human metabolite. It is a conjugate acid of a heterocycloheptadecanol(2-).
579,The molecule is the stable isotope of niobium with relative atomic atomic distance. It has a role as a plant metabolite. It is a conjugate acid of a nitrate.
580,The molecule is a carboxypyridinecarboxylate that is the conjugate base of pyridine.
581,The molecule is a quaternary ammonium ion resulting from the formal condensation of the hydroxy group of tetrahydroacetic acid with the methyl group at position 2. It has a role as a human metabolite. It is derived from a triterpene.
582,The molecule is an iron coordination entity consisting of two cyano and one carbonyl substituents. It has a role as a plant metabolite. It is a conjugate acid of a cyanic acid.
583,The molecule is a chloride salt that is the hydroxy group of edrophonium. It has a role as a plant metabolite. It is derived from a tetrahydrocysteine.
584,The molecule is the stable isotope of niobium with relative atomic atomic distance.
585,"The molecule is an artemoin in which the two hydroxy groups on the C-30 are substituted by a hydroxy group. It has a role as a plant metabolite. It is a member of phenols, a monocarboxylic acid and a polycarboxamide."
586,The molecule is a radioactive metallic element that is tetrahydropyrrolium substituted by a hydroxy group at position 2. It has a role as a plant metabolite. It is an enantiomer of a methane.
587,"The molecule is the general name for the hydrogen nucleus, to be used without regard to the hydrogen atom."
588,"The molecule is a 39-membered polypeptide consisting of His, Ser, and Ser-O-methoxy groups. It has a role as a human metabolite. It derives from a Ser, a peptide and a ser-O-2-methyl-D-glucosamine."
589,The molecule is a member of the class of ptercoarpans that is ptetraarpan substituted by a hydroxy group at position 2. It has a role as a human metabolite. It derives from an adenosine.
590,The molecule is the radioactive isotope of phosphorus with relative atomic mass.
591,"The molecule is a corticotropin-releasing hormone from sheep composed of Ser, G, and C. It has a role as a mouse metabolite. It is tautomer of a ser, G and C-terminal receptor agonist."
592,The molecule is a rose oxide that has S configuration at position 2. It has a role as a mouse metabolite.
593,"The molecule is a tetracycline that is the hydroxy group of a (5Z,8Z,11Z)-14,15-dihydro-1,4-diene substituted by a hydrogen at position 4. It has a role as a human metabolite. It is enantiomer of an acetate."
594,"The molecule is a 6-alkyl-4-hydroxy-2H-pyran-2-carboxylic acid that is 2-methyl-4-oxo-1,4-dihydro-2-hydroxy-1,5-trimethyl-1,6-diene substituted by a hydroxy group at position 2. It has a role as a mouse metabolite. It is tautomer of a 2-methyl-3-hydroxy-3-octadecanoic acid."
595,"The molecule is a polypeptide consisting of Gly, Gly and Gly-D-glucopyranosyl residues. It has a role as a mouse metabolite. It is tautomer of a peptide."
596,"The molecule is a hydrochloride obtained by reaction of (R,S,S)-hydrochloric acid with a hydroxy group. It has a role as a human metabolite. It is derived from a (R)-heptane."
597,The molecule is a 3-hydroxy monocarboxylic acid that is butyric acid substituted by a hydroxy group at position 2. It has a role as a human metabolite. It is tautomer of a 2-hydroxybutanoic acid.
598,The molecule is the cyclohexadienediol formed by dehydrocysteine. It has a role as a mouse metabolite.
599,The molecule is a triatomic molecule that is the hydroxy group of a tetraatome. It has a role as a plant metabolite and a mouse metabolism. It derives from an adenosine.
600,"The molecule is a dithiol that is 1,2-dithio-1,2-diene substituted by a methyl group at position 2. It is derived from a 1,2-D-dihydro-1-diene."
601,The molecule is a member of the class of cins that is cyclohexadecanoic acid substituted by a methyl group at position 2. It has a role as a plant metabolite. It is tetracycline and a monocarboxylic acid. It derives from an acetate.
602,The molecule is a member of the class of phenols that is phenol in which one of the hydroxy groups has been replaced by a hydroxy group. It has a role as a plant metabolite. It derives from an phenol.
603,The molecule is a hexachlorobiphenyl that is biphenylalanine substituted by methyl groups at positions 2 and 3 respectively. It has a role as a human metabolite. It derives from a triphenylactone.
604,The molecule is a heterodetic cyclic polypeptide consisting of the linear hydroxy group of the cyclohexapeptide. It has a role as a mouse metabolite.
605,The molecule is a beta-amyloid that ia a 42 amino acid. It has a role as a human metabolite. It is tautomer of a sphingosine.
606,The molecule is the methyl ester of 5-aminolevulinic acid.
607,The molecule is a carbohydrate acid derivative anion obtained by deprotonation of a proton. It has a role as a human metabolite. It contains a proton.
608,The molecule is a cyclic monoterpene ketone that is camphor in which the methyl group at position 2 is replaced by a hydrogen. It has a role as a human metabolite. It is an enantiomer of a camphor.
609,"The molecule is a piperidinecarboxylate ester that is the methyl substituent of a tetrahydro-1,2-dihydro-2,3-dihydroxy-1,4-trimethyl-1,3'-diene-1,3,4'-trihydroxy-2,4,4-dine-1,5,6-diketone. It has a role as a plant metabolite. It is enantiomer of an ethylpiperidine carboxylic acid."
610,The molecule is a member of the class of benzenes that is Benzene in which one of the hydroxy groups has been replaced by a hydroxy group. It has a role as a human metabolite. It is an enantiomer of a 2-hydroxybenzoate.
611,The molecule is a member of the class of acetylhexadecyl atoms that is the atomic number of pyridoxine. It has a role as a human metabolite. It is an acetic acid atom and a pyridine atom.
612,The molecule is a member of the class of phenols that is phenol in which one of the hydroxy groups has been replaced by a hydroxy group. It has a role as a mouse metabolite. It derives from an phenol.
613,The molecule is an acyclic carboxylic anhydride resulting from the formal condensation of the hydroxy group of adiquinolones with the methyl group at position 2. It is a conjugate acid of oxoquinoline(2-).
614,"The molecule is a dithiol that is 1,2-dithio-1,2-diene substituted by a methyl group at position 2. It is derived from a 1,2-D-dihydro-1-diene. It is an enantiomer of a 2,2-didehydro-2,2-deoxy-1,2-dimethoxy-1-yl-diketyl-1,2."
615,The molecule is an iminium ion that is the free acid form of Fast green.
616,The molecule is the stable isotope of copper with relative atomic mass 62. It has a role as a human metabolite. It is a conjugate base of a copper(1-).
617,The molecule is an organic potassium salt obtained by formal reaction of equimolar amounts of tetrasodium phosphate with a hydroxy group. It has a role as a mouse metabolite. It is an organophosphate salt and a conjugate acid of an octadecanoic acid.
618,The molecule is a member of the class of phenols that is phenol substituted by a hydroxy group at position 2. It has a role as a plant metabolite. It is an enantiomer of an phenol.
619,The molecule is a heterodetic cyclic polypeptide consisting of the linear hydroxy substituents at positions 1 and 2. It has a role as a plant metabolite. It derives from a cyclohexadecanoic acid.
620,The molecule is a member of the class of cins that is methylcin substituted by a methyl group at position 2. It has a role as a plant metabolite. It derives from an acetate.
621,The molecule is a monovalent inorganic cation resulting from the removal of a hydroxy group from the tetrahydro group. It has a role as a human metabolite. It is an organic cate and a member of phenols.
622,"The molecule is a corticotropin-releasing hormone from sheep composed of Ser, G, and C. It has a role as a human metabolite. It is tautomer of a sphingosine."
623,The molecule is a heterodetic cyclic polypeptide consisting of the linear hydroxy group and the cyclopropyl group. It has a role as a plant metabolite. It derives from a monocyclic peptide.
624,"The molecule is a member of the class of cins that is C-cin substituted by a methyl group at position 2. It has a role as a plant metabolite. It derives from a C-1, C-2, C-3, C-4, C-5, C-6, C-7, C-8, C-9, C-10, C-tetrahydrocin."
625,The molecule is the stable isotope of niobium with relative atomic atomic distance. It has a role as a plant metabolite.
626,The molecule is a member of the class of phenols that is phenol in which the hydroxy group at position 2 has been replaced by a new methyl group. It has a role as a plant metabolite. It derives from a phenol.
627,The molecule is an epothilone that is 1-oxacyclohexanone substituted by a methyl group at position 2. It has a role as a plant metabolite. It is a conjugate acid of a 1-octacyclopenta-2-one.
628,The molecule is a member of the class of phenols that is the P atropylic acid. It has a role as a human metabolite. It is an enantiomer of a phenol.
629,The molecule is the radioactive isotope of phosphorus with relative atomic mass.
630,"The molecule is a hydroxyperoxide that is the hydride of a (14Z,16Z,17Z,18Z,19Z,20Z,23Z,24Z,27Z,28Z,30Z,26Z,25Z,29Z,32Z,33Z,34Z,35Z,36Z,37Z,38Z,39Z,40Z,50Z,60Z,70Z,80Z,90Z,10E,12Z,15Z,13Z,14Z)-9-hydride."
631,"The molecule is a 14-HDoHE(1-) that is the conjugate of (S)-D-glucosamine. It has a role as a plant metabolite. It is tautomer of a (S),-(S)-3-hydroxy-(2-hydroxy)-(3-hydroxy-2-hydroxy-3-methyl-4-hydroxy-5-hydroxy-6-hydroxy-1-hydroxy-4-oxy-4-yl)-dihydroxy-3,4-hydroxy-7-hydroxy-8-hydroxy-10-hydroxy-15-hydroxy-14-hydroxy-13"
632,The molecule is a sulfonated xanthene dye obtained by formal condensation of the methyl group at position 2. It has a role as a plant metabolite. It derives from an adenosine.
633,"The molecule is a 43-membered microcin composed of Gly, Gly and Gly. It has a role as a human metabolite."
634,The molecule is the cyclohexadienediol formed by dehydrocysteine. It has a role as a mouse metabolite.
635,The molecule is a triatomic molecule that is the hydroxy group of a tetraatome. It has a role as a plant metabolite and a mouse metabolism. It derives from a polymeric tetroatom.
636,The molecule is a butyrate ester resulting from the formal condensation of butadecanoic acid with a hydroxy group. It has a role as a Saccharomyces cerevisiae metabolite. It is an enantiomer of abutyrate.
637,The molecule is a hydroxydocosapentaenoate that is the hydroxy group of tetraenoic acid.
638,The molecule is a sulfur coordination entity consisting of six fluorine atoms attached to a pyridinium atom. It has a role as a human metabolite. It is an enantiomer of a fluorinium.
639,The molecule is the stable isotope of lithium with relative atomic mass 6.015. It has a role as a plant metabolite. It is a tautomer of a lithium.
640,The molecule is the radioactive isotope of phosphorus with relative atomic mass.
641,The molecule is an RNA fragment consisting of four guanosine and three guanoic acids. It has a role as a bacterial metabolite. It is a conjugate acid of a four-guanoic acid.
642,"The molecule is the conjugate base of 1,6-dihydroxy-2-methylcyclohexadecanoic acid. It is a conjugate acid of a 1,6,7,8-trihydroxy-3-methylhexanoate."
643,The molecule is a dihydrate of ceftibuten. It has a role as a human metabolite. It derives from a ceftributen and a tetrahydrocysteine.
644,The molecule is a member of the class of phospholipids that is phosphorylated at position 3 by a hydroxy group. It has a role as a human metabolite.
645,The molecule is a hydrochloride obtained by combining irinotecan with a methyl group. It has a role as a human metabolite. It is derived from a methane.
646,"The molecule is a 43-membered microcin composed of Gly, Gly and Gly."
647,"The molecule is an organic trisodium salt having 3-(3-carboxypropyl)-3-(4-methyl)-1,4-diol substituted by a hydroxy group at position 2. It has a role as a human xenobiotic metabolite. It is a conjugate acid of a 2-(3'-methyl-(1-methylphenylalanine)-3,4'-dichloro-2,5'-dienyl)."
648,The molecule is a hydrochloride salt resulting from the reaction of equinol and tetrahydrocysteine. It has a role as a plant metabolite.
649,The molecule is an organic nitrate salt that is the inorganic phosphate substituted by a hydroxy group at position 2. It has a role as a plant metabolite. It derives from a diphosphate.
650,The molecule is a nonaethylene glycol in which one of the hydroxy groups is substituted by a hydroxy group. It has a role as an Escherichia coli metabolite and a Saccharomyces cerevisiae metabolites. It is an enantiomer of a (S)-adenosine.
651,"The molecule is a pyrimidine 2'-deoxyribonucleotide that is pyrimidin-2'-dihydropyrimidanosyl(1-). It has a role as a mouse metabolite. It is derived from a 1,2-dihydroxypyrimidic acid."
652,The molecule is a hydrate that is the heptahydrate form of octahydrate. It derives from a monohydrate.
653,The molecule is a member of the class of phenols that is phenol substituted by a hydroxy group at position 2. It has a role as a human metabolite. It is an enantiomer of an phenol.
654,The molecule is a member of the class of phenols that is phenol substituted by a hydroxy group at position 2. It has a role as a plant metabolite. It is an enantiomer of an phenol.
655,The molecule is a member of the class of phenols that is phenol in which one of the hydroxy groups has been replaced by a hydroxy group. It has a role as a human metabolite. It derives from an phenol.
656,The molecule is an organic cation obtained by deprotonation of the carboxy group. It has a role as a plant metabolite. It is a conjugate acid of a carboxylic acid.
657,The molecule is the stable isotope of copper with relative atomic mass 62. It has a role as a plant metabolite. It derives from a copper.
658,The molecule is a macrocyclic ketone analogue of marine sponge. It has a role as a plant metabolite. It is tetracyclic and a monocyclic compound.
659,The molecule is a heterodetic cyclic polypeptide consisting of the linear hydroxy substituents at positions 1 and 2. It has a role as a human metabolite. It is tautomer of a cyclohexapeptide.
660,The molecule is a dendrimer macromolecule consisting of a malonamide substituted by a methyl group at position 2. It has a role as a plant metabolite. It is derived from a methoxy-D-glucosamine.
661,"The molecule is a 2,3-diacyl-sn-glycerol that is 1,3,4,5,6,7,8,10,12,13,14,15,16,17,18,19,20,21,22,23,24,26,27,28,30,40,50,60,70,80,100,000,00,000-tetrahydro-2,4-diene substituted by a hydroxy group at position 2 and a 3-hydroxy group. It has a role as a plant metabolite"
662,The molecule is the stable isotope of sulfonium with relative atomic mass 69. It has a role as a plant metabolite. It is a conjugate base of a sulphonium.
663,The molecule is a 13-HODE in which the stereocentre at position 13 has been replaced by a hydroxy group. It has a role as a human metabolite. It is tautomer of a 14-HODODE.
664,The molecule is the cyclohexadienediol formed by dehydrocysteine. It has a role as a mouse metabolite.
665,"The molecule is a 3beta-sterol that is 5alpha-cholesterol substituted by a hydroxy group at position 4. It is derived from a 5-alpha,5alpha and 6alpha fatty acids. It has a role as a human metabolite. It is an enantiomer of a 5alp-cholestrol."
666,The molecule is a long-chain primary fatty alcohol that is tricosan-3-ol substituted by a hydroxy group at position 4. It is derived from a trisan-4-oleic acid. It is an enantiomer of a 3-hydroxy-3-O-leucine.
667,The molecule is a radioactive metallic element that is tetrahydropyrrolium substituted by a hydroxy group at position 2. It has a role as a plant metabolite. It derives from an epoxide.
668,The molecule is a member of the class of phenols that is the P atropylic acid. It has a role as a plant metabolite. It is an enantiomer of a phenol.
669,"The molecule is a cyclic ketal obtained by formal condensation of 1-(2,4-dihydro)-1,2-dihydroxy-2,4-tricyclic acid with the hydroxy group at position 2. It is derived from a 1-(3,4-tetrahydrodimethyl)-2,3-dichlorobenzene. It has a role as a human metabolite."
670,The molecule is the stable isotope of lithium with relative atomic mass 7.0160.
671,"The molecule is conjugate base of glycerol 1,2-cyclic phosphate."
672,"The molecule is a diphenhydramine salt obtained by formal condensation of the carboxy group of phenylalanine. It has a role as a human metabolite. It is an aromatic ether, a member of phenols and a methyl ether."
673,The molecule is a spiroketal resulting from the formal condensation of the carboxy group of the tetracycline. It has a role as a human metabolite. It is an enantiomer of a carboxylic acid.
674,The molecule is a member of the pyrimidine family that is pyridin-2-one substituted by a hydroxy group at position 4. It has a role as a human metabolite. It is tetrahydropyridone and a monocarboxylic acid. It derives from an adenosine.
675,The molecule is a member of the class of cins that is methylcin substituted by a methyl group at position 2. It has a role as a plant metabolite. It is derived from a Glycine.
676,The molecule is a phosphoric acid monoester resulting from formal condensation of the alcohol with the phosphoryl group. It has a role as a human metabolite. It is derived from a (S)-phosphoric acids.
677,The molecule is a member of the class of phenols that is phenol in which one of the hydroxy groups has been replaced by a hydroxy group. It has a role as a plant metabolite. It derives from an phenol.
678,The molecule is an anabolic steroid that differs from testosterone by having a hydroxy group attached to the methyl group. It has a role as a human metabolite. It is a conjugate acid of a beta-lactamase.
679,The molecule is an inorganic sodium salt that has chlorate as the counter-ion. It has a role as a plant metabolite. It derives from a chlorate.
680,"The molecule is a member of the class of triazoles that is 1H-1,2-dihydro-1H-triazole substituted by a hydroxy group at position 2. It has a role as a plant metabolite. It is tautomer of a 1H-2,2'-dichloro-1,3'-diphenylpyrrolidone."
681,The molecule is the sodium salt of L-thyroxine. It has a role as a plant metabolite. It derives from a L-thiocyanine.
682,The molecule is a member of the class of phenols that is phenol substituted by a hydroxy group at position 2. It has a role as a plant metabolite. It is enantiomer of an phenol.
683,"The molecule is a chromium group element that has atomic number 24. It is an enantiomer of a 1,2-dihydroxychromo-2,3-diene."
684,The molecule is a 43-membered microcin composed of Glycerol and Glycine. It has a role as a plant metabolite. It derives from a glyceryl.
685,The molecule is the cyclohexadienediol formed by dehydrocysteine. It has a role as a mouse metabolite.
686,The molecule is the stable isotope of copper with relative atomic mass 62. It has a role as a human metabolite. It is a conjugate acid of a copper(2-).
687,The molecule is a member of the class of benzenes that is Benzene in which one of the hydroxy groups has been replaced by a hydroxy group. It has a role as a plant metabolite. It is an enantiomer of a benzoate.
688,The molecule is the radioactive isotope of phosphorus with relative atomic mass.
689,The molecule is an RNA fragment consisting of guanosine and guanine. It has a role as a human metabolite. It is a conjugate acid of a guaninosine.
690,The molecule is a butyrate ester resulting from the formal condensation of butadecanoic acid with a hydroxy group. It has a role as a Saccharomyces cerevisiae metabolite. It is an enantiomer of abutyrate.
691,The molecule is a butyrate ester resulting from the formal condensation of butadecanoic acid with a hydroxy group. It has a role as a Saccharomyces cerevisiae metabolite. It is an enantiomer of abutyrate.
692,The molecule is a member of the class of phenols that is phenol substituted by a hydroxy group at position 2. It has a role as a human metabolite. It is if you can find information about the stereoconfiguration of the first amino group.
693,The molecule is a lipopeptide that is peptide substituted by a hydroxy group at position 2. It has a role as a plant metabolite. It is an enantiomer of a polypeptide.
694,The molecule is a hexachlorobiphenyl that is biphenylalanine substituted by methyl groups at positions 2 and 3 respectively. It has a role as a Saccharomyces cerevisiae metabolite. It is an enantiomer of a 2-methylalanine.
695,The molecule is the stable isotope of silicon with relative atomic mass 27.97. It has a role as a plant metabolite. It derives from a silicon.
696,The molecule is a 3-hydroxy monocarboxylic acid that is butyric acid substituted by a hydroxy group at position 2. It has a role as a plant metabolite. It is tautomer of a butyridine.
697,The molecule is a heterodetic cyclic polypeptide consisting of the linear hydroxy group of the peptide. It has a role as a human metabolite.
698,The molecule is a 7-deazaguanine ribonucleoside that is the hydroxy group at position 4. It has a role as a human metabolite. It derives from an adenosine.
699,The molecule is a heterodetic cyclic polypeptide consisting of the linear amino group of the peptide. It has a role as a mouse metabolite.
700,The molecule is a member of the class of phenols that is phenol in which one of the hydroxy groups has been replaced by a hydroxy group. It has a role as a plant metabolite.
701,The molecule is a diphenhydramine salt obtained by formal condensation of the carboxy group of phenylalanine. It has a role as a plant metabolite. It derives from a hexahydramine.
702,"The molecule is a 1,2-dihydroxy-1,2-dihydro-2,3-diene substituted by a hydroxy group at position 2. It has a role as a plant metabolite. It is derived from a 2,2-dehydro-3,2-Dihydroxy-2,2-dien-2-yl-(1-)."
703,The molecule is an ammonium ion resulting from the addition of a proton to the hydroxy group of tetrahydrobenzene. It has a role as a plant metabolite.
704,The molecule is a homodetic cyclic peptide consisting of a cyclohexadecanoyl residue attached to a 3-hydroxy group. It has a role as a mouse metabolite. It derives from an adenosine.
705,The molecule is a heterodetic cyclic polypeptide consisting of the linear hydroxy group of the cyclohexapeptide. It has a role as a plant metabolite.
706,The molecule is an RNA fragment comprised of four guanosine and three guanine. It has a role as a human metabolite. It is a conjugate acid of a guanidin.
707,The molecule is the radioactive isotope of silicon with relative atomic mass 30.
708,"The molecule is an alpha-D-Man-(1->2)-alpha-S-Man with a hydroxy group at position 2. It has a role as a plant metabolite. It is a member of alphas, a monocarboxylic acid and a polycarboxamide."
709,The molecule is a cyclohexadienediol in which the hydroxy group at position 2 has been replaced by a hydrogen. It has a role as a human metabolite. It is tetrahydrocyclic acid and a member of cyclopentane.
710,The molecule is a hydrochloride obtained by combining the free base of neutral red with the hydroxy group. It has a role as a plant metabolite. It is an enantiomer of a chloride.
711,The molecule is a hydroperoxyoctadecatrienoate that is oxadecanoate substituted by a hydroxy group at position 2. It has a role as a human metabolite. It is derived from a (R)-oxodecanone.
712,The molecule is a HDoHE obtained by hydroxylation at position 2 of all-cysteine. It has a role as a human metabolite.
713,"The molecule is a 1-(1-ethyl-4-[3-dimethyl]-1,2-dihydro-1,4-diene substituted by a hydroxy group at position 3 and a hydrogen at position 4 respectively. It has a role as a plant metabolite. It is derived from a 1,2-dichloro-1-dine."
714,The molecule is a monovalent inorganic cation resulting from the removal of a hydroxy group from the tetrahydro group. It has a role as a human metabolite. It is an organic cate and a member of phenols.
715,The molecule is a dihydroxyanthraquinone that is anthracene substituted by a hydroxy group at position 2. It has a role as a human metabolite. It is tautomer of a (R)-anthracène.
716,The molecule is a member of the class of phenols that is phenol in which the hydroxy group at position 2 has been replaced by a new methyl group. It has a role as a human metabolite. It derives from a phenol.
717,"The molecule is a member of the class of cyclohexylamines that is cyclopentaene substituted by a methyl group at position 2. It has a role as a human metabolite. It is derived from a 1,2-dihydrocyclopentene."
718,The molecule is a heterodetic cyclic polypeptide consisting of the linear hydroxy group of the peptide. It has a role as a human metabolite.
719,The molecule is a quaternary ammonium ion resulting from the formation of a hydrogen at position 2. It has a role as a human metabolite. It is an enantiomer of an adenosine ions.
720,The molecule is the simplest silane consisting of a single silicon atom carrying a hydroxy group at position 3. It has a role as a human metabolite. It derives from a silane.
721,"The molecule is a corticotropin-releasing hormone from sheep composed of Ser, G, and C. It has a role as a human metabolite. It is tautomer of a G, C, D, E, and a glucocorticoid."
722,The molecule is a monohydrochloride salt that is the hydroxy group at position 2. It has a role as an Escherichia coli metabolite and a mouse model. It is an enantiomer of a cinchocaine.
723,The molecule is a hydrochloride obtained by combining ZM 33881 with a hydroxy group. It has a role as a human metabolite. It is an enantiomer of a ZM 23881.
724,"The molecule is a corticotropin-releasing hormone from sheep composed of Ser, G, C, D, E, and C. It has a role as a human metabolite. It is tautomer of a serotaxyl-D-glucosamine."
725,The molecule is a heterodetic cyclic polypeptide consisting of the linear cyclohexapeptide and a methyl group. It has a role as a mouse metabolite. It is tautomer of a monocyclic peptide.
726,"The molecule is an adamanzane which contains four one-carbon chains and a hydroxy group. It is a conjugate acid of a 2-amino-2-oxo-1,2-dimethylalanine(1-)."
727,The molecule is a 43-membered microcin composed of Glycine and Glycin. It has a role as a plant metabolite. It is tetracycline and a member of phenols. It derives from a Glycerol.
728,"The molecule is the general name for the hydrogen anion H(-), to be used without hydrogen substituents. It has a role as a plant metabolite."
729,The molecule is a pentasaccharide derivative in which N-acetyl-D-glucosamine is substituted by a hydroxy group at position 2. It has a role as a human metabolite. It is derived from a N-acyl-N-acetosamine.
730,The molecule is a member of the class of cins that is C-cin substituted by a methyl group at position 2. It has a role as a plant metabolite. It is derived from a C-lacin.
731,The molecule is the radioactive isotope of phosphorus with relative atomic mass.
732,The molecule is a methanesulfonate salt obtained from pergolide.
733,"The molecule is a dithiol that is 1,2-dithio-1,2-diene substituted by a hydroxy group at position 2. It is derived from a 1,2-D-thio-2,2-deoxy-D-glucosamine. It has a role as a human metabolite. It is an enantiomer of a 1-dihydro-1-diene(1-)."
734,The molecule is an amino nonasaccharide consisting of nine N-formyl-D-glucosamines and a hydroxy group. It has a role as a human metabolite. It is a conjugate acid of a N-dihydroglucoside.
735,The molecule is a phosphate salt obtained by reaction ruxolitini.
736,"The molecule is a benzazepine that is 2,3,4,5-tetrahydro-2,4-dihydro-1,4,6,7-diene substituted by a 4-hydroxyphenyl group at position 2. It has a role as a mouse metabolite. It is derived from a 1,2,3-dimethoxy-2,6,7,8,9-dine. It derives from an adenosine."
737,"The molecule is an RNA fragment comprised of guanosine, guanine, and guanyl. It has a role as a plant metabolite. It is a conjugate acid of a glycine."
738,The molecule is a monohydroxypyridine that is pyridine in which the hydrogen at position 1 has been replaced by a hydroxy group. It has a role as a human metabolite. It is oxopyridine and a member of pyramides.
739,The molecule is a cytochalasan alkaloid that is the hydroxy group of tetracycline. It has a role as a human metabolite. It is derived from tetrocycline and a monocarboxylic acid.
740,The molecule is an organophosphate oxoanion obtained by deprotonation of the phosphate group of octadecanoic acid. It has a role as a human metabolite. It is a conjugate acid of a phosphatidylcholine.
741,"The molecule is a 43-membered microcin composed of Gly, Gly and Gly."
742,The molecule is a radioactive isotope of fluorine with relative atomic mass.
743,The molecule is the radioactive isotope of silicon with relative atomic mass 30.
744,The molecule is a monohydrochloride salt that is the hydroxy group of tetrahydrocinnamate. It has a role as a human metabolite. It is derived from a trihydrobutyric acid.
745,The molecule is the stable isotope of rubidium with relative atomic mass .
746,The molecule is a member of the class of phenols that is phenol substituted by a hydroxy group at position 2. It has a role as a plant metabolite. It is an enantiomer of an phenol.
747,The molecule is a diphenhydramine salt obtained by formal condensation of the carboxy group of pyridoxine with the corresponding methyl group at position 2. It has a role as a metabolite. It is derived from pyrimidoxine.
748,The molecule is an L-allose in open-chain form. It has a role as a plant metabolite. It is a L-alanine and a member of phenols.
749,The molecule is a 2-oxo monocarboxylic acid consisting of pyridine and pyridinium. It has a role as a human metabolite. It is an enantiomer of a pyrimidinium(1-).
750,The molecule is the phosphoric acid monoester resulting from formal condensation of the alcohol and the phosphate groups of the pyridoxine. It has a role as a human metabolite. It is a conjugate acid of a pyridine.
751,The molecule is a member of the class of phenols that is phenol in which one of the hydroxy groups has been replaced by a hydroxy group. It has a role as a plant metabolite. It derives from an phenol.
752,"The molecule is a 2,3-diacyl-sn-glycerol that is 1,3,4,5,6,7,8,10,10,12,13,14,15,16,17,18,19,20,21,22,23,24,26,27,28,30,40,50,60,70,80,100,000,00,000-tetrahydro-2,4-diene substituted by a hydroxy group at position 2 and a 2-dihydro-1,6-saturated by an "
753,The molecule is a member of the class of acetylhexadecanes that is the hydroxy group at position 2. It has a role as a plant metabolite. It derives from a acetic acid.
754,"The molecule is a 43-membered microcin composed of Gly, Gly and Gly."
755,The molecule is a heterodetic cyclic polypeptide consisting of the linear hydroxy substituents at positions 1 and 2. It has a role as a human metabolite. It is tautomer of a cyclohexapeptide.
756,"The molecule is a triterpenoid that is (2S)-1,2,3,4-dihydropyranoic acid substituted by a hydroxy group at position 2. It has a role as a mouse metabolite. It is tetraterpenic acid and a member of pyranoids."
757,"The molecule is a dinitrile that is benzene-1,3-dione substituted by a methyl group at position 2. It has a role as a human metabolite. It derives from an adenosine."
758,The molecule is a triterpene that is the isomer of lanol. It has a role as a human metabolite. It is an enantiomer and a member of phenols.
759,The molecule is a beta-amyloid that ia a 42 amino acid. It has a role as a human metabolite. It derives from a tetrahydrocysteine.
760,"The molecule is a 43-membered microcin composed of Gly, Gly and Gly. It has a role as a mouse metabolite. It derives from a glycerol."
761,The molecule is a member of the class of aminopyrimidines that is 2-dihydropyrimethyl-2-one substituted by a methyl group at position 2. It is derived from a 5-dihydroxypyrimethionine. It has a role as a human metabolite. It is an aminopyrimidin and a monocarboxylic acid.
762,The molecule is a platinum coordination entity that is the conjugate base of a tetracycline. It has a role as a plant metabolite. It is oxol and a member of tetrocyclines.
763,The molecule is a corticotropin-releasing hormone that is the conjugate base of a tetracycline. It has a role as a human metabolite. It is an enantiomer of an alanine.
764,The molecule is the radioactive isotope of phosphorus with relative atomic mass.
765,The molecule is a carbohydrate acid derivative anion obtained by deprotonation of the proton at position 2. It has a role as a human metabolite. It is an enantiomer of a pyrrolidone.
766,The molecule is a dipeptide zwitterion obtained by transfer of a peptide to a polypeptide. It has a role as a human metabolite.
767,The molecule is the stable isotope of rubidium with relative atomic mass .
768,The molecule is the radioactive isotope of phosphorus with relative atomic mass.
769,"The molecule is a 2'-deoxycytidine phosphate that is oxoctadecyl-phosphate substituted by a hydroxy group at position 2. It has a role as a human metabolite. It is enantiomer of a 2-deoxy-oxonyl-1,2-dihydro-2,3-dihydroxy-2,2-deoxy-2,4-dichloro-1,3'-triphosphate."
770,The molecule is the cyclohexadienediol formed by dehydrocysteine. It has a role as a mouse metabolite.
771,The molecule is the radioactive isotope of phosphorus with relative atomic mass.
772,"The molecule is a 2-monolysocardiolipin(2-) obtained by formal condensation of the hydroxy group of pyridin-1-yl and the methyl group at position 2. It has a role as a human metabolite. It is an enantiomer of a pyrimidin-1,3."
773,The molecule is an organic anion resulting from the addition of an electron to a hydroxy group. It has a role as a human metabolite. It is a conjugate acid of an oxo group.
774,"The molecule is an organic anion that is the conjugate base of 3-amino-4-oxo-1,4-dihydro-3,5-diene substituted by a hydroxy group at position 4. It has a role as a plant metabolite. It is a conjugate acid of a 3-amine-4-one."
775,"The molecule is a tetracyclic terpene alkaloid that is 1,2,3-dihydro-1,4-diene substituted by methyl groups at positions 1 and 2 and a hydrogen at position 3. It has a role as a human metabolite. It is derived from a 1,3,4-deoxy-1,3-diene."
776,The molecule is a hydroxydocosahexaenoate that is methylpropanoate substituted by hydroxy groups at positions 1 and 2 and a hydrogen at position 3.
777,"The molecule is a 43-membered microcin composed of Glycine and Glycerol. It has a role as a plant metabolite. It is tetracycline, a member of phenols and a tertiary alcohol."
778,"The molecule is an RNA fragment comprised of guanosine, guanine, and guanyl. It has a role as a human metabolite. It is a conjugate acid of a glycine."
779,The molecule is a phenolate anion obtained by deprotonation of the phenolic hydrogen. It has a role as a human metabolite. It is oxoate and a member of phenols.
780,The molecule is a beta-amyloid that ia a 42 amino acid. It has a role as a plant metabolite. It is tautomer of a tetromer of an amyl-D-glucosamine.
781,The molecule is an organic nitrate salt that is the inorganic phosphate salt of potassium. It has a role as a plant metabolite. It derives from a phosphatidyl nitric acid.
782,"The molecule is a corticotropin-releasing hormone from sheep composed of Ser, G, and C. It has a role as a human metabolite. It is tautomer of a G, C, D, E, and a glutathione."
783,The molecule is a member of the class of acetylhexadecanoate that is acetic acid substituted by a hydroxy group at position 2 and a hydrogen at position 3. It has a role as a human metabolite. It is enantiomer of a 5-acetamide.
784,The molecule is a dihydrate of ceftibuten. It has a role as a human metabolite. It is an enantiomer of a ceftributene.
785,"The molecule is a steroid glycoside that is 3,6,7,8,10,13,14,16,19,20,21,22,23,24,27,28,30,40,50,60,70,80,100,000,00,000 and 2000, respectively. It has a role as a human metabolite. It is an enantiomer of a 1,6,7-dihydroxysteroid."
786,The molecule is a hydrochloride salt that is the hydroxy group of tetracycline. It has a role as a plant metabolite. It is an encainide salt and a member of phenols.
787,"The molecule is a corticotropin-releasing hormone from sheep composed of Ser, G, and C. It has a role as a mouse metabolite. It is tautomer of a ser, G and C-terminal agonist."
788,The molecule is a heterodetic cyclic polypeptide consisting of the linear hydroxy substituents at positions 1 and 2. It has a role as a mouse metabolite. It is tautomer of a cyclohexadecanoic acid.
789,The molecule is an alpha-D-Manp-(1->2)-alpha-L-cysteine that is a cyclohexadecanoic acid substituted by a 2-(2-methyl)-alkyl group at position 2 and a 3-(2-hydroxy)-methyl group at positions 2 and 3. It is derived from a D-Manpe.
790,"The molecule is a dithiol that is 1,2-dithio-1,2-diene substituted by a hydroxy group at position 2. It is derived from a 1,2-D-thio-2,2-dehydro-1-yl group. It has a role as a human metabolite."
791,The molecule is a 29-amino acid peptide hormone consisting of His-Alpha-D-glucosamine. It has a role as a human metabolite. It is enantiomer of a He-Aalpha-(2-).
792,The molecule is a carbohydrate acid derivative anion resulting from the deprotonation of the carboxy group at position 2. It has a role as a bacterial metabolite. It is an enantiomer of a diprotonic acid.
793,The molecule is an RNA fragment consisting of four guanosine and three guanine residues. It has a role as a human metabolite. It derives from a four-guanone.
794,The molecule is a heterodetic cyclic polypeptide consisting of the linear hydroxy substituents at positions 3 and 4 respectively. It has a role as a plant metabolite. It derives from a cyclohexadecane.
795,"The molecule is a dTDP-sugar having 4-dehydro-2,4-dihydro-3,4'-diene substituted by a 4-deoxy-(1-methyl)-D-glucosamine group. It has a role as a mouse metabolite. It derives from a D-glucosylated tetrahydro-4,4′-dine."
796,The molecule is a hydroxy monocarboxylic acid anion obtained by deprotonation of the carboxy group of octadecanoic acid. It has a role as a Saccharomyces cerevisiae metabolite. It is an enantiomer of a carboxylic acid.
797,The molecule is the radioactive isotope of silicon with relative atomic mass 30.
798,The molecule is a member of the class of benzenes that is benzofuran in which one of the hydroxy groups has been replaced by a hydroxy group. It has a role as a human metabolite. It is an enantiomer of a 2-hydroxybenzenyl-benzenone.
799,"The molecule is a 43-membered microcin composed of Gly, Gly and Gly. It has a role as a human metabolite. It is enantiomer of a glycerol."
800,The molecule is a member of the class of phenols that is phenol substituted by a hydroxy group at position 2. It has a role as a plant metabolite. It is an enantiomer of an phenol.
801,"The molecule is an N-carbamoyl-D-alpha-amino acid that is N-acetyl-2,4-dihydro-1,4,5-diene substituted by a hydroxy group at position 2. It has a role as a human metabolite. It is a conjugate acid of a D-acetic acid."
802,The molecule is a member of the class of phenols that is phenol in which one of the hydroxy groups has been replaced by a hydroxy group. It has a role as a plant metabolite. It derives from an phenol.
803,The molecule is a member of the class of phenols that is phenol in which one of the hydroxy groups has been replaced by a hydroxy group. It has a role as a human metabolite. It derives from a polyphenol.
804,The molecule is a C-nitro compound that is nitrobenzene in which each of the hydrogens at positions 1 and 2 have been replaced by a nitro group. It has a role as a human metabolite. It is an enantiomer of a N-nitrobenzoate.
805,The molecule is a phytofluene having (E)-double bonds at the 6-position. It has a role as a plant metabolite.
806,"The molecule is an organic anion that is the conjugate base of 3,6-dihydro-3,6-tetrahexan-2-one. It has a role as a human metabolite. It is a conjugate acid of a 3,6'-tetrohexahexyl-D-glucosamine."
807,The molecule is a heterodetic cyclic polypeptide consisting of the linear hydroxy group of the peptide. It has a role as a mouse metabolite.
808,The molecule is the radioactive isotope of phosphorus with relative atomic mass.
809,The molecule is the cyclohexadienediol formed by dehydrolysis of the carboxy group of hexanol. It has a role as a mouse metabolite. It is a conjugate acid of a heptadiene.
810,The molecule is an alpha-D-Manp-(1->2)-alpha-L-cysteine that is a cyclohexadecanoyl-(2->3)-dihydroxy-D-1-methyl-D-2-yl group in which one of the hydroxy groups has been replaced by a new hydroxy group. It has a role as a human metabolite. It is an enantiomer of a D-1-dimethicone.
811,The molecule is a quinoxaline derivative in which the hydroxy group at position 2 is replaced by a methyl group.
812,The molecule is a quaternary ammonium salt that is the tetrahexaenoic acid. It has a role as a mouse metabolite. It is quaterary ammonium salt and a member of phenols. It derives from an adenosine.
813,The molecule is the radioactive isotope of silicon with relative atomic mass 30.
814,The molecule is a member of the class of tetrahexaenoic acid that is tin substituted by a hydroxy group at position 2. It has a role as a plant metabolite. It is based on a beta-TetraHexanol. It derives from an acetate.
815,The molecule is a malate salt resulting from the reaction of equimolar sulfonate with a hydroxy group. It has a role as a human metabolite. It is an enantiomer of a 2-(2-(2-)-sulfur-2-yl)-malate salt.
816,The molecule is a quinoxaline derivative in which the hydroxy group at position 2 is replaced by a methyl group.
817,The molecule is a member of the class of phenols that is the conjugate base of CHEBI. It has a role as a plant metabolite. It derives from a phenol.
818,"The molecule is a 6-alkyl-4-hydroxy-2H-pyran-2-carboxylic acid that is 2-methyl-4-oxo-2-hydroxy-3-methyl-1,4-dihydro-1,5-diene substituted by a hydroxy group at position 2. It has a role as a mouse metabolite. It derives from a 2-methyl-3-octadecanoic acid."
819,"The molecule is an amino tetrasaccharide consisting of 2-acetyl-2,4-dioxadecanoic acid substituted by a hydroxy group at position 2. It has a role as a plant metabolite. It is an ammonium tetrosaccharide and a member of phenols."
820,The molecule is a member of the class of phenols that is phenol substituted by a hydroxy group at position 2. It has a role as a plant metabolite. It is an enantiomer of an phenol.
821,The molecule is a member of the class of phenols that is phenol substituted by a hydroxy group at position 2. It has a role as a plant metabolite. It is an enantiomer of an phenol.
822,The molecule is a hexachlorobiphenyl that is biphenylalanine substituted by methyl groups at positions 2 and 3 respectively. It has a role as a human metabolite. It is tautomer of a 2-(4-methyl)benzene.
823,The molecule is a macrolide consisting resulting from the formal lactonisation of the methyl group of octadecanoic acid. It has a role as a plant metabolite. It is an enantiomer of a hydroxy oxolide.
824,The molecule is a phytofluene having (E)-double bonds at the 6-position.
825,The molecule is the stable isotope of rubidium with relative atomic mass .
826,"The molecule is a corticotropin-releasing hormone from sheep composed of Ser, G, and C. It has a role as a human metabolite."
827,The molecule is a member of the class of phenols that is phenol substituted by a hydroxy group at position 2. It has a role as a human metabolite. It is an enantiomer of an phenol.
828,The molecule is a monohydroxypyridine that is pyridine in which the hydrogen at position 1 has been replaced by a hydroxy group. It has a role as a plant metabolite. It is oxopyridine and a member of pyramides.
829,The molecule is an arsonium ion consisting of four phenyl groups at positions 1 and 2. It has a role as a human metabolite. It derives from a methyl arsonum.
830,The molecule is a hexachlorobiphenyl that is biphenylalanine substituted by methyl groups at positions 1 and 2 and a 3-methylphenylethyl group at position 3. It has a role as a human metabolite. It is tautomer of a 2-methylhexadecanoate.
831,"The molecule is a corticotropin-releasing hormone from sheep composed of Ser, G, and C. It has a role as a human metabolite. It derives from a ser, a tetracycline and a coenzyme."
832,The molecule is a beta-amyloid that ia a 42 amino acid. It has a role as a human metabolite. It derives from a tetrahydrocysteine.
833,The molecule is the radioactive isotope of phosphorus with relative atomic mass.
834,The molecule is a tetraatomic molecule consisting of a linear triatomic atom in which a single atom is substituted by a hydrogen. It has a role as a mouse metabolite. It derives from a triatomic.
835,The molecule is a lipid A derivative in which an alpha-Neu5Ac is substituted by a beta-D-glucosamine. It has a role as a plant metabolite. It is tautomer of a N-glycerol.
836,"The molecule is a 3-oxo monocarboxylic acid that is butyl-1,4-dihydro-1,4,4-tetrahydro-3,5,6-diene substituted by a hydroxy group at position 2. It has a role as a human metabolite. It is enantiomer of a butyleric acid."
837,"The molecule is a heptitol that is hexane-1,2-dione substituted by methyl groups at positions 1 and 2 and a hydrogen at position 3. It has a role as a human metabolite. It derives from an adenosine."
838,The molecule is a terpene diterpenoid resulting from the formal oxidation of the methyl group at position 2. It has a role as a human metabolite. It is derived from a (S)-tetrahydropyrane.
839,The molecule is a member of the class of tetracyclines that is the tertiary amino compound of nitric acid. It has a role as a human metabolite. It is an enantiomer of a nitrate.
840,"The molecule is a member of the class of triazoles that is 1H-1,2-dihydro-1H-triazole substituted by a hydroxy group at position 2. It has a role as a human metabolite. It is tautomer of a 1H-2,3-dichloro-1,2,3-trihydro-2H-pyrrolidone."
841,"The molecule is an alpha-Neup5Ac-(2->3)-beta-(1->4)-(3->5)-(4->6)-(5->7)-(6->8)-(7->9)-(9->10)-(8->10), a cyclohexadecanoic acid oligosaccharide that is a beta-neup5ac-[2->3->4->3]-(10->10) oligonucleoprotein. It has a role as an epitope"
842,"The molecule is a 29-amino acid peptide consisting of His-A-D-glucosamine. It has a role as a human metabolite. It is an adenosine peptidyl-alpha-A, a 28-hydroxy peptidic peptidate and a member of acetylhexanes."
843,The molecule is a 1-acyl-sn-glycerol 3-phosphate consisting of a acyl group at position 3 and a 2-acyl-2-(2-methyl)-diacyl-3-phosphate. It has a role as a Saccharomyces cerevisiae metabolite.
844,The molecule is a piperidinium ion obtained by protonation of the carboxy group of piperidine.
845,"The molecule is conjugate base of glycerol 1,2-cyclic phosphate. It has a role as a human metabolite."
846,The molecule is a member of the class of phenols that is phenol substituted by a hydroxy group at position 2. It has a role as a human metabolite. It derives from an phenol.
847,"The molecule is a 43-membered microcin composed of Gly, Gly and Gly. It has a role as a plant metabolite. It derives from a glycerol."
848,"The molecule is a C20-gibberellin that is gibberellinic acid substituted by a hydroxy group at position 2. It has a role as a human metabolite. It is tetrahydrocysteine, a member of phenols and a carboxylic acid."
849,The molecule is the radioactive isotope of silicon with relative atomic mass 30. It has a role as a plant metabolite. It derives from a silicon.
850,The molecule is a monohydroxypyridine that is pyridine in which the hydrogen at position 2 has been replaced by a hydroxy group. It has a role as a human metabolite.
851,The molecule is a L-enantiomer of sulfonate. It has a role as a human metabolite. It derives from a S-sulfurate.
852,"The molecule is a DiHDPA obtained by formal dihydroxylation of the 19,20-dihydroxyphenyl group. It has a role as a human metabolite. It is an enantiomer of a dihydrophenylalanine."
853,"The molecule is a corticotropin-releasing hormone from sheep composed of Ser, G, and C. It has a role as a human metabolite. It is tautomer of a G, C, D, E, and a glucocorticoid."
854,The molecule is the stable isotope of niobium with relative atomic atomic distance.
855,The molecule is a sulfonyl-oxo compound that is the hydroxy group of sulphur. It has a role as a plant metabolite. It derives from a sulfur.
856,"The molecule is a corticotropin-releasing hormone from sheep composed of Ser, G, C, D, E, and C. It has a role as a human metabolite. It derives from a ser, a tetracycline and a glutathione."
857,The molecule is a cyclohexadienediol that is cyclopentadiene substituted by methyl groups at positions 1 and 2 and a methoxy group at position 3. It has a role as a human metabolite. It derives from a (S)-hexanol.
858,The molecule is a phytofluene having (E)-double bonds at the 6-position. It has a role as a plant metabolite.
859,The molecule is a member of the class of phenols that is phenol in which the hydroxy group at position 2 has been replaced by a new methyl group. It has a role as a human metabolite. It derives from a phenol.
860,The molecule is urea in which one of the hydrogens is substituted by a hydroxy group. It has a role as a mouse metabolite. It is a conjugate acid of a 2-hydroxyurea.
861,"The molecule is a hydroxyperoxide that is the hydride of a (14Z,16Z,17Z,18Z,19Z,20Z,23Z,24Z,26Z,27Z,28Z,30Z,31Z,32Z,33Z,34Z,35Z,36Z,37Z,38Z,39Z,40Z,42Z,43Z,44Z,46Z,47Z,48Z,49Z,50Z,60Z,70Z,80Z,90Z,13Z,14"
862,The molecule is the radioactive isotope of phosphorus with relative atomic mass.
863,The molecule is a phenolate anion obtained by deprotonation of the proton of the phenol. It has a role as a human metabolite. It is oxoate and a member of phenols. It derives from a proton.
864,The molecule is a polypeptide consisting of 31 amino acid residues in the sequence.
865,The molecule is the stable isotope of niobium with relative atomic atomic distance. It has a role as a plant metabolite. It is a conjugate acid of a tetrahydrobenzene.
866,The molecule is an organic nitrate salt that is the inorganic phosphate salt of potassium. It has a role as a plant metabolite. It derives from a potassium.
867,The molecule is a phosphoric acid monoester resulting from formal condensation of the alcohol and the phosphoryl group of phosphoryl. It has a role as a plant metabolite. It derives from an hydride of an octadecanoic acid.
868,The molecule is the radioactive isotope of hydrogen with relative atomic mass 3.01 and a hydroxy group at position 2. It has a role as a human metabolite. It is a conjugate acid of a hydrogen.
869,The molecule is a member of the class of cins that is cyclohexaenoic acid substituted by a methyl group at position 2. It has a role as a human metabolite. It is tetracycline and a monocarboxylic acid.
870,"The molecule is a cyclohexadienediol that is cyclopentadiene substituted by methyl groups at positions 1 and 2 and a methoxy group at position 3. It has a role as a human metabolite. It is enantiomer of a 1,2,3-dihydropentane(2-)."
871,The molecule is a beta-amyloid that ia a 42 amino acid. It has a role as a plant metabolite. It is tautomer of a tetromer of an amylated beta-Amyloid.
872,"The molecule is a metalloprotoporphyrin in which the four hydroxy groups at positions 1 and 2 have been replaced by methyl groups. It has a role as a plant metabolite. It is tautomer of a 1,2,3,4-dimethyl-1,2,3-dichloropropyl-D-glucosamine."
873,The molecule is a hexachlorobiphenyl that is biphenylalanine substituted by methyl groups at positions 1 and 2 and a hydrogen at position 3. It is derived from a monophenylanine. It has a role as a human metabolite. It is an enantiomer of a 2-methylalanine(2-).
874,The molecule is an acyl-CoA resulting from the formal condensation of the methyl group of octadecanoic acid. It has a role as a human metabolite. It is a conjugate acid of a benzene.
875,"The molecule is a branched heptasaccharide derivative comprising a 2-hydroxy-2-methyl-1,2-dihydro-2-yl group at position 2. It has a role as a plant metabolite. It is an enantiomer of a 3-hydroxy-2,2-dehydro-3,2-dien-2,3-dihydroxy-3,4-dichloro-2,5-diene. It derives from a monocarboxylic acid."
876,"The molecule is an organic sodium salt resulting from the formal reaction of equimolar sodium with a hydroxy group. It has a role as a mouse metabolite. It is a conjugate acid of a 2-hydroxy-2-hydroxy-3-hydroxy-4-hydroxy-1-methyl-1-yl-(1-hydroxy)-1-hydroxy-5-hydroxy-6-hydroxy-7-hydroxy-(2-hydroxy-2,3-dihydro)-2-oxo-2-methyl-2-yyl-1-octanoate."
877,The molecule is a cytochalasan alkaloid isolated from the bacterial metabolite tyrosine. It has a role as a human metabolites and a Saccharomyces cerevisiae xenobiotic. It is an enantiomer of a (S)-cysteine.
878,The molecule is a chromium group element that has atomic number 24. It derives from an oxo group.
879,The molecule is a fatty acid methyl ester resulting from the formal condensation of the methyl group of oleic acid. It has a role as a Saccharomyces cerevisiae metabolite and a human xenobiotic. It is an enantiomer of a (S)-ol.
880,The molecule is a sulfonyl-oxo compound that is the hydroxy group of sulphur. It has a role as a plant metabolite. It derives from a sulfur.
881,"The molecule is a tetrahydroperoxide that is the hydroxy group of a (1Z,2Z,3Z,4Z,5Z,6Z,7Z,8Z,9Z,10Z,14Z,16Z,19Z,20Z,21Z,22Z,23Z,24Z,26Z,27Z,28Z,25Z,29Z,30Z,40Z,50Z,60Z,70Z,80Z,11Z,12Z,13Z,15Z,17Z,18"
882,The molecule is a member of the class of cins that is cyclohexaenoic acid substituted by a methyl group at position 2. It has a role as a plant metabolite. It is tetracycline and a monocarboxylic acid.
883,The molecule is a quaternary ammonium salt that is the tetrahexanoate. It has a role as a plant metabolite. It is quaterary ammonium salt and a member of acetylsulfonates.
884,The molecule is a 2-deoxyribose triphosphate in which the carboxy group at position 2 is replaced by a hydroxy group. It has a role as a human metabolite. It is tautomer of a 3-deoxy-riboside.
885,"The molecule is a 43-membered microcin composed of Gly, Gly and Gly."
886,The molecule is the hydrochloride salt of (R)-cycrimine.
887,The molecule is a member of the class of cins that is C-cin substituted by a hydroxy group at position 2. It has a role as a plant metabolite. It is derived from a C-Cin.
888,The molecule is a heterocyclyl sulfate that is the methyl group of tetracyclohexan-2-one. It has a role as a human metabolite. It is an enantiomer of a tetrocyclic acid.
889,The molecule is an aminopyrimidine compound having its amino substituent at the 4-position together.
890,The molecule is the stable isotope of lithium with relative atomic mass 7.0160.
891,The molecule is a polypeptide consisting of 31 amino acid residues in the sequence.
892,The molecule is the radioactive isotope of phosphorus with relative atomic mass.
893,"The molecule is a beta-D-Galp-(1->4)-beta-D-2-(2->3)-dodecanoate having a hydroxy group at the 2-position. It has a role as a human metabolite. It is derived from a D-2-D-3-(3->4), a dicarboxylic acid and a G-protein."
894,The molecule is a carboxy-2-hydroxymuconate semialdehyde having a hydroxy substituent at the 2-position. It has a role as a plant metabolite. It is oxocarboxylic acid and a monocarboxamide.
895,The molecule is a member of the class of phenols that is phenol substituted by a hydroxy group at position 2 and a hydrogen at position 3. It has a role as a plant metabolite. It is enantiomer of a polyphenol.
896,The molecule is a C-nitro compound that is nitrobenzene substituted by a methyl group at position 2. It has a role as a human metabolite. It is tautomer of a (S)-nitrobenzoyl-(1-).
897,The molecule is a hydrate that is the monohydrate form of tetracycline sodium. It has a role as a human metabolite. It is an hydrate and a monohydrate.
898,"The molecule is a 43-membered microcin composed of Gly, Gly and Gly. It has a role as a human metabolite. It is tautomer of a Gly(2-)."
899,The molecule is a homodetic cyclic peptide consisting of a cyclohexadecanoyl residue attached to a 3-hydroxy group. It has a role as a mouse metabolite. It derives from an adenosine.
900,The molecule is a (14)C-modified compound that is erythromycin A substituted by a hydroxy group at position 2. It has a role as a human metabolite. It is derived from erythrin.
901,The molecule is a polysaccharide consisting of a sphingosine residue attached to a glycosyl group. It has a role as a mouse metabolite. It derives from an adenosine.
902,The molecule is a polypeptide consisting of 31 amino acid residues in the sequence.
903,The molecule is a 3-oxo monocarboxylic acid that is butyric acid substituted by a hydroxy group at position 2. It has a role as a human metabolite. It is tautomer of a butyronopyranoate.
904,The molecule is a member of the class of alpha-aluminiums that is eka-alumina substituted by a hydroxy group at position 2. It has a role as a human metabolite. It is tautomer of a beta-Alpha-Ala.
905,The molecule is a member of the class of phenols that is phenylalanine in which the hydroxy group has been replaced by a methyl group. It has a role as a human metabolite. It derives from an alanine.
906,The molecule is a member of the class of cins that is methylcin substituted by a methyl group at position 2. It has a role as a plant metabolite. It is tetracycline and a monocarboxylic acid.
907,The molecule is a beta-D-glucosiduronate that is the hydroxy group of D-glucuronate. It has a role as a human metabolite. It is an enantiomer of a D-glycoside.
908,"The molecule is a cyclohexane-1,2-diol that is 1,2-dichlorobenzene substituted at position 2 by a methoxy group. It has a role as a human metabolite. It derives from a 1,2-dehydrobenzone."
909,"The molecule is a steroid sulfate oxoanion that is sterol substituted at position 2 by a hydrogen. It has a role as a plant metabolite. It is tetrahydrosteroid, a member of sterosulfates and a monocarboxylic acid."
910,The molecule is a metalloporphyrin that is sirohydrochlorin substituted by a hydroxy group at position 2. It has a role as a plant metabolite. It is derived from a sironopyrane.
911,The molecule is a phytofluene having (E)-double bonds at the 6-position. It has a role as a plant metabolite.
912,The molecule is a corticotropin-releasing hormone that is the conjugate acid of tetracycline. It has a role as a human metabolite. It derives from a tertiary amino compound.
913,The molecule is a member of the class of phenols that is phenol in which one of the hydroxy groups has been replaced by a hydroxy group. It has a role as a plant metabolite. It derives from an phenol.
914,The molecule is the cyclohexadienediol formed by dehydrogenation of the carboxy group of hexanol. It has a role as a mouse metabolite. It is a conjugate acid of a methylhexenol(1-).
915,"The molecule is a conjugate base of (14Z,16Z,17Z,18Z,19Z,20Z) that is the hydroxy group of (13Z,14Z) and is used as a metabolite for the treatment of bacterial infections."
916,"The molecule is an amino tetrasaccharide that is 2-acetamido-2,4-diol substituted by a hydroxy group at position 2. It has a role as a human metabolite. It is an acetyl tautomer of a 2-aceto-2,4,4-D-acetamide."
917,The molecule is the stable isotope of hydrogen with relative atomic mass 2.014102.
918,The molecule is a cyclohexadienecarboxylic acid that is cyclopentadecanoic acid substituted by methyl groups at positions 1 and 2 and a 3-hydroxyphenyl group at position 3. It has a role as a mouse metabolite. It derives from an adenosine.
919,The molecule is a hydrochloride salt that is the hydroxy group of tetracarpine. It has a role as a human metabolite and an Escherichia coli drug.
920,The molecule is a triterpenoid obtained by methylation at position 20 of a tetrahydropyranol. It has a role as a human metabolite. It is an enantiomer of an acetate.
921,"The molecule is a chromium group element that has atomic number 24. It is an enantiomer of a 1,2,3,4-chromose."
922,"The molecule is a corticotropin-releasing hormone from sheep composed of Ser, G, and C. It has a role as a human metabolite. It derives from a ser, a tetracycline and a coenzyme."
923,The molecule is an RNA fragment comprised of four guanosine and three guanine. It has a role as a human metabolite. It is a conjugate acid of a guanidin.
924,"The molecule is a heptitol that is hexane-1,2-dione substituted by methyl groups at positions 1 and 2 and a hydrogen at position 3. It has a role as a human metabolite. It is tautomer of a 2-heptane-2,3-dideonyl-D-glucosamine."
925,The molecule is a hexachlorobiphenyl that is biphenylalanine substituted by methyl groups at positions 2 and 3 respectively. It has a role as a human metabolite. It is tautomer of a 2-(4-methyl)benzene.
926,The molecule is a tautomer of uric acid. It has a role as a human metabolite. It is derived from a monocarboxylic acid.
927,"The molecule is a 43-membered microcin composed of Gly, Gly and Gly. It has a role as a human metabolite. It derives from a glycerol."
928,The molecule is a member of the class of phenols that is phenol in which one of the hydrogens has been replaced by a hydroxy group. It has a role as a plant metabolite. It derives from an phenol.
929,"The molecule is a member of the class of alpha-aluminium that is eka-alpha-Alpha-D-glucosamine substituted by a hydroxy group at position 2 and a hydrogen at position 3. It has a role as a mouse metabolite. It derives from an alpha, a beta-Ala-Alanium."
930,The molecule is the furanose form of D-fructuronic acid. It has a role as a plant metabolite. It derives from a D-furanose.
931,The molecule is an aminopyrimidine compound having its amino substituent at the 4-position together. It has a role as a plant metabolite.
932,The molecule is a phytofluene having (E)-double bonds at the 6-position. It has a role as a plant metabolite.
933,The molecule is the stable isotope of sulfonyl with relative atomic mass 44. It has a role as a human metabolite. It is a conjugate base of a Sulfonic acid.
934,"The molecule is a polypeptide consisting of Gly, Gly and Gly-D-glucopyranosyl residues. It has a role as a mouse metabolite. It is tautomer of a peptide."
935,The molecule is the stable isotope of rubidium with relative atomic mass .
936,The molecule is a member of the class of phenols that is phenol in which one of the hydrogens has been replaced by a hydroxy group. It has a role as a plant metabolite.
937,The molecule is a member of the class of phenols that is phenol substituted by a hydroxy group at position 2. It has a role as a plant metabolite. It is an enantiomer of an phenol.
938,The molecule is a member of the class of phenols that is phenol substituted by a hydroxy group at position 2. It has a role as a plant metabolite. It is an enantiomer of an phenol.
939,"The molecule is the radioactive isotope of silicon with relative atomic mass 30. It has a role as a plant metabolite. It is a member of phenols, an organic ether and a tetracycline."
940,The molecule is the dianion formed by the formation of a hydroxy group at position 2. It has a role as a human metabolite. It is a conjugate acid of sulfonate(2-).
941,The molecule is a triatomic molecule that is the hydroxy group of a tetraatome. It has a role as a plant metabolite and an antibacterial agent. It derives from an acetate.
942,The molecule is the radioactive isotope of phosphorus with relative atomic mass.
943,The molecule is a member of the class of cyclohexaenes that is cyclopentane substituted by a methyl group at position 2. It has a role as a Saccharomyces cerevisiae metabolite. It is an enantiomer of a (S)-hexane.
944,The molecule is a long-chain primary fatty alcohol that is tricosane substituted by a hydroxy group at position 2. It is derived from a tricarboxylic acid. It is an enantiomer of a (S)-tricobutane.
945,The molecule is a hexacosahexanoate that is the conjugate base of adiol. It has a role as a Saccharomyces cerevisiae metabolite. It is an enoate and a carboxylic acid ketone.
946,The molecule is the stable isotope of niobium with relative atomic atomic distance.
947,The molecule is the stable isotope of silicon with relative atomic mass 27.97. It has a role as a plant metabolite. It is a conjugate base of a silicon.
948,"The molecule is a D-allose in open-chain form. It has a role as a mouse metabolite. It is tetrahydrocysteine, a tetrohydrocarboxylic acid and a member of phenols."
949,The molecule is a hexachlorobiphenyl that is biphenylalanine substituted by methyl groups at positions 1 and 2 and a hydrogen at position 3. It is derived from a monophenylethyl group. It has a role as a human metabolite. It is an enantiomer of a 2-methylalanine.
950,"The molecule is a nuclear particle of charge number +1, spin 1/2 and rest mass of 1.00."
951,The molecule is a hydrochloride salt obtained from equimola amounts of tetrahydrocarbamidopropane. It has a role as a human metabolite.
952,The molecule is the stable isotope of rubidium with relative atomic mass .
953,"The molecule is a N-acyl-(2S)-hydroxyglycinate that is N-acetyl-1,4-dihydro-1,5-diene substituted by a hydroxy group at position 2. It has a role as a human metabolite. It is an acyl-2,4'-dimethoxy-1,6-dine and a 2-hydroxy-1,3-didehydro-2,5'diene."
954,The molecule is the stable isotope of niobium with relative atomic atomic distance.
955,The molecule is a hydrochloride salt obtained by formal condensation of the hydroxy group of tetrahydropyrane. It has a role as a human metabolite.
956,The molecule is a member of the class of cins that is methylcin substituted by a methyl group at position 2. It has a role as a plant metabolite. It derives from an acetate.
957,The molecule is a member of the class of phenols that is phenol substituted by a hydroxy group at position 2. It has a role as a plant metabolite. It is an enantiomer of an phenol.
958,The molecule is a hydrochloride salt that is the hydroxy group of tetracarpine. It has a role as a human metabolite and an Escherichia coli drug.
959,The molecule is the stable isotope of niobium with relative atomic atomic distance. It has a role as a plant metabolite. It is a conjugate acid of a tetrahydrobenzene.
960,"The molecule is a 5-hydroxypenta-2,4-diene-1,2, having a hydroxy substituent at the 2-position. It has a role as a human metabolite. It is an enantiomer of a 3-hydroxypanta-2-dione-1,2."
961,The molecule is a spiroketal resulting from the formal condensation of the carboxy group of the tetracycline. It has a role as a human metabolite. It is an enantiomer of a carboxylic acid.
962,The molecule is a member of the class of phenols that is phenol in which one of the hydroxy groups has been replaced by a hydroxy group. It has a role as a plant metabolite. It derives from an phenol.
963,The molecule is a 13-HETE in which the stereocentre at position 13 has been replaced by a hydroxy group. It has a role as a mouse metabolite. It is tautomer of a 14-HET(2-).
964,The molecule is a member of the class of chloromethanes that is methane substituted by a methyl group at position 2. It has a role as a human metabolite. It is oxol and a chloromethyl ether.
965,"The molecule is a biaryl that is 5,5',7,7',8',9',10',11',12',13',14',15',16',17',18',19',20',21',22',23',24',26',27',28',29',30',31',32',33',34',36',37',38',39',40', epoxies. It has a role as an"
966,The molecule is an organic cation that is the conjugate acid of SB 224289. It has a role as a plant metabolite. It derives from a sulfonic acid.
967,The molecule is an abietane diterpenoid having a hydroxy group at position 2. It has a role as a human metabolite. It is a conjugate acid of a benzoyl-D-glucosamine.
968,The molecule is the stable isotope of copper with relative atomic mass 62.
969,The molecule is a member of the class of phenols that is phenol in which one of the hydroxy groups has been replaced by a hydroxy group. It has a role as a plant metabolite. It derives from an phenol.
970,"The molecule is a 39-membered polypeptide consisting of His, Ser, and Ser-S-S. It has a role as a mouse metabolite. It derives from a Ser, a sulfonyl peptide and a ser-S, an epoxide."
971,"The molecule is an epsilon-lactone that is hexadecanoic acid substituted by a methyl group at position 2. It is a conjugate acid of a 2-(2-(3-methyl)-2-(2-methyl)-3-methyl-1,4-dimethyl-1-yl)-1,5-dichloro-1,6-diketone."
972,The molecule is a terpene diterpenoid resulting from the formal deprotonation of the carboxy group of octadecane. It has a role as a human metabolite.
973,The molecule is a dendrimer macromolecule consisting of a malonamide substituted by a hydroxy group at position 2. It has a role as a plant metabolite. It is derived from a decanoic acid.
974,"The molecule is a corticotropin-releasing hormone from sheep composed of Ser, G, C, D, E, and C. It has a role as a human metabolite. It is tautomer of a sphingosine."
975,The molecule is a heterodetic cyclic polypeptide consisting of the linear hydroxy group of the peptide. It has a role as a mouse metabolite.
976,"The molecule is a 5-hydroxypenta-2,4-diene-1,2, having a hydroxy substituent at the 2-position. It has a role as a plant metabolite. It is tautomer of a 4-hydroxypanta-2-dione."
977,The molecule is the radioactive isotope of phosphorus with relative atomic mass.
978,The molecule is a member of the class of cins that is C-cin substituted by a methyl group at position 2. It has a role as a plant metabolite. It is derived from a C-lacin.
979,The molecule is an organic cation that is the conjugate acid of tetracycline.
980,The molecule is a 6-methoxy-3-methyl-2-all-trans-polymer obtained by formal condensation of the methyl group at position 2. It has a role as a mouse metabolite. It derives from a 5-methyl-2-alpha-D-glucosamine.
981,The molecule is a member of the class of phenols that is phenol in which one of the hydroxy groups has been replaced by a hydroxy group. It has a role as a plant metabolite.
982,The molecule is the cyclohexadienediol formed by dehydrodeoxy-D-glucosamine. It has a role as a mouse metabolite. It derives from a D-gluconic acid.
983,The molecule is a hexachlorobiphenyl that is biphenylalanine substituted by methyl groups at positions 1 and 2 and a hydrogen at position 3. It is derived from a monophenylethyl group. It has a role as a human metabolite. It is an enantiomer of a 2-methylalanine.
984,"The molecule is a cholesterol ester with the acyl group as (7Z,10Z,12Z) and the hydroxy group at position 7. It has a role as a human metabolite. It is an enantiomer of a cholestyl ester."
985,The molecule is an octatriacontapentaenoate that is oxopropanoate substituted by a hydroxy group at position 2. It has a role as a human metabolite. It is a conjugate acid of a 2-oxatriammonium.
986,The molecule is a chlorocyclohexene that is hexane substituted by a methyl group at position 2. It has a role as a human metabolite. It is tetracycline and a member of cyclic ketones.
987,"The molecule is a 43-membered microcin composed of Gly, Gly and Gly."
988,"The molecule is a cholesterol ester having a acyl group at the 5-position. It has a role as a human metabolite. It is tautomer of a (1Z,1Z,2Z,3Z,4Z,5Z,6Z,7Z,8Z,9Z,10Z)-cholesterol."
989,The molecule is an arsonium ion consisting of four phenyl groups at positions 1 and 2. It has a role as a human metabolite. It derives from a methyl arsonum.
990,"The molecule is an alpha-Neu5Ac-(2->8)-alpha-N-(1->3)-alphan-(2-)-alphen-(3->4)-aln-(4->6)-alen-(6->7)-alpen-(7->8) alphan-. It is a conjugate acid of a tetrahydro-1,3-dihydroxy-1,3,4-dichloro-2,4-D-glucosamine. It has a role as a human metabolite."
991,The molecule is a member of the class of phenols that is phenol in which one of the hydroxy groups has been replaced by a hydroxy group. It has a role as a plant metabolite. It derives from an phenol.
992,"The molecule is a corticotropin-releasing hormone from sheep composed of Ser, G, and C. It has a role as a human metabolite. It is tautomer of a ser, G and C-terminal agonist."
993,"The molecule is a thioxanthene that consists of a 1,2,3,4-dihydro-1,4-trimethyl-1,4,5,6-trihydroxy-1,6,7-trihexane substituted by a hydrogen at position 2 and a carboxy group at position 3. It is derived from a 2,3,4,5-triethanolamine. It has a role as a human metabolite."
994,"The molecule is a 43-membered microcin composed of Gly, Gly and Gly."
995,The molecule is a membered polypeptide consisting of L-tetrapeptide and L-cysteine. It has a role as a plant metabolite.
996,The molecule is a carbohydrate acid derivative anion obtained by deprotonation of the proton at position 2. It has a role as a human metabolite. It is an enantiomer of a dihydrocarboxylic acid.
997,The molecule is a hydrochloride salt that is the hydroxy group of tetracycline. It has a role as a human metabolite. It is an encainide salt and a tertiary alcohol.
998,The molecule is a single-stranded DNA oligonucleotide that is the methyl group of a tetracycline.
999,"The molecule is a steroid that is sterol substituted by hydroxy groups at positions 1 and 2 and a 5-hydroxy group at position 3. It has a role as a human metabolite. It is tetrasteroid, a member of sterosins and oxosteroids."
